{
  "type": "FeatureCollection",
  "features": [
    {
      "type": "Feature",
      "properties": {
        "id": 226927,
        "level": "district",
        "name_ru": "район Кунцево",
        "parent_id": 226149,
        "bbox": [
          36.8880788,
          55.705302,
          37.4476114,
          55.8126881
        ]
      },
      "geometry": {
        "type": "MultiPolygon",
        "coordinates": [
          [
            [
              [
                36.9127025,
                55.7475113
              ],
              [
                36.9080791,
                55.7487516
              ],
              [
                36.9077905,
                55.747319399999995
              ],
              [
                36.90604909999999,
                55.74695659999998
              ],
              [
                36.9052217,
                55.74561359999999
              ],
              [
                36.9047551,
                55.74539430000001
              ],
              [
                36.9028742,
                55.744912299999996
              ],
              [
                36.8997474,
                55.7453672
              ],
              [
                36.8996801,
                55.744695699999994
              ],
              [
                36.8992375,
                55.7441731
              ],
              [
                36.8992568,
                55.743642400000006
              ],
              [
                36.8989441,
                55.7432985
              ],
              [
                36.8989633,
                55.742659399999994
              ],
              [
                36.8986506,
                55.7424076
              ],
              [
                36.898583300000006,
                55.74180640000001
              ],
              [
                36.8971979,
                55.742445499999995
              ],
              [
                36.89687080000001,
                55.74216929999999
              ],
              [
                36.89912209999999,
                55.7411836
              ],
              [
                36.899218299999994,
                55.7410401
              ],
              [
                36.9000553,
                55.73837809999999
              ],
              [
                36.8999879,
                55.7377037
              ],
              [
                36.9003343,
                55.736801899999996
              ],
              [
                36.9005548,
                55.735164099999984
              ],
              [
                36.89993019999999,
                55.735141699999986
              ],
              [
                36.9000938,
                55.7347273
              ],
              [
                36.8998773,
                55.7346569
              ],
              [
                36.8997282,
                55.7337604
              ],
              [
                36.8983105,
                55.7332947
              ],
              [
                36.89726209999999,
                55.73345799999999
              ],
              [
                36.89727649999999,
                55.73331
              ],
              [
                36.8969771,
                55.73331769999999
              ],
              [
                36.8955145,
                55.733550400000006
              ],
              [
                36.8952917,
                55.73374859999999
              ],
              [
                36.8949457,
                55.7338233
              ],
              [
                36.89361639999999,
                55.7338769
              ],
              [
                36.8923239,
                55.73376199999999
              ],
              [
                36.891725199999996,
                55.7338233
              ],
              [
                36.8904871,
                55.733601099999994
              ],
              [
                36.89003809999999,
                55.73435949999999
              ],
              [
                36.8893441,
                55.73403009999999
              ],
              [
                36.8889768,
                55.73420629999998
              ],
              [
                36.8885414,
                55.73485749999999
              ],
              [
                36.8880788,
                55.7344361
              ],
              [
                36.889140100000006,
                55.733639399999994
              ],
              [
                36.8895754,
                55.73302660000001
              ],
              [
                36.89242589999999,
                55.7333675
              ],
              [
                36.896064499999994,
                55.73327259999999
              ],
              [
                36.9015629,
                55.73240859999998
              ],
              [
                36.904074,
                55.7321513
              ],
              [
                36.9076385,
                55.732243399999994
              ],
              [
                36.9093029,
                55.732091699999984
              ],
              [
                36.91089999999999,
                55.732449200000005
              ],
              [
                36.9141952,
                55.732839199999994
              ],
              [
                36.916056,
                55.7325922
              ],
              [
                36.9177549,
                55.732078099999995
              ],
              [
                36.9188421,
                55.7313956
              ],
              [
                36.918914199999996,
                55.7310489
              ],
              [
                36.9193905,
                55.7312466
              ],
              [
                36.91757900000001,
                55.73307589999999
              ],
              [
                36.9177111,
                55.7334413
              ],
              [
                36.92087080000001,
                55.73289700000001
              ],
              [
                36.92184159999999,
                55.733885799999996
              ],
              [
                36.9217882,
                55.734142
              ],
              [
                36.9237123,
                55.7368148
              ],
              [
                36.91623789999999,
                55.73690179999999
              ],
              [
                36.910926,
                55.7362016
              ],
              [
                36.9107236,
                55.7362346
              ],
              [
                36.9102614,
                55.736513299999984
              ],
              [
                36.91012369999999,
                55.736857
              ],
              [
                36.9104673,
                55.73856509999999
              ],
              [
                36.9101722,
                55.738687599999984
              ],
              [
                36.906772100000005,
                55.738601499999994
              ],
              [
                36.9063896,
                55.7395704
              ],
              [
                36.9052964,
                55.74054370000001
              ],
              [
                36.904718,
                55.7408697
              ],
              [
                36.9047674,
                55.7413271
              ],
              [
                36.9075798,
                55.7414589
              ],
              [
                36.9080318,
                55.741245299999996
              ],
              [
                36.90877489999999,
                55.7403209
              ],
              [
                36.90944369999999,
                55.73909419999999
              ],
              [
                36.9105616,
                55.73859279999999
              ],
              [
                36.9101958,
                55.73685929999999
              ],
              [
                36.91034520000001,
                55.7365454
              ],
              [
                36.9107647,
                55.736282499999994
              ],
              [
                36.9111845,
                55.73627179999999
              ],
              [
                36.9162043,
                55.736954199999985
              ],
              [
                36.92402189999999,
                55.7368892
              ],
              [
                36.932498499999994,
                55.74211949999999
              ],
              [
                36.9331864,
                55.7426073
              ],
              [
                36.9340787,
                55.7435035
              ],
              [
                36.93462279999999,
                55.744643
              ],
              [
                36.934905099999995,
                55.74590549999999
              ],
              [
                36.93765499999999,
                55.75391869999999
              ],
              [
                36.9393699,
                55.753759599999995
              ],
              [
                36.9408181,
                55.7539135
              ],
              [
                36.941063899999996,
                55.754316299999985
              ],
              [
                36.943631499999995,
                55.75466109999999
              ],
              [
                36.943810799999994,
                55.7536499
              ],
              [
                36.9448021,
                55.7521716
              ],
              [
                36.94566,
                55.751227799999995
              ],
              [
                36.9480606,
                55.75183460000001
              ],
              [
                36.948236,
                55.7517362
              ],
              [
                36.94860789999999,
                55.751187099999996
              ],
              [
                36.94810129999999,
                55.75076999999998
              ],
              [
                36.948386299999996,
                55.7504932
              ],
              [
                36.94796879999999,
                55.75032049999999
              ],
              [
                36.9484381,
                55.7500398
              ],
              [
                36.9467093,
                55.74913529999999
              ],
              [
                36.9463198,
                55.749000499999994
              ],
              [
                36.9461216,
                55.7491337
              ],
              [
                36.9449958,
                55.748582
              ],
              [
                36.944602,
                55.74822609999999
              ],
              [
                36.944873699999995,
                55.74796709999999
              ],
              [
                36.9458608,
                55.747483
              ],
              [
                36.9448014,
                55.7469737
              ],
              [
                36.9453832,
                55.7455499
              ],
              [
                36.9432126,
                55.74339899999999
              ],
              [
                36.9438571,
                55.74323249999999
              ],
              [
                36.94262260000001,
                55.74208279999999
              ],
              [
                36.941123,
                55.742321700000005
              ],
              [
                36.940881299999994,
                55.7390788
              ],
              [
                36.9407418,
                55.73894949999999
              ],
              [
                36.94026050000001,
                55.7388538
              ],
              [
                36.9396924,
                55.7388605
              ],
              [
                36.9370984,
                55.73928389999998
              ],
              [
                36.936665700000006,
                55.739518
              ],
              [
                36.936006899999995,
                55.739558499999994
              ],
              [
                36.9352279,
                55.7371427
              ],
              [
                36.9460306,
                55.7367582
              ],
              [
                36.9468661,
                55.73585229999999
              ],
              [
                36.9469268,
                55.734535799999996
              ],
              [
                36.94727449999999,
                55.733889
              ],
              [
                36.9476722,
                55.7317613
              ],
              [
                36.96199779999999,
                55.7327527
              ],
              [
                36.9629358,
                55.734304599999994
              ],
              [
                36.9635419,
                55.734984499999996
              ],
              [
                36.963878699999995,
                55.73509549999999
              ],
              [
                36.96362369999999,
                55.7354693
              ],
              [
                36.9636478,
                55.735902599999996
              ],
              [
                36.9638402,
                55.73615989999998
              ],
              [
                36.968214,
                55.73732089999999
              ],
              [
                36.9719209,
                55.73808789999999
              ],
              [
                36.973712299999995,
                55.738291100000005
              ],
              [
                36.9763911,
                55.738421699999996
              ],
              [
                36.9761795,
                55.73873319999999
              ],
              [
                36.9759101,
                55.73867899999998
              ],
              [
                36.9753461,
                55.73924529999999
              ],
              [
                36.975221,
                55.73921829999999
              ],
              [
                36.97515369999999,
                55.7393726
              ],
              [
                36.9753365,
                55.739416
              ],
              [
                36.9751873,
                55.739681299999994
              ],
              [
                36.97488909999999,
                55.7396001
              ],
              [
                36.9748602,
                55.7398384
              ],
              [
                36.9754663,
                55.74009029999999
              ],
              [
                36.9743208,
                55.74110569999999
              ],
              [
                36.97758369999999,
                55.74215559999999
              ],
              [
                36.980686399999996,
                55.739582999999996
              ],
              [
                36.9812348,
                55.739025199999986
              ],
              [
                36.9813821,
                55.73866569999999
              ],
              [
                36.98217089999999,
                55.7388546
              ],
              [
                36.9820939,
                55.738968299999996
              ],
              [
                36.9828107,
                55.73921039999999
              ],
              [
                36.98323810000001,
                55.7387938
              ],
              [
                36.987998299999994,
                55.739556
              ],
              [
                36.9900524,
                55.73964799999998
              ],
              [
                36.9905671,
                55.73991609999999
              ],
              [
                36.989143199999994,
                55.7414516
              ],
              [
                36.9901775,
                55.741844199999996
              ],
              [
                36.99046609999999,
                55.7418469
              ],
              [
                36.9927944,
                55.7414164
              ],
              [
                36.9940932,
                55.7405823
              ],
              [
                36.9925202,
                55.7398484
              ],
              [
                36.9911203,
                55.73959929999999
              ],
              [
                36.9906152,
                55.739588499999996
              ],
              [
                36.9903988,
                55.739718399999994
              ],
              [
                36.9900668,
                55.7395749
              ],
              [
                36.9899225,
                55.7393474
              ],
              [
                36.989023,
                55.7394124
              ],
              [
                36.988109,
                55.7393556
              ],
              [
                36.983952699999996,
                55.73852960000001
              ],
              [
                36.9844386,
                55.7381613
              ],
              [
                36.98455409999999,
                55.7381884
              ],
              [
                36.9856075,
                55.737032
              ],
              [
                36.9895569,
                55.73473799999999
              ],
              [
                36.99010049999999,
                55.7350657
              ],
              [
                36.9908798,
                55.7346242
              ],
              [
                36.9923999,
                55.7356209
              ],
              [
                36.9918082,
                55.73592159999999
              ],
              [
                36.9935304,
                55.7374355
              ],
              [
                36.99438179999999,
                55.73801769999999
              ],
              [
                36.995343899999995,
                55.738339999999994
              ],
              [
                36.9959019,
                55.738388799999996
              ],
              [
                37.0025452,
                55.73984029999999
              ],
              [
                37.0045512,
                55.73987009999999
              ],
              [
                37.0056864,
                55.7396562
              ],
              [
                37.005114,
                55.738015
              ],
              [
                37.0031706,
                55.73517129999999
              ],
              [
                37.0023432,
                55.735130700000006
              ],
              [
                36.9993559,
                55.7383563
              ],
              [
                36.9965947,
                55.7366338
              ],
              [
                36.99601259999999,
                55.7369615
              ],
              [
                36.995445,
                55.736641999999996
              ],
              [
                36.9949399,
                55.73688029999999
              ],
              [
                36.9942712,
                55.736528199999995
              ],
              [
                36.9954305,
                55.735918799999986
              ],
              [
                36.99085579999999,
                55.73346229999999
              ],
              [
                36.9935544,
                55.7315609
              ],
              [
                36.98771659999999,
                55.72859669999999
              ],
              [
                36.9856481,
                55.7273289
              ],
              [
                36.984974599999994,
                55.7273343
              ],
              [
                36.98451279999999,
                55.72868879999999
              ],
              [
                36.9839163,
                55.72955019999999
              ],
              [
                36.9827233,
                55.730178599999995
              ],
              [
                36.9806645,
                55.7321126
              ],
              [
                36.98035660000001,
                55.73274639999999
              ],
              [
                36.98071259999999,
                55.733179799999995
              ],
              [
                36.9803951,
                55.73399769999998
              ],
              [
                36.9797216,
                55.73475609999999
              ],
              [
                36.9776723,
                55.73555779999999
              ],
              [
                36.9738432,
                55.7362565
              ],
              [
                36.9706298,
                55.73636489999999
              ],
              [
                36.9671855,
                55.73602359999999
              ],
              [
                36.9652517,
                55.735449399999986
              ],
              [
                36.9646841,
                55.73509189999999
              ],
              [
                36.9632698,
                55.7337161
              ],
              [
                36.9628561,
                55.732778899999985
              ],
              [
                36.9627503,
                55.73124579999999
              ],
              [
                36.9620864,
                55.7299294
              ],
              [
                36.96254819999999,
                55.72969100000001
              ],
              [
                36.9633949,
                55.7295068
              ],
              [
                36.962221099999994,
                55.7279574
              ],
              [
                36.96256749999999,
                55.727773199999994
              ],
              [
                36.9633564,
                55.7277461
              ],
              [
                36.966136799999994,
                55.7279574
              ],
              [
                36.9664447,
                55.7280549
              ],
              [
                36.9668969,
                55.7280549
              ],
              [
                36.9679937,
                55.72780569999999
              ],
              [
                36.9702257,
                55.72663000000001
              ],
              [
                36.97037009999999,
                55.72669499999999
              ],
              [
                36.9722269,
                55.72578479999999
              ],
              [
                36.9751613,
                55.7250859
              ],
              [
                36.9762966,
                55.72415389999999
              ],
              [
                36.9768546,
                55.7243056
              ],
              [
                36.9773645,
                55.724197299999986
              ],
              [
                36.977403,
                55.72351459999999
              ],
              [
                36.97869219999999,
                55.72337369999999
              ],
              [
                36.9815688,
                55.7225447
              ],
              [
                36.9834257,
                55.721493499999994
              ],
              [
                36.984647499999994,
                55.7209462
              ],
              [
                36.9852055,
                55.7213417
              ],
              [
                36.9912379,
                55.7189466
              ],
              [
                36.99287339999999,
                55.718821999999996
              ],
              [
                36.99518239999999,
                55.718881599999996
              ],
              [
                36.99670249999999,
                55.719260899999995
              ],
              [
                36.99758769999999,
                55.719667300000005
              ],
              [
                36.9980591,
                55.72001959999999
              ],
              [
                36.9989827,
                55.72104910000001
              ],
              [
                36.9998871,
                55.7229565
              ],
              [
                37.0003585,
                55.7232599
              ],
              [
                37.006073300000004,
                55.7253243
              ],
              [
                37.0067179,
                55.724793299999995
              ],
              [
                37.0065411,
                55.72368149999999
              ],
              [
                37.0069629,
                55.723420999999995
              ],
              [
                37.0070581,
                55.72320259999999
              ],
              [
                37.0088337,
                55.723103
              ],
              [
                37.0093235,
                55.7229842
              ],
              [
                37.0093575,
                55.72268919999999
              ],
              [
                37.008901699999996,
                55.721754299999986
              ],
              [
                37.0083235,
                55.71981929999999
              ],
              [
                37.00887449999999,
                55.719849999999994
              ],
              [
                37.0096637,
                55.719700499999995
              ],
              [
                37.0103644,
                55.71986529999999
              ],
              [
                37.01083379999999,
                55.7202753
              ],
              [
                37.011378,
                55.720451499999996
              ],
              [
                37.01214,
                55.720424699999995
              ],
              [
                37.0119699,
                55.720290600000006
              ],
              [
                37.0127999,
                55.71856629999999
              ],
              [
                37.0116706,
                55.7158647
              ],
              [
                37.0147591,
                55.71621729999999
              ],
              [
                37.0173715,
                55.71566159999999
              ],
              [
                37.01641909999999,
                55.7133891
              ],
              [
                37.0152694,
                55.7114997
              ],
              [
                37.01486119999999,
                55.71122379999999
              ],
              [
                37.0148396,
                55.710763299999996
              ],
              [
                37.0197019,
                55.7107038
              ],
              [
                37.0229192,
                55.710107099999995
              ],
              [
                37.02425229999999,
                55.7095857
              ],
              [
                37.0234357,
                55.70901549999999
              ],
              [
                37.0207248,
                55.70841589999999
              ],
              [
                37.0206459,
                55.706919299999996
              ],
              [
                37.0159304,
                55.7070567
              ],
              [
                37.0158612,
                55.7066014
              ],
              [
                37.01523529999999,
                55.7066014
              ],
              [
                37.01523529999999,
                55.70668189999999
              ],
              [
                37.013521,
                55.7067854
              ],
              [
                37.013521,
                55.707295200000004
              ],
              [
                37.0094324,
                55.7074907
              ],
              [
                37.0110855,
                55.7104036
              ],
              [
                37.013024400000006,
                55.7103538
              ],
              [
                37.013221599999994,
                55.71215889999999
              ],
              [
                37.01193589999999,
                55.7146499
              ],
              [
                37.0110243,
                55.715228599999996
              ],
              [
                37.0078132,
                55.7147496
              ],
              [
                37.0066907,
                55.715830299999986
              ],
              [
                37.005058,
                55.71544699999998
              ],
              [
                37.005024,
                55.71525929999999
              ],
              [
                37.00379949999999,
                55.7145618
              ],
              [
                37.0042348,
                55.714351
              ],
              [
                37.0033505,
                55.713803
              ],
              [
                37.00297629999999,
                55.71416319999999
              ],
              [
                37.00220749999999,
                55.7138413
              ],
              [
                36.9995067,
                55.7134466
              ],
              [
                36.99897609999999,
                55.713186
              ],
              [
                36.9991054,
                55.7124847
              ],
              [
                36.99928899999999,
                55.712450200000006
              ],
              [
                36.99926179999999,
                55.712323699999985
              ],
              [
                37.000017,
                55.711561
              ],
              [
                37.00037749999999,
                55.71151499999999
              ],
              [
                37.0009354,
                55.7119328
              ],
              [
                37.002078299999994,
                55.711936599999994
              ],
              [
                37.0013258,
                55.711126699999994
              ],
              [
                37.00336409999999,
                55.7107485
              ],
              [
                37.0029355,
                55.7098747
              ],
              [
                37.0021191,
                55.709736699999986
              ],
              [
                37.0019422,
                55.709583399999985
              ],
              [
                37.0020443,
                55.70808480000001
              ],
              [
                37.000241499999994,
                55.707885399999995
              ],
              [
                36.999411499999994,
                55.70930739999999
              ],
              [
                36.9975067,
                55.711059000000006
              ],
              [
                36.9979693,
                55.7113234
              ],
              [
                36.9980305,
                55.712289199999994
              ],
              [
                36.997908,
                55.712477
              ],
              [
                36.9961256,
                55.7120708
              ],
              [
                36.995880699999994,
                55.7123122
              ],
              [
                36.9940099,
                55.711997899999986
              ],
              [
                36.9937174,
                55.712316
              ],
              [
                36.992969,
                55.71220109999999
              ],
              [
                36.992853399999994,
                55.7123007
              ],
              [
                36.9920438,
                55.7120899
              ],
              [
                37.0001598,
                55.707390999999994
              ],
              [
                37.0007993,
                55.7071457
              ],
              [
                37.0014524,
                55.70704989999999
              ],
              [
                37.0029219,
                55.70700389999999
              ],
              [
                37.0023572,
                55.7062488
              ],
              [
                37.0032212,
                55.70623729999999
              ],
              [
                37.003711,
                55.70603409999998
              ],
              [
                37.004173599999994,
                55.7054131
              ],
              [
                37.0136502,
                55.705302
              ],
              [
                37.01723539999999,
                55.7053671
              ],
              [
                37.0174123,
                55.70655539999999
              ],
              [
                37.02008589999999,
                55.7064787
              ],
              [
                37.0201063,
                55.70679309999999
              ],
              [
                37.026858999999995,
                55.7066214
              ],
              [
                37.0344352,
                55.70662170000001
              ],
              [
                37.0344063,
                55.706812199999995
              ],
              [
                37.033759999999994,
                55.706819899999985
              ],
              [
                37.0337804,
                55.7071993
              ],
              [
                37.0350798,
                55.70711889999999
              ],
              [
                37.0352703,
                55.70750219999999
              ],
              [
                37.033664699999996,
                55.7084489
              ],
              [
                37.0333042,
                55.70900459999999
              ],
              [
                37.032644299999994,
                55.70933809999999
              ],
              [
                37.0291475,
                55.711817799999984
              ],
              [
                37.0289366,
                55.711836999999996
              ],
              [
                37.0283176,
                55.71155719999999
              ],
              [
                37.0284574,
                55.7110331
              ],
              [
                37.027562599999996,
                55.710491099999984
              ],
              [
                37.026716,
                55.7108271
              ],
              [
                37.0262926,
                55.71031760000001
              ],
              [
                37.0270286,
                55.70997069999999
              ],
              [
                37.0266438,
                55.7095588
              ],
              [
                37.0261964,
                55.7095317
              ],
              [
                37.0246619,
                55.7097268
              ],
              [
                37.0251622,
                55.71049920000001
              ],
              [
                37.02666299999999,
                55.71185149999999
              ],
              [
                37.02751450000001,
                55.712328499999984
              ],
              [
                37.03384030000001,
                55.713986899999995
              ],
              [
                37.035394,
                55.7110656
              ],
              [
                37.0367891,
                55.709761999999984
              ],
              [
                37.0379436,
                55.7091739
              ],
              [
                37.03996879999999,
                55.7088433
              ],
              [
                37.04648219999999,
                55.70907089999999
              ],
              [
                37.05230279999999,
                55.70931219999999
              ],
              [
                37.0545397,
                55.7097566
              ],
              [
                37.0566082,
                55.71068619999999
              ],
              [
                37.0583929,
                55.712051999999986
              ],
              [
                37.0591818,
                55.713401600000005
              ],
              [
                37.05964839999999,
                55.715764500000006
              ],
              [
                37.05963880000001,
                55.71756919999999
              ],
              [
                37.0601391,
                55.7188833
              ],
              [
                37.0616544,
                55.72037350000001
              ],
              [
                37.0633044,
                55.72117819999999
              ],
              [
                37.0654114,
                55.7217228
              ],
              [
                37.0679025,
                55.722878099999996
              ],
              [
                37.0698828,
                55.721701399999986
              ],
              [
                37.0788462,
                55.7154165
              ],
              [
                37.081210399999996,
                55.7155937
              ],
              [
                37.089135899999995,
                55.7155304
              ],
              [
                37.093865099999995,
                55.7156629
              ],
              [
                37.0963994,
                55.7155826
              ],
              [
                37.096402399999995,
                55.716299899999996
              ],
              [
                37.1006802,
                55.7162262
              ],
              [
                37.1041179,
                55.7163682
              ],
              [
                37.1056197,
                55.71613389999998
              ],
              [
                37.105807299999995,
                55.7157871
              ],
              [
                37.1065818,
                55.71580059999999
              ],
              [
                37.1076764,
                55.7160637
              ],
              [
                37.10766679999999,
                55.71563819999999
              ],
              [
                37.1130095,
                55.7161027
              ],
              [
                37.1120866,
                55.717062599999984
              ],
              [
                37.1148678,
                55.718593399999996
              ],
              [
                37.1167376,
                55.719940099999995
              ],
              [
                37.11856079999999,
                55.720760999999996
              ],
              [
                37.1188975,
                55.7208232
              ],
              [
                37.11948439999999,
                55.72001319999999
              ],
              [
                37.120384,
                55.720213699999995
              ],
              [
                37.123062299999994,
                55.721204699999994
              ],
              [
                37.1211007,
                55.7223188
              ],
              [
                37.1192901,
                55.72386149999999
              ],
              [
                37.1229851,
                55.725674699999985
              ],
              [
                37.1262274,
                55.726987199999996
              ],
              [
                37.1277753,
                55.72808229999999
              ],
              [
                37.126869899999996,
                55.728826
              ],
              [
                37.1228579,
                55.732867299999995
              ],
              [
                37.121587999999996,
                55.7338884
              ],
              [
                37.1220161,
                55.734860799999986
              ],
              [
                37.11692179999999,
                55.736586
              ],
              [
                37.1165394,
                55.7370063
              ],
              [
                37.11640229999999,
                55.7375041
              ],
              [
                37.112909900000005,
                55.7377207
              ],
              [
                37.111625499999995,
                55.73800779999999
              ],
              [
                37.1120055,
                55.738462799999986
              ],
              [
                37.112068099999995,
                55.738998999999986
              ],
              [
                37.1073875,
                55.74157430000001
              ],
              [
                37.106757300000005,
                55.7418316
              ],
              [
                37.0969672,
                55.74379029999999
              ],
              [
                37.093016299999995,
                55.74348079999999
              ],
              [
                37.0924909,
                55.74364869999999
              ],
              [
                37.08978389999999,
                55.74131929999999
              ],
              [
                37.08945889999999,
                55.741247699999995
              ],
              [
                37.0858717,
                55.74163799999999
              ],
              [
                37.0853064,
                55.740670099999996
              ],
              [
                37.0847483,
                55.740159999999996
              ],
              [
                37.0841621,
                55.73916799999999
              ],
              [
                37.0843966,
                55.7391323
              ],
              [
                37.084327,
                55.739038300000004
              ],
              [
                37.08244799999999,
                55.73737659999999
              ],
              [
                37.081503,
                55.7361524
              ],
              [
                37.07966369999999,
                55.735738100000006
              ],
              [
                37.080054,
                55.7356345
              ],
              [
                37.0800213,
                55.7354973
              ],
              [
                37.0803827,
                55.7353694
              ],
              [
                37.080015,
                55.7351446
              ],
              [
                37.0794847,
                55.7354089
              ],
              [
                37.0802613,
                55.734362399999995
              ],
              [
                37.0807327,
                55.73380179999998
              ],
              [
                37.081954200000006,
                55.7327901
              ],
              [
                37.082353999999995,
                55.7325818
              ],
              [
                37.0847676,
                55.732006399999996
              ],
              [
                37.085842199999995,
                55.731609299999995
              ],
              [
                37.0871812,
                55.73089289999999
              ],
              [
                37.0877789,
                55.73072399999999
              ],
              [
                37.0886372,
                55.73054890000001
              ],
              [
                37.0907037,
                55.730444299999995
              ],
              [
                37.0913412,
                55.7302886
              ],
              [
                37.0943494,
                55.7287203
              ],
              [
                37.0958803,
                55.730610899999995
              ],
              [
                37.09669699999999,
                55.7306011
              ],
              [
                37.0968781,
                55.73091730000001
              ],
              [
                37.0961019,
                55.73094379999999
              ],
              [
                37.096265499999994,
                55.73170999999999
              ],
              [
                37.0999867,
                55.73174970000001
              ],
              [
                37.1013881,
                55.73220649999998
              ],
              [
                37.1032833,
                55.7326267
              ],
              [
                37.105010899999996,
                55.732485799999985
              ],
              [
                37.1051824,
                55.73263869999999
              ],
              [
                37.1026168,
                55.734075399999995
              ],
              [
                37.10287009999999,
                55.7342177
              ],
              [
                37.1038985,
                55.73396919999998
              ],
              [
                37.1050672,
                55.7339193
              ],
              [
                37.1062965,
                55.73419589999999
              ],
              [
                37.10766519999999,
                55.734767399999996
              ],
              [
                37.1079917,
                55.73446109999999
              ],
              [
                37.1102543,
                55.73322879999999
              ],
              [
                37.1110085,
                55.732284499999984
              ],
              [
                37.1124987,
                55.73321709999998
              ],
              [
                37.1158835,
                55.73617339999999
              ],
              [
                37.1194743,
                55.73478899999999
              ],
              [
                37.1206477,
                55.73278929999999
              ],
              [
                37.12031579999999,
                55.73177220000001
              ],
              [
                37.1197426,
                55.73125009999999
              ],
              [
                37.1159645,
                55.72874469999999
              ],
              [
                37.115877899999994,
                55.7287935
              ],
              [
                37.1145485,
                55.7279445
              ],
              [
                37.1139183,
                55.727761199999996
              ],
              [
                37.1125706,
                55.727123199999994
              ],
              [
                37.1112407,
                55.726713199999985
              ],
              [
                37.1081949,
                55.7263805
              ],
              [
                37.10793679999999,
                55.72645429999999
              ],
              [
                37.104137,
                55.726449499999994
              ],
              [
                37.1034417,
                55.72599000000001
              ],
              [
                37.1018562,
                55.72593119999999
              ],
              [
                37.1017724,
                55.7256202
              ],
              [
                37.0969849,
                55.7261353
              ],
              [
                37.0962231,
                55.7265165
              ],
              [
                37.0950375,
                55.728227399999994
              ],
              [
                37.09380070000001,
                55.7282672
              ],
              [
                37.093230999999996,
                55.72786699999999
              ],
              [
                37.0897205,
                55.727755899999984
              ],
              [
                37.0888284,
                55.727919799999995
              ],
              [
                37.088474100000006,
                55.727369999999986
              ],
              [
                37.0851969,
                55.7280204
              ],
              [
                37.0809928,
                55.728076699999995
              ],
              [
                37.079058999999994,
                55.72846839999998
              ],
              [
                37.075769,
                55.72985099999998
              ],
              [
                37.0737775,
                55.73013809999999
              ],
              [
                37.0718966,
                55.7298104
              ],
              [
                37.070237,
                55.72901939999999
              ],
              [
                37.0697223,
                55.7278654
              ],
              [
                37.069299,
                55.725985399999985
              ],
              [
                37.06936629999999,
                55.724273299999986
              ],
              [
                37.0691643,
                55.723471399999994
              ],
              [
                37.0682754,
                55.723129199999995
              ],
              [
                37.0680006,
                55.7233204
              ],
              [
                37.0653773,
                55.722370099999985
              ],
              [
                37.06458529999999,
                55.72319049999999
              ],
              [
                37.0548139,
                55.723697099999995
              ],
              [
                37.05203509999999,
                55.72231989999999
              ],
              [
                37.0501149,
                55.72204619999999
              ],
              [
                37.048983,
                55.7219833
              ],
              [
                37.0488262,
                55.7213876
              ],
              [
                37.0542571,
                55.72035699999999
              ],
              [
                37.0532376,
                55.7187425
              ],
              [
                37.0525396,
                55.7183531
              ],
              [
                37.0509752,
                55.71841829999999
              ],
              [
                37.04714379999999,
                55.71884299999999
              ],
              [
                37.045020599999994,
                55.71865979999998
              ],
              [
                37.0442479,
                55.718763499999994
              ],
              [
                37.0423662,
                55.7194069
              ],
              [
                37.04217669999999,
                55.7191502
              ],
              [
                37.0415476,
                55.71931210000001
              ],
              [
                37.04097579999999,
                55.719285199999995
              ],
              [
                37.04098869999999,
                55.719547999999996
              ],
              [
                37.0416978,
                55.7195534
              ],
              [
                37.04219,
                55.719442799999996
              ],
              [
                37.0427511,
                55.720213099999995
              ],
              [
                37.042658499999995,
                55.72102809999999
              ],
              [
                37.0447642,
                55.72080309999998
              ],
              [
                37.0465689,
                55.7212581
              ],
              [
                37.0473855,
                55.72184519999999
              ],
              [
                37.0476795,
                55.722396999999994
              ],
              [
                37.047757499999996,
                55.72352399999998
              ],
              [
                37.0467747,
                55.72682309999999
              ],
              [
                37.04466049999999,
                55.728132099999996
              ],
              [
                37.043381,
                55.7285276
              ],
              [
                37.0414517,
                55.730353699999995
              ],
              [
                37.0401433,
                55.73121510000001
              ],
              [
                37.038907,
                55.7316322
              ],
              [
                37.0359293,
                55.73218479999999
              ],
              [
                37.03473149999999,
                55.73196269999999
              ],
              [
                37.0332835,
                55.7318949
              ],
              [
                37.03162869999999,
                55.7321631
              ],
              [
                37.0297623,
                55.7322119
              ],
              [
                37.0272512,
                55.73352009999999
              ],
              [
                37.0240186,
                55.7322579
              ],
              [
                37.0233049,
                55.7331091
              ],
              [
                37.02395119999999,
                55.7334849
              ],
              [
                37.0248364,
                55.7337855
              ],
              [
                37.0257407,
                55.73401839999998
              ],
              [
                37.0267846,
                55.734137600000004
              ],
              [
                37.0282566,
                55.7340049
              ],
              [
                37.0290407,
                55.73382879999998
              ],
              [
                37.02911770000001,
                55.7339643
              ],
              [
                37.02890119999999,
                55.7341051
              ],
              [
                37.0284442,
                55.7340726
              ],
              [
                37.027804399999994,
                55.73421069999999
              ],
              [
                37.025404,
                55.734381400000004
              ],
              [
                37.0250817,
                55.734427399999994
              ],
              [
                37.025125,
                55.734530299999996
              ],
              [
                37.0219665,
                55.734913899999995
              ],
              [
                37.02252469999999,
                55.7356818
              ],
              [
                37.022688,
                55.7363439
              ],
              [
                37.0229166,
                55.7365324
              ],
              [
                37.0242715,
                55.7408832
              ],
              [
                37.0238426,
                55.7429299
              ],
              [
                37.0204704,
                55.74541829999999
              ],
              [
                37.0202347,
                55.74500129999999
              ],
              [
                37.01633339999999,
                55.74626039999999
              ],
              [
                37.0123022,
                55.746455399999995
              ],
              [
                37.0124514,
                55.74665029999999
              ],
              [
                37.011479699999995,
                55.74654199999999
              ],
              [
                37.0114941,
                55.7464174
              ],
              [
                37.0112199,
                55.74638499999999
              ],
              [
                37.01119099999999,
                55.74649329999998
              ],
              [
                37.0106282,
                55.7463443
              ],
              [
                37.0104743,
                55.7463308
              ],
              [
                37.0104695,
                55.74642829999999
              ],
              [
                37.01018079999999,
                55.74638769999999
              ],
              [
                37.010176,
                55.7463037
              ],
              [
                37.0099307,
                55.74627389999999
              ],
              [
                37.0099692,
                55.746059999999986
              ],
              [
                37.0095362,
                55.746043799999995
              ],
              [
                37.009517,
                55.74620629999999
              ],
              [
                37.00879059999999,
                55.7460898
              ],
              [
                37.0068953,
                55.745331699999994
              ],
              [
                37.006775,
                55.745442700000005
              ],
              [
                37.0066403,
                55.74539399999999
              ],
              [
                37.0035761,
                55.74341729999999
              ],
              [
                37.0037492,
                55.74331979999999
              ],
              [
                37.00350389999999,
                55.743146499999995
              ],
              [
                37.003528,
                55.742943399999994
              ],
              [
                37.00279199999999,
                55.7425941
              ],
              [
                37.00220029999999,
                55.7419307
              ],
              [
                37.0019886,
                55.7419848
              ],
              [
                37.0016663,
                55.74164369999998
              ],
              [
                37.00137289999999,
                55.74165719999999
              ],
              [
                36.999275499999996,
                55.74227459999999
              ],
              [
                36.999131199999994,
                55.7424398
              ],
              [
                36.99949199999999,
                55.7431492
              ],
              [
                37.000107699999994,
                55.742970500000006
              ],
              [
                36.9993813,
                55.7434931
              ],
              [
                36.999395799999995,
                55.7436096
              ],
              [
                36.9998383,
                55.743690799999996
              ],
              [
                36.9999057,
                55.74357169999999
              ],
              [
                37.0006561,
                55.74367449999999
              ],
              [
                37.0012334,
                55.74418359999999
              ],
              [
                37.0007667,
                55.74438130000001
              ],
              [
                37.0009544,
                55.74499049999999
              ],
              [
                37.0015124,
                55.74539939999999
              ],
              [
                37.002070399999994,
                55.7456512
              ],
              [
                37.00252739999999,
                55.7453804
              ],
              [
                37.0030084,
                55.745421
              ],
              [
                37.003018000000004,
                55.7455402
              ],
              [
                37.00569269999999,
                55.74685879999999
              ],
              [
                37.007939199999996,
                55.74774959999999
              ],
              [
                37.0081556,
                55.747727899999994
              ],
              [
                37.0060342,
                55.74959599999998
              ],
              [
                37.0045814,
                55.74856719999998
              ],
              [
                37.001291099999996,
                55.74833709999999
              ],
              [
                36.998934,
                55.74767099999999
              ],
              [
                36.9986934,
                55.747865999999995
              ],
              [
                36.9959948,
                55.7473461
              ],
              [
                36.99501339999999,
                55.74830459999999
              ],
              [
                36.9942101,
                55.7484562
              ],
              [
                36.9926082,
                55.7491656
              ],
              [
                36.99203090000001,
                55.74888669999998
              ],
              [
                36.9915739,
                55.74882709999999
              ],
              [
                36.99178559999999,
                55.74868639999999
              ],
              [
                36.9926467,
                55.74906539999999
              ],
              [
                36.9951626,
                55.74769
              ],
              [
                36.993349,
                55.74695349999998
              ],
              [
                36.9926707,
                55.74519899999999
              ],
              [
                36.9922041,
                55.745150299999985
              ],
              [
                36.9920502,
                55.7447089
              ],
              [
                36.9901741,
                55.744757699999994
              ],
              [
                36.9882726,
                55.744932299999995
              ],
              [
                36.98724500000001,
                55.7448121
              ],
              [
                36.9861771,
                55.7445116
              ],
              [
                36.985008099999995,
                55.74548359999999
              ],
              [
                36.9873989,
                55.74646649999999
              ],
              [
                36.9878944,
                55.7470892
              ],
              [
                36.9911174,
                55.748432199999996
              ],
              [
                36.9899966,
                55.749398699999986
              ],
              [
                36.9899437,
                55.7490549
              ],
              [
                36.98955399999999,
                55.748713699999996
              ],
              [
                36.9888469,
                55.748613599999985
              ],
              [
                36.987235399999996,
                55.749111699999986
              ],
              [
                36.9845415,
                55.750259699999994
              ],
              [
                36.98730749999999,
                55.751786599999996
              ],
              [
                36.98737489999999,
                55.75193819999999
              ],
              [
                36.986711,
                55.7528776
              ],
              [
                36.9869564,
                55.754664199999986
              ],
              [
                36.9827135,
                55.7576446
              ],
              [
                36.9832042,
                55.757874699999995
              ],
              [
                36.9833726,
                55.75777449999999
              ],
              [
                36.984074899999996,
                55.75810469999999
              ],
              [
                36.9833966,
                55.7585486
              ],
              [
                36.9836419,
                55.758684
              ],
              [
                36.9822613,
                55.7590873
              ],
              [
                36.981982300000006,
                55.759366099999994
              ],
              [
                36.978754499999994,
                55.76048659999999
              ],
              [
                36.9757432,
                55.7583754
              ],
              [
                36.974935,
                55.75721419999999
              ],
              [
                36.9807915,
                55.7559098
              ],
              [
                36.9801621,
                55.754206100000005
              ],
              [
                36.9776597,
                55.751584199999996
              ],
              [
                36.9781789,
                55.75118469999999
              ],
              [
                36.9780557,
                55.75110829999999
              ],
              [
                36.9768203,
                55.75122160000001
              ],
              [
                36.9756051,
                55.75156679999999
              ],
              [
                36.973225299999996,
                55.752029699999994
              ],
              [
                36.9718338,
                55.7521907
              ],
              [
                36.972176999999995,
                55.75280089999998
              ],
              [
                36.972292499999995,
                55.7533992
              ],
              [
                36.9720134,
                55.7539217
              ],
              [
                36.9717064,
                55.7524008
              ],
              [
                36.9713387,
                55.7518573
              ],
              [
                36.97106449999999,
                55.751846400000005
              ],
              [
                36.9703896,
                55.74954259999999
              ],
              [
                36.9681319,
                55.74954979999999
              ],
              [
                36.9682773,
                55.748792299999984
              ],
              [
                36.9675509,
                55.7479259
              ],
              [
                36.9669592,
                55.7474575
              ],
              [
                36.9644145,
                55.747676799999994
              ],
              [
                36.96445779999999,
                55.7477932
              ],
              [
                36.9616341,
                55.7491957
              ],
              [
                36.96128769999999,
                55.7492769
              ],
              [
                36.9612733,
                55.74946909999999
              ],
              [
                36.9590075,
                55.74987519999999
              ],
              [
                36.95998409999999,
                55.75050059999999
              ],
              [
                36.9606094,
                55.7506549
              ],
              [
                36.9581946,
                55.7512045
              ],
              [
                36.9574345,
                55.751948999999996
              ],
              [
                36.9563714,
                55.753965799999996
              ],
              [
                36.9570319,
                55.754421799999996
              ],
              [
                36.9579204,
                55.75576329999999
              ],
              [
                36.9574778,
                55.7572277
              ],
              [
                36.9569246,
                55.75820759999999
              ],
              [
                36.95710739999999,
                55.7582455
              ],
              [
                36.9576558,
                55.7572223
              ],
              [
                36.95826189999999,
                55.75727639999999
              ],
              [
                36.959046,
                55.75610439999999
              ],
              [
                36.9593587,
                55.755276
              ],
              [
                36.97065849999999,
                55.75574979999999
              ],
              [
                36.9718082,
                55.757945
              ],
              [
                36.9704276,
                55.75842679999999
              ],
              [
                36.968056000000004,
                55.76003729999999
              ],
              [
                36.9448744,
                55.756304699999994
              ],
              [
                36.937538399999994,
                55.755026999999984
              ],
              [
                36.9332186,
                55.75440710000001
              ],
              [
                36.9329204,
                55.752636599999995
              ],
              [
                36.931915,
                55.7526014
              ],
              [
                36.9285044,
                55.75117469999999
              ],
              [
                36.9220199,
                55.74729229999999
              ],
              [
                36.92101929999999,
                55.7465802
              ],
              [
                36.9159827,
                55.74667229999999
              ],
              [
                36.9127025,
                55.7475113
              ]
            ]
          ],
          [
            [
              [
                37.3818603,
                55.7642238
              ],
              [
                37.36538819999999,
                55.771812100000005
              ],
              [
                37.36525989999999,
                55.771727999999996
              ],
              [
                37.36675639999999,
                55.7709031
              ],
              [
                37.3664095,
                55.7703678
              ],
              [
                37.36652670000001,
                55.770008399999995
              ],
              [
                37.36737300000001,
                55.76962150000001
              ],
              [
                37.368644399999994,
                55.76869
              ],
              [
                37.36860779999999,
                55.76694089999999
              ],
              [
                37.3668393,
                55.765736399999994
              ],
              [
                37.366306,
                55.7646072
              ],
              [
                37.3656124,
                55.7644124
              ],
              [
                37.3657364,
                55.76420459999999
              ],
              [
                37.3667278,
                55.76431879999999
              ],
              [
                37.367905,
                55.76413549999999
              ],
              [
                37.3681563,
                55.76377599999999
              ],
              [
                37.36787199999999,
                55.76303709999999
              ],
              [
                37.368489,
                55.76255649999999
              ],
              [
                37.368565100000005,
                55.756875599999994
              ],
              [
                37.3683119,
                55.75012999999999
              ],
              [
                37.36894769999999,
                55.74598199999999
              ],
              [
                37.370409,
                55.7425274
              ],
              [
                37.3735547,
                55.73649379999999
              ],
              [
                37.3745176,
                55.7343246
              ],
              [
                37.3739842,
                55.7329321
              ],
              [
                37.3739824,
                55.73251289999999
              ],
              [
                37.3741806,
                55.732150799999985
              ],
              [
                37.3747956,
                55.731873599999986
              ],
              [
                37.3757427,
                55.73188749999999
              ],
              [
                37.3772042,
                55.7290798
              ],
              [
                37.3797597,
                55.7287091
              ],
              [
                37.381908900000006,
                55.72870399999999
              ],
              [
                37.3835869,
                55.7289426
              ],
              [
                37.387254299999995,
                55.7297079
              ],
              [
                37.3888771,
                55.729884599999984
              ],
              [
                37.39085380000001,
                55.729920899999996
              ],
              [
                37.3937499,
                55.7296279
              ],
              [
                37.4128741,
                55.7270669
              ],
              [
                37.440094,
                55.72680909999999
              ],
              [
                37.4476114,
                55.726911199999996
              ],
              [
                37.445448,
                55.731941400000004
              ],
              [
                37.444202,
                55.733578699999995
              ],
              [
                37.443446699999996,
                55.734240699999994
              ],
              [
                37.4423309,
                55.7349656
              ],
              [
                37.4379546,
                55.73725859999999
              ],
              [
                37.4396575,
                55.73840209999999
              ],
              [
                37.4398821,
                55.7388563
              ],
              [
                37.439490799999994,
                55.73970789999999
              ],
              [
                37.4332033,
                55.7426361
              ],
              [
                37.43199679999999,
                55.7445586
              ],
              [
                37.4308635,
                55.74532179999999
              ],
              [
                37.431439899999994,
                55.74578379999999
              ],
              [
                37.4291285,
                55.74697669999999
              ],
              [
                37.428659,
                55.746703199999985
              ],
              [
                37.42658599999999,
                55.74772939999999
              ],
              [
                37.4234593,
                55.745872399999996
              ],
              [
                37.4220752,
                55.744826200000006
              ],
              [
                37.3818603,
                55.7642238
              ]
            ]
          ],
          [
            [
              [
                37.31189479999999,
                55.79785649999999
              ],
              [
                37.3102961,
                55.79767549999999
              ],
              [
                37.3079191,
                55.797228200000006
              ],
              [
                37.308042799999996,
                55.796974299999995
              ],
              [
                37.309111699999995,
                55.7971293
              ],
              [
                37.3093743,
                55.7958481
              ],
              [
                37.3097394,
                55.79601819999999
              ],
              [
                37.311677399999994,
                55.7963949
              ],
              [
                37.311440299999994,
                55.79679469999999
              ],
              [
                37.3118836,
                55.7968584
              ],
              [
                37.3126617,
                55.7956909
              ],
              [
                37.3137376,
                55.7959892
              ],
              [
                37.31364279999999,
                55.79612879999999
              ],
              [
                37.3137882,
                55.7962856
              ],
              [
                37.315274,
                55.7968902
              ],
              [
                37.3155449,
                55.796614
              ],
              [
                37.3152007,
                55.79616299999999
              ],
              [
                37.3162922,
                55.7963769
              ],
              [
                37.316539999999996,
                55.7962386
              ],
              [
                37.3167382,
                55.79579119999999
              ],
              [
                37.31842999999999,
                55.79642609999998
              ],
              [
                37.319386,
                55.79663759999999
              ],
              [
                37.31915089999999,
                55.797272899999996
              ],
              [
                37.320955,
                55.797820300000005
              ],
              [
                37.3216559,
                55.797762399999996
              ],
              [
                37.3235735,
                55.79711659999999
              ],
              [
                37.32408379999999,
                55.79711659999999
              ],
              [
                37.3247538,
                55.7968559
              ],
              [
                37.3250064,
                55.796429999999994
              ],
              [
                37.32452709999999,
                55.79628799999999
              ],
              [
                37.3244085,
                55.79638649999998
              ],
              [
                37.324728099999994,
                55.796600899999994
              ],
              [
                37.3246147,
                55.7966965
              ],
              [
                37.3233931,
                55.79700359999999
              ],
              [
                37.32329519999999,
                55.79689929999999
              ],
              [
                37.3231509,
                55.7970297
              ],
              [
                37.32132109999999,
                55.7962358
              ],
              [
                37.32131079999999,
                55.796128599999996
              ],
              [
                37.3179918,
                55.795027099999984
              ],
              [
                37.31706979999999,
                55.7950391
              ],
              [
                37.3169585,
                55.79475159999998
              ],
              [
                37.314388699999995,
                55.793686099999995
              ],
              [
                37.3158938,
                55.79300509999999
              ],
              [
                37.3164556,
                55.79287759999998
              ],
              [
                37.3164453,
                55.7927791
              ],
              [
                37.316043199999996,
                55.7926661
              ],
              [
                37.3115333,
                55.792587899999994
              ],
              [
                37.3100592,
                55.7920866
              ],
              [
                37.3112292,
                55.7912347
              ],
              [
                37.3124868,
                55.7909797
              ],
              [
                37.312821899999996,
                55.7908116
              ],
              [
                37.31325999999999,
                55.790307399999996
              ],
              [
                37.314115599999994,
                55.789835
              ],
              [
                37.3148423,
                55.78876280000001
              ],
              [
                37.315399,
                55.7884035
              ],
              [
                37.3154144,
                55.788241199999995
              ],
              [
                37.314527899999995,
                55.788241199999995
              ],
              [
                37.3145898,
                55.7880644
              ],
              [
                37.314115599999994,
                55.7880586
              ],
              [
                37.312880099999994,
                55.78779029999999
              ],
              [
                37.310606,
                55.7844642
              ],
              [
                37.3115518,
                55.7841496
              ],
              [
                37.3118433,
                55.7801654
              ],
              [
                37.313145799999994,
                55.779751299999994
              ],
              [
                37.3128271,
                55.7863845
              ],
              [
                37.3222352,
                55.783358699999994
              ],
              [
                37.3284094,
                55.78108639999999
              ],
              [
                37.3278009,
                55.780016
              ],
              [
                37.3268031,
                55.779328099999994
              ],
              [
                37.32513589999999,
                55.77904939999999
              ],
              [
                37.324336599999995,
                55.778602500000005
              ],
              [
                37.323466599999996,
                55.777705499999996
              ],
              [
                37.3240236,
                55.7775334
              ],
              [
                37.3229729,
                55.77673349999999
              ],
              [
                37.322415,
                55.776944699999994
              ],
              [
                37.3153018,
                55.77460339999998
              ],
              [
                37.3108516,
                55.7754361
              ],
              [
                37.3098117,
                55.77197209999999
              ],
              [
                37.309290999999995,
                55.77110089999999
              ],
              [
                37.3084937,
                55.7705913
              ],
              [
                37.311442099999994,
                55.76944949999999
              ],
              [
                37.31275649999999,
                55.769081
              ],
              [
                37.31603509999999,
                55.76914929999999
              ],
              [
                37.31893689999999,
                55.76950649999999
              ],
              [
                37.3207023,
                55.76682069999998
              ],
              [
                37.3287193,
                55.767293099999996
              ],
              [
                37.3296449,
                55.76742649999999
              ],
              [
                37.3305401,
                55.76784579999999
              ],
              [
                37.332247499999994,
                55.767983999999984
              ],
              [
                37.3322456,
                55.76824839999999
              ],
              [
                37.332412000000005,
                55.7682964
              ],
              [
                37.3323383,
                55.76868809999999
              ],
              [
                37.3321112,
                55.768689
              ],
              [
                37.33195859999999,
                55.7713753
              ],
              [
                37.3323016,
                55.77193409999999
              ],
              [
                37.33665419999999,
                55.771180099999995
              ],
              [
                37.3382839,
                55.7712914
              ],
              [
                37.3395161,
                55.7707177
              ],
              [
                37.33925429999999,
                55.770598799999995
              ],
              [
                37.3403335,
                55.770403599999995
              ],
              [
                37.3383438,
                55.76927659999999
              ],
              [
                37.3398609,
                55.7690197
              ],
              [
                37.3444969,
                55.7685981
              ],
              [
                37.3445145,
                55.76975649999999
              ],
              [
                37.3459158,
                55.769557199999994
              ],
              [
                37.34706709999999,
                55.7695512
              ],
              [
                37.3477342,
                55.7701624
              ],
              [
                37.3481056,
                55.7700806
              ],
              [
                37.3484687,
                55.77017450000001
              ],
              [
                37.34874260000001,
                55.7706853
              ],
              [
                37.3486378,
                55.7707327
              ],
              [
                37.350630599999995,
                55.77287869999999
              ],
              [
                37.352439499999996,
                55.773762399999995
              ],
              [
                37.3522538,
                55.77646979999999
              ],
              [
                37.35239,
                55.77751
              ],
              [
                37.3521939,
                55.7776802
              ],
              [
                37.352452899999996,
                55.77781559999999
              ],
              [
                37.3522319,
                55.77802719999999
              ],
              [
                37.3555297,
                55.780143900000006
              ],
              [
                37.3605084,
                55.78309869999999
              ],
              [
                37.3604851,
                55.7834239
              ],
              [
                37.3594889,
                55.78396709999999
              ],
              [
                37.3616346,
                55.78505809999999
              ],
              [
                37.36654219999999,
                55.786714299999986
              ],
              [
                37.3670921,
                55.78698690000001
              ],
              [
                37.3705101,
                55.7880302
              ],
              [
                37.3705061,
                55.7882383
              ],
              [
                37.3699897,
                55.78876009999999
              ],
              [
                37.3687828,
                55.78957439999999
              ],
              [
                37.368010299999995,
                55.789921199999995
              ],
              [
                37.36118369999999,
                55.79161579999999
              ],
              [
                37.3606125,
                55.7916811
              ],
              [
                37.3578174,
                55.79256829999998
              ],
              [
                37.35310929999999,
                55.794368099999986
              ],
              [
                37.3486793,
                55.796421099999996
              ],
              [
                37.349948299999994,
                55.7969932
              ],
              [
                37.352094,
                55.79714700000001
              ],
              [
                37.3538935,
                55.798864999999985
              ],
              [
                37.3575402,
                55.8000128
              ],
              [
                37.3594884,
                55.80125459999999
              ],
              [
                37.3590548,
                55.8023681
              ],
              [
                37.3582512,
                55.8033426
              ],
              [
                37.3578356,
                55.8033099
              ],
              [
                37.3577996,
                55.8034326
              ],
              [
                37.3574977,
                55.8034784
              ],
              [
                37.3571808,
                55.8037046
              ],
              [
                37.3494535,
                55.806478399999996
              ],
              [
                37.3478479,
                55.80664929999999
              ],
              [
                37.3427758,
                55.8051114
              ],
              [
                37.3361042,
                55.802065799999994
              ],
              [
                37.334998799999994,
                55.801096900000005
              ],
              [
                37.33448599999999,
                55.799610799999996
              ],
              [
                37.32515049999999,
                55.8005495
              ],
              [
                37.32179,
                55.80075219999999
              ],
              [
                37.3205736,
                55.8005552
              ],
              [
                37.3204547,
                55.80037419999999
              ],
              [
                37.3195118,
                55.80050889999999
              ],
              [
                37.3163677,
                55.7993964
              ],
              [
                37.314769899999995,
                55.799257299999994
              ],
              [
                37.3143061,
                55.798133199999995
              ],
              [
                37.31189479999999,
                55.79785649999999
              ]
            ]
          ],
          [
            [
              [
                37.2941174,
                55.7967126
              ],
              [
                37.2944097,
                55.79678719999999
              ],
              [
                37.2944673,
                55.79671669999999
              ],
              [
                37.30235389999999,
                55.798633499999994
              ],
              [
                37.302922699999996,
                55.802477200000006
              ],
              [
                37.3035641,
                55.80355879999999
              ],
              [
                37.2996863,
                55.8035219
              ],
              [
                37.2977692,
                55.80335399999999
              ],
              [
                37.2954221,
                55.80299749999999
              ],
              [
                37.290502,
                55.80198969999999
              ],
              [
                37.29326449999999,
                55.7980647
              ],
              [
                37.2931684,
                55.7963971
              ],
              [
                37.2941684,
                55.7966347
              ],
              [
                37.2941174,
                55.7967126
              ]
            ]
          ],
          [
            [
              [
                37.3738627,
                55.812591700000006
              ],
              [
                37.3717466,
                55.8092419
              ],
              [
                37.3729467,
                55.80877169999999
              ],
              [
                37.37284629999999,
                55.8079891
              ],
              [
                37.3729752,
                55.80745469999999
              ],
              [
                37.3720858,
                55.80339289999998
              ],
              [
                37.3724263,
                55.803314099999994
              ],
              [
                37.3723787,
                55.80317480000001
              ],
              [
                37.3735617,
                55.80298679999999
              ],
              [
                37.37380139999999,
                55.8035562
              ],
              [
                37.3744014,
                55.80384359999999
              ],
              [
                37.3752774,
                55.8045172
              ],
              [
                37.37582329999999,
                55.8043714
              ],
              [
                37.37605729999999,
                55.8046013
              ],
              [
                37.3754202,
                55.80476819999999
              ],
              [
                37.376167,
                55.805729
              ],
              [
                37.37788299999999,
                55.8056213
              ],
              [
                37.378571599999994,
                55.80568
              ],
              [
                37.3791232,
                55.806543799999986
              ],
              [
                37.37786859999999,
                55.806985499999996
              ],
              [
                37.3778959,
                55.807694199999986
              ],
              [
                37.378280499999995,
                55.80844279999999
              ],
              [
                37.378641099999996,
                55.80836569999999
              ],
              [
                37.3793519,
                55.8091719
              ],
              [
                37.3804959,
                55.80902279999999
              ],
              [
                37.38061989999999,
                55.8093712
              ],
              [
                37.38495549999999,
                55.80906159999999
              ],
              [
                37.38505129999999,
                55.8093072
              ],
              [
                37.38072809999999,
                55.809657399999985
              ],
              [
                37.3810808,
                55.81064539999999
              ],
              [
                37.3796746,
                55.8106902
              ],
              [
                37.3801967,
                55.8113191
              ],
              [
                37.3792076,
                55.81164819999999
              ],
              [
                37.377447399999994,
                55.8126881
              ],
              [
                37.3764306,
                55.81208719999999
              ],
              [
                37.3738627,
                55.812591700000006
              ]
            ]
          ]
        ]
      }
    },
    {
      "type": "Feature",
      "properties": {
        "id": 240229,
        "level": "district",
        "name_ru": "район Крылатское",
        "parent_id": 226149,
        "bbox": [
          37.36538819999999,
          55.744826200000006,
          37.46466279999999,
          55.77727649999999
        ]
      },
      "geometry": {
        "type": "MultiPolygon",
        "coordinates": [
          [
            [
              [
                37.36538819999999,
                55.771812100000005
              ],
              [
                37.3818603,
                55.7642238
              ],
              [
                37.4220752,
                55.744826200000006
              ],
              [
                37.4234593,
                55.745872399999996
              ],
              [
                37.4283415,
                55.748789399999986
              ],
              [
                37.4293978,
                55.7493666
              ],
              [
                37.4309885,
                55.749963999999984
              ],
              [
                37.431753,
                55.7500953
              ],
              [
                37.4330442,
                55.7500589
              ],
              [
                37.4369216,
                55.749263799999994
              ],
              [
                37.4373764,
                55.74968559999999
              ],
              [
                37.4392216,
                55.7505309
              ],
              [
                37.4530833,
                55.753887999999996
              ],
              [
                37.455443599999995,
                55.75478149999999
              ],
              [
                37.4576323,
                55.75581999999999
              ],
              [
                37.46183799999999,
                55.7588385
              ],
              [
                37.4634259,
                55.7601907
              ],
              [
                37.46452049999999,
                55.7623834
              ],
              [
                37.46466279999999,
                55.763295299999996
              ],
              [
                37.4642718,
                55.765227899999985
              ],
              [
                37.4639901,
                55.76577129999999
              ],
              [
                37.46293969999999,
                55.766950499999986
              ],
              [
                37.460378899999995,
                55.769075699999995
              ],
              [
                37.4552656,
                55.774177099999996
              ],
              [
                37.45303,
                55.77569369999999
              ],
              [
                37.4506431,
                55.7768688
              ],
              [
                37.448829399999994,
                55.77727649999999
              ],
              [
                37.4473534,
                55.77725339999999
              ],
              [
                37.4454867,
                55.77687729999999
              ],
              [
                37.4362176,
                55.774406500000005
              ],
              [
                37.4341209,
                55.774199599999996
              ],
              [
                37.43074639999999,
                55.774173
              ],
              [
                37.42884329999999,
                55.7742825
              ],
              [
                37.4169486,
                55.77532779999999
              ],
              [
                37.4085801,
                55.77576219999999
              ],
              [
                37.4018275,
                55.77179809999999
              ],
              [
                37.400518299999995,
                55.7714337
              ],
              [
                37.3982596,
                55.7711769
              ],
              [
                37.394868499999994,
                55.77120299999999
              ],
              [
                37.38673229999999,
                55.770902199999995
              ],
              [
                37.38616919999999,
                55.7712068
              ],
              [
                37.383402499999995,
                55.77218249999999
              ],
              [
                37.3797521,
                55.7723483
              ],
              [
                37.3789227,
                55.772032299999985
              ],
              [
                37.3788354,
                55.77167729999999
              ],
              [
                37.3708646,
                55.7710135
              ],
              [
                37.3702608,
                55.771362299999986
              ],
              [
                37.37026159999999,
                55.7730269
              ],
              [
                37.3688853,
                55.7730383
              ],
              [
                37.3687433,
                55.7724986
              ],
              [
                37.3678722,
                55.772120799999996
              ],
              [
                37.3663151,
                55.7717308
              ],
              [
                37.3655168,
                55.771896299999995
              ],
              [
                37.36538819999999,
                55.771812100000005
              ]
            ]
          ]
        ]
      }
    },
    {
      "type": "Feature",
      "properties": {
        "id": 364001,
        "level": "district",
        "name_ru": "Мещанский район",
        "parent_id": 2162196,
        "bbox": [
          37.6124492,
          55.75899119999999,
          37.64484010000001,
          55.797170300000005
        ]
      },
      "geometry": {
        "type": "MultiPolygon",
        "coordinates": [
          [
            [
              [
                37.6124492,
                55.7825481
              ],
              [
                37.61434439999999,
                55.78193709999999
              ],
              [
                37.6148102,
                55.7819883
              ],
              [
                37.6153273,
                55.7822546
              ],
              [
                37.614909499999996,
                55.78177089999999
              ],
              [
                37.6149324,
                55.7815912
              ],
              [
                37.6169348,
                55.7803721
              ],
              [
                37.617247799999994,
                55.7799329
              ],
              [
                37.6185224,
                55.77641789999999
              ],
              [
                37.6189362,
                55.7736414
              ],
              [
                37.6206914,
                55.77368399999999
              ],
              [
                37.6209955,
                55.77339599999999
              ],
              [
                37.62110619999999,
                55.76742079999999
              ],
              [
                37.6214026,
                55.766902699999996
              ],
              [
                37.61989629999999,
                55.7652602
              ],
              [
                37.620202299999995,
                55.7651615
              ],
              [
                37.6199657,
                55.7647054
              ],
              [
                37.6201521,
                55.761716
              ],
              [
                37.62143859999999,
                55.75923809999999
              ],
              [
                37.620909,
                55.75899119999999
              ],
              [
                37.6258162,
                55.75972809999998
              ],
              [
                37.6261669,
                55.75987549999999
              ],
              [
                37.62668779999999,
                55.760454
              ],
              [
                37.627811599999994,
                55.75992169999999
              ],
              [
                37.628351599999995,
                55.75986429999998
              ],
              [
                37.6300531,
                55.760829599999994
              ],
              [
                37.6295151,
                55.76107659999999
              ],
              [
                37.63014989999999,
                55.7620381
              ],
              [
                37.630607399999995,
                55.76341259999999
              ],
              [
                37.6302397,
                55.7634502
              ],
              [
                37.6299117,
                55.76287099999998
              ],
              [
                37.6286781,
                55.7631076
              ],
              [
                37.62972439999999,
                55.7644416
              ],
              [
                37.630858,
                55.7655196
              ],
              [
                37.6314796,
                55.7665279
              ],
              [
                37.63240369999999,
                55.770382999999995
              ],
              [
                37.6325778,
                55.772651
              ],
              [
                37.637267,
                55.77206149999999
              ],
              [
                37.63812049999999,
                55.7736233
              ],
              [
                37.638179,
                55.77478549999999
              ],
              [
                37.6393949,
                55.777133499999984
              ],
              [
                37.640006699999994,
                55.7771587
              ],
              [
                37.6412894,
                55.7797075
              ],
              [
                37.643852,
                55.7797219
              ],
              [
                37.64484010000001,
                55.779843299999996
              ],
              [
                37.6417328,
                55.78812609999999
              ],
              [
                37.6416643,
                55.7884601
              ],
              [
                37.642222,
                55.7884291
              ],
              [
                37.6420771,
                55.79016099999999
              ],
              [
                37.6414437,
                55.7913059
              ],
              [
                37.6402463,
                55.792451399999976
              ],
              [
                37.64295700000001,
                55.7930115
              ],
              [
                37.63959079999999,
                55.795105
              ],
              [
                37.63567599999999,
                55.79673199999999
              ],
              [
                37.63499999999999,
                55.797170300000005
              ],
              [
                37.6344313,
                55.7944611
              ],
              [
                37.63463769999999,
                55.791892299999994
              ],
              [
                37.6324314,
                55.7918625
              ],
              [
                37.6279594,
                55.79250780000001
              ],
              [
                37.6163097,
                55.79311599999999
              ],
              [
                37.6167978,
                55.7868239
              ],
              [
                37.6167159,
                55.78613409999999
              ],
              [
                37.6152868,
                55.7834989
              ],
              [
                37.6153517,
                55.782836599999996
              ],
              [
                37.61483549999999,
                55.783478699999996
              ],
              [
                37.61319129999999,
                55.78342189999999
              ],
              [
                37.6129804,
                55.783355699999994
              ],
              [
                37.6124492,
                55.7825481
              ]
            ]
          ]
        ]
      }
    },
    {
      "type": "Feature",
      "properties": {
        "id": 364551,
        "level": "district",
        "name_ru": "район Сокольники",
        "parent_id": 1320234,
        "bbox": [
          37.6501162,
          55.781899,
          37.705496399999994,
          55.82438
        ]
      },
      "geometry": {
        "type": "MultiPolygon",
        "coordinates": [
          [
            [
              [
                37.650709199999994,
                55.7909339
              ],
              [
                37.651542,
                55.78936
              ],
              [
                37.65181629999999,
                55.7890984
              ],
              [
                37.685813,
                55.7825747
              ],
              [
                37.6858873,
                55.7824453
              ],
              [
                37.68826669999999,
                55.781899
              ],
              [
                37.69255879999999,
                55.781899
              ],
              [
                37.692549,
                55.78199
              ],
              [
                37.6963604,
                55.782047
              ],
              [
                37.6993516,
                55.78197259999999
              ],
              [
                37.698656299999996,
                55.786753
              ],
              [
                37.6991318,
                55.78836649999999
              ],
              [
                37.699985899999994,
                55.789329300000006
              ],
              [
                37.7048892,
                55.7919092
              ],
              [
                37.7053203,
                55.7923215
              ],
              [
                37.705496399999994,
                55.792795399999996
              ],
              [
                37.705376,
                55.7933478
              ],
              [
                37.704616,
                55.79423039999999
              ],
              [
                37.69982699999999,
                55.7984126
              ],
              [
                37.6991481,
                55.7990758
              ],
              [
                37.6986718,
                55.79987969999999
              ],
              [
                37.6986269,
                55.80082620000001
              ],
              [
                37.69923059999999,
                55.802355000000006
              ],
              [
                37.7000125,
                55.8034645
              ],
              [
                37.7016941,
                55.8053359
              ],
              [
                37.7018891,
                55.80586649999999
              ],
              [
                37.7019702,
                55.806509099999985
              ],
              [
                37.7016514,
                55.8073559
              ],
              [
                37.700413,
                55.80828229999999
              ],
              [
                37.700260799999995,
                55.809693
              ],
              [
                37.699936799999996,
                55.8099874
              ],
              [
                37.6993827,
                55.8101036
              ],
              [
                37.69880669999999,
                55.81009019999999
              ],
              [
                37.6978774,
                55.8106292
              ],
              [
                37.69724029999999,
                55.810789099999994
              ],
              [
                37.6958904,
                55.81072209999999
              ],
              [
                37.6948191,
                55.81094209999999
              ],
              [
                37.6947862,
                55.81118419999999
              ],
              [
                37.6953203,
                55.8117121
              ],
              [
                37.6951003,
                55.8117301
              ],
              [
                37.6932468,
                55.81061179999999
              ],
              [
                37.686737199999996,
                55.8144655
              ],
              [
                37.68636969999999,
                55.81483849999999
              ],
              [
                37.6861519,
                55.8147384
              ],
              [
                37.685237099999995,
                55.815408099999985
              ],
              [
                37.685135300000006,
                55.81558749999999
              ],
              [
                37.6852857,
                55.8158514
              ],
              [
                37.6878233,
                55.81691339999999
              ],
              [
                37.687575,
                55.817119399999996
              ],
              [
                37.68671419999999,
                55.816826299999995
              ],
              [
                37.68625879999999,
                55.81677380000001
              ],
              [
                37.6854385,
                55.81685699999999
              ],
              [
                37.6843406,
                55.8171514
              ],
              [
                37.6820449,
                55.8180332
              ],
              [
                37.6794303,
                55.818230199999995
              ],
              [
                37.6784313,
                55.818849
              ],
              [
                37.6774629,
                55.8190546
              ],
              [
                37.674908,
                55.8204947
              ],
              [
                37.6745344,
                55.8212515
              ],
              [
                37.6736487,
                55.8216456
              ],
              [
                37.6727419,
                55.82237279999999
              ],
              [
                37.6719165,
                55.8235167
              ],
              [
                37.6707749,
                55.82438
              ],
              [
                37.670468899999996,
                55.82419199999999
              ],
              [
                37.6690882,
                55.82133559999999
              ],
              [
                37.6680768,
                55.81987399999999
              ],
              [
                37.65781849999999,
                55.80802189999999
              ],
              [
                37.6548995,
                55.805110899999995
              ],
              [
                37.651284,
                55.8004205
              ],
              [
                37.650489099999994,
                55.7987596
              ],
              [
                37.6501578,
                55.79400819999999
              ],
              [
                37.6501162,
                55.7927927
              ],
              [
                37.650709199999994,
                55.7909339
              ]
            ]
          ]
        ]
      }
    },
    {
      "type": "Feature",
      "properties": {
        "id": 428431,
        "level": "district",
        "name_ru": "район Хорошёво-Мнёвники",
        "parent_id": 446092,
        "bbox": [
          37.4030883,
          55.7406021,
          37.5219435,
          55.794494099999994
        ]
      },
      "geometry": {
        "type": "MultiPolygon",
        "coordinates": [
          [
            [
              [
                37.4085801,
                55.77576219999999
              ],
              [
                37.4169486,
                55.77532779999999
              ],
              [
                37.42884329999999,
                55.7742825
              ],
              [
                37.43074639999999,
                55.774173
              ],
              [
                37.4341209,
                55.774199599999996
              ],
              [
                37.4362176,
                55.774406500000005
              ],
              [
                37.4454867,
                55.77687729999999
              ],
              [
                37.4473534,
                55.77725339999999
              ],
              [
                37.4482727,
                55.777327099999994
              ],
              [
                37.4496838,
                55.77714
              ],
              [
                37.4506431,
                55.7768688
              ],
              [
                37.45303,
                55.77569369999999
              ],
              [
                37.4552656,
                55.774177099999996
              ],
              [
                37.460378899999995,
                55.769075699999995
              ],
              [
                37.46293969999999,
                55.766950499999986
              ],
              [
                37.4639901,
                55.76577129999999
              ],
              [
                37.464561499999995,
                55.7643068
              ],
              [
                37.46466279999999,
                55.763295299999996
              ],
              [
                37.46452049999999,
                55.7623834
              ],
              [
                37.4634259,
                55.7601907
              ],
              [
                37.4596064,
                55.757148199999996
              ],
              [
                37.4576323,
                55.75581999999999
              ],
              [
                37.455443599999995,
                55.75478149999999
              ],
              [
                37.4530833,
                55.753887999999996
              ],
              [
                37.4392216,
                55.7505309
              ],
              [
                37.4373764,
                55.74968559999999
              ],
              [
                37.4368888,
                55.74921849999999
              ],
              [
                37.4363477,
                55.74787319999999
              ],
              [
                37.436691,
                55.74710029999999
              ],
              [
                37.4373777,
                55.7464239
              ],
              [
                37.43973799999999,
                55.74521609999999
              ],
              [
                37.44248459999999,
                55.74357349999999
              ],
              [
                37.44445869999999,
                55.7426072
              ],
              [
                37.4465186,
                55.7418583
              ],
              [
                37.44926519999999,
                55.74113359999999
              ],
              [
                37.452526799999994,
                55.7406021
              ],
              [
                37.45531629999999,
                55.7406021
              ],
              [
                37.45913569999999,
                55.7412061
              ],
              [
                37.46179649999999,
                55.7418583
              ],
              [
                37.46480059999999,
                55.74289709999999
              ],
              [
                37.467375499999996,
                55.744032499999996
              ],
              [
                37.4710233,
                55.7461099
              ],
              [
                37.472782800000004,
                55.74726929999999
              ],
              [
                37.474156099999995,
                55.7485012
              ],
              [
                37.4751432,
                55.749878
              ],
              [
                37.4761731,
                55.75229319999999
              ],
              [
                37.476731,
                55.7559641
              ],
              [
                37.4767739,
                55.7569059
              ],
              [
                37.4761731,
                55.7617112
              ],
              [
                37.476388,
                55.7645104
              ],
              [
                37.4780555,
                55.766692299999995
              ],
              [
                37.47886590000001,
                55.767343399999994
              ],
              [
                37.4794184,
                55.767545399999996
              ],
              [
                37.48191889999999,
                55.767976899999994
              ],
              [
                37.4845108,
                55.76817
              ],
              [
                37.4871806,
                55.768194099999995
              ],
              [
                37.4897158,
                55.7679596
              ],
              [
                37.49205179999999,
                55.7673608
              ],
              [
                37.498145799999996,
                55.7655019
              ],
              [
                37.501064,
                55.764367099999994
              ],
              [
                37.50295229999999,
                55.7634013
              ],
              [
                37.5042827,
                55.762532099999994
              ],
              [
                37.5058276,
                55.761783599999994
              ],
              [
                37.5116641,
                55.759658699999996
              ],
              [
                37.5139298,
                55.75842190000001
              ],
              [
                37.5219435,
                55.76150899999999
              ],
              [
                37.5087504,
                55.7753858
              ],
              [
                37.507236199999994,
                55.7774524
              ],
              [
                37.5066722,
                55.77862439999999
              ],
              [
                37.5062347,
                55.78030999999999
              ],
              [
                37.5038208,
                55.7910836
              ],
              [
                37.50338159999999,
                55.7916782
              ],
              [
                37.503068999999996,
                55.79107900000001
              ],
              [
                37.5025142,
                55.79060309999999
              ],
              [
                37.500907,
                55.7895196
              ],
              [
                37.499803,
                55.7889469
              ],
              [
                37.4902301,
                55.7876871
              ],
              [
                37.4891469,
                55.787666699999996
              ],
              [
                37.4787573,
                55.788959299999995
              ],
              [
                37.477776299999995,
                55.7885051
              ],
              [
                37.476704399999996,
                55.788491199999996
              ],
              [
                37.4687234,
                55.78948690000001
              ],
              [
                37.4652211,
                55.790548199999996
              ],
              [
                37.45998809999999,
                55.79124149999999
              ],
              [
                37.4545483,
                55.7918138
              ],
              [
                37.4546058,
                55.794427199999994
              ],
              [
                37.4461022,
                55.794494099999994
              ],
              [
                37.445553,
                55.79254509999999
              ],
              [
                37.4396537,
                55.78873549999999
              ],
              [
                37.4383023,
                55.788077799999996
              ],
              [
                37.43381719999999,
                55.78683769999999
              ],
              [
                37.4295242,
                55.78618720000001
              ],
              [
                37.4263311,
                55.78646789999999
              ],
              [
                37.423294799999994,
                55.787261400000006
              ],
              [
                37.421235,
                55.7886843
              ],
              [
                37.4198725,
                55.790265299999994
              ],
              [
                37.4179973,
                55.7915441
              ],
              [
                37.4154066,
                55.792049699999986
              ],
              [
                37.4127153,
                55.79213899999999
              ],
              [
                37.410335499999995,
                55.7914293
              ],
              [
                37.409288,
                55.78992159999999
              ],
              [
                37.4083669,
                55.787997
              ],
              [
                37.40742269999999,
                55.78645269999999
              ],
              [
                37.4040754,
                55.78242269999999
              ],
              [
                37.4031312,
                55.780805699999995
              ],
              [
                37.4030883,
                55.779092199999994
              ],
              [
                37.4040754,
                55.77747509999999
              ],
              [
                37.4061353,
                55.7764131
              ],
              [
                37.4085801,
                55.77576219999999
              ]
            ]
          ]
        ]
      }
    },
    {
      "type": "Feature",
      "properties": {
        "id": 431464,
        "level": "district",
        "name_ru": "район Щукино",
        "parent_id": 446092,
        "bbox": [
          37.4461022,
          55.787666699999996,
          37.5038208,
          55.815398599999995
        ]
      },
      "geometry": {
        "type": "MultiPolygon",
        "coordinates": [
          [
            [
              [
                37.4461022,
                55.794494099999994
              ],
              [
                37.4546058,
                55.794427199999994
              ],
              [
                37.4545483,
                55.7918138
              ],
              [
                37.45998809999999,
                55.79124149999999
              ],
              [
                37.4652211,
                55.790548199999996
              ],
              [
                37.4687234,
                55.78948690000001
              ],
              [
                37.476704399999996,
                55.788491199999996
              ],
              [
                37.477776299999995,
                55.7885051
              ],
              [
                37.4787573,
                55.788959299999995
              ],
              [
                37.4891469,
                55.787666699999996
              ],
              [
                37.4902301,
                55.7876871
              ],
              [
                37.499803,
                55.7889469
              ],
              [
                37.500907,
                55.7895196
              ],
              [
                37.5025142,
                55.79060309999999
              ],
              [
                37.503068999999996,
                55.79107900000001
              ],
              [
                37.50338159999999,
                55.7916782
              ],
              [
                37.5038208,
                55.7910836
              ],
              [
                37.50324929999999,
                55.793454399999995
              ],
              [
                37.50254629999999,
                55.79486599999999
              ],
              [
                37.490855499999995,
                55.80847539999999
              ],
              [
                37.4878979,
                55.81210209999999
              ],
              [
                37.48722399999999,
                55.81327839999999
              ],
              [
                37.4868576,
                55.815334
              ],
              [
                37.4820105,
                55.815398599999995
              ],
              [
                37.47970289999999,
                55.8151045
              ],
              [
                37.477149999999995,
                55.81444679999999
              ],
              [
                37.47461059999999,
                55.813506
              ],
              [
                37.4699771,
                55.81203759999999
              ],
              [
                37.46788769999999,
                55.8116079
              ],
              [
                37.4574808,
                55.81107439999999
              ],
              [
                37.4549796,
                55.811197199999995
              ],
              [
                37.45281769999999,
                55.81167659999999
              ],
              [
                37.451246,
                55.81233749999999
              ],
              [
                37.44890869999999,
                55.814013499999994
              ],
              [
                37.4476889,
                55.8123004
              ],
              [
                37.446496,
                55.8100754
              ],
              [
                37.4461367,
                55.8079911
              ],
              [
                37.44643279999999,
                55.80654809999999
              ],
              [
                37.44733399999999,
                55.80454629999999
              ],
              [
                37.4476344,
                55.802616699999994
              ],
              [
                37.44694779999999,
                55.80015629999999
              ],
              [
                37.4461022,
                55.794494099999994
              ]
            ]
          ]
        ]
      }
    },
    {
      "type": "Feature",
      "properties": {
        "id": 434560,
        "level": "district",
        "name_ru": "район Строгино",
        "parent_id": 446092,
        "bbox": [
          37.367239999999995,
          55.770902199999995,
          37.4476344,
          55.8291697
        ]
      },
      "geometry": {
        "type": "MultiPolygon",
        "coordinates": [
          [
            [
              [
                37.3678444,
                55.791361
              ],
              [
                37.367239999999995,
                55.79038189999999
              ],
              [
                37.3687664,
                55.7897352
              ],
              [
                37.370311799999996,
                55.7885664
              ],
              [
                37.370601,
                55.78819190000001
              ],
              [
                37.37060090000001,
                55.78769239999999
              ],
              [
                37.3694129,
                55.784844899999996
              ],
              [
                37.3690717,
                55.7827259
              ],
              [
                37.3689692,
                55.779323599999984
              ],
              [
                37.3688853,
                55.7730383
              ],
              [
                37.37026159999999,
                55.7730269
              ],
              [
                37.3702608,
                55.771362299999986
              ],
              [
                37.3708646,
                55.7710135
              ],
              [
                37.3788354,
                55.77167729999999
              ],
              [
                37.3789227,
                55.772032299999985
              ],
              [
                37.3797521,
                55.7723483
              ],
              [
                37.383402499999995,
                55.77218249999999
              ],
              [
                37.38616919999999,
                55.7712068
              ],
              [
                37.38673229999999,
                55.770902199999995
              ],
              [
                37.394868499999994,
                55.77120299999999
              ],
              [
                37.3982596,
                55.7711769
              ],
              [
                37.400518299999995,
                55.7714337
              ],
              [
                37.4018275,
                55.77179809999999
              ],
              [
                37.4085801,
                55.77576219999999
              ],
              [
                37.4061353,
                55.7764131
              ],
              [
                37.4040754,
                55.77747509999999
              ],
              [
                37.4030883,
                55.779092199999994
              ],
              [
                37.4031312,
                55.780805699999995
              ],
              [
                37.4040754,
                55.78242269999999
              ],
              [
                37.40742269999999,
                55.78645269999999
              ],
              [
                37.4083669,
                55.787997
              ],
              [
                37.409288,
                55.78992159999999
              ],
              [
                37.410335499999995,
                55.7914293
              ],
              [
                37.4127153,
                55.79213899999999
              ],
              [
                37.4154066,
                55.792049699999986
              ],
              [
                37.4179973,
                55.7915441
              ],
              [
                37.4198725,
                55.790265299999994
              ],
              [
                37.421235,
                55.7886843
              ],
              [
                37.423294799999994,
                55.787261400000006
              ],
              [
                37.4263311,
                55.78646789999999
              ],
              [
                37.4295242,
                55.78618720000001
              ],
              [
                37.43381719999999,
                55.78683769999999
              ],
              [
                37.4383023,
                55.788077799999996
              ],
              [
                37.4396537,
                55.78873549999999
              ],
              [
                37.4419935,
                55.7901736
              ],
              [
                37.445553,
                55.79254509999999
              ],
              [
                37.4461022,
                55.794494099999994
              ],
              [
                37.44694779999999,
                55.80015629999999
              ],
              [
                37.4476344,
                55.802616699999994
              ],
              [
                37.44733399999999,
                55.80454629999999
              ],
              [
                37.44643279999999,
                55.80654809999999
              ],
              [
                37.4438591,
                55.8078618
              ],
              [
                37.44124,
                55.80874279999999
              ],
              [
                37.4380643,
                55.8091769
              ],
              [
                37.43645459999999,
                55.80908910000001
              ],
              [
                37.4344838,
                55.808816799999995
              ],
              [
                37.430167899999994,
                55.8088392
              ],
              [
                37.4268205,
                55.809393899999996
              ],
              [
                37.42321559999999,
                55.810358499999985
              ],
              [
                37.4198682,
                55.8115161
              ],
              [
                37.41797989999999,
                55.81267359999999
              ],
              [
                37.4163062,
                55.81412039999999
              ],
              [
                37.41484419999999,
                55.8150481
              ],
              [
                37.4141033,
                55.8163943
              ],
              [
                37.41409389999999,
                55.81779240000001
              ],
              [
                37.4144609,
                55.819135599999996
              ],
              [
                37.4126155,
                55.821281400000004
              ],
              [
                37.4097402,
                55.823692199999996
              ],
              [
                37.4071223,
                55.8255725
              ],
              [
                37.4026162,
                55.8271876
              ],
              [
                37.39815299999999,
                55.828465099999995
              ],
              [
                37.3953206,
                55.829019499999994
              ],
              [
                37.39369599999999,
                55.8291697
              ],
              [
                37.3922545,
                55.82351369999999
              ],
              [
                37.3878905,
                55.809762199999994
              ],
              [
                37.38667,
                55.80986909999999
              ],
              [
                37.38616849999999,
                55.809815500000006
              ],
              [
                37.3857222,
                55.8092829
              ],
              [
                37.38505129999999,
                55.8093072
              ],
              [
                37.3849343,
                55.809002299999996
              ],
              [
                37.3860556,
                55.8088709
              ],
              [
                37.38625009999999,
                55.80874949999999
              ],
              [
                37.3859825,
                55.807309399999994
              ],
              [
                37.386179999999996,
                55.8071079
              ],
              [
                37.3867855,
                55.806952399999986
              ],
              [
                37.3859537,
                55.8051878
              ],
              [
                37.3846538,
                55.8032365
              ],
              [
                37.381806399999995,
                55.7998945
              ],
              [
                37.3744812,
                55.7923635
              ],
              [
                37.3734215,
                55.79190400000001
              ],
              [
                37.3721524,
                55.7916076
              ],
              [
                37.36885349999999,
                55.7912511
              ],
              [
                37.3678444,
                55.791361
              ]
            ]
          ]
        ]
      }
    },
    {
      "type": "Feature",
      "properties": {
        "id": 442733,
        "level": "district",
        "name_ru": "район Митино",
        "parent_id": 446092,
        "bbox": [
          37.332076699999995,
          55.82128449999999,
          37.39614509999999,
          55.8683541
        ]
      },
      "geometry": {
        "type": "MultiPolygon",
        "coordinates": [
          [
            [
              [
                37.3356614,
                55.84524979999999
              ],
              [
                37.3428857,
                55.844839999999984
              ],
              [
                37.348026999999995,
                55.84405519999999
              ],
              [
                37.3490019,
                55.8437918
              ],
              [
                37.34874179999999,
                55.8427943
              ],
              [
                37.3478317,
                55.841167299999995
              ],
              [
                37.3477965,
                55.84103809999999
              ],
              [
                37.34802710000001,
                55.84099929999999
              ],
              [
                37.3474647,
                55.8406036
              ],
              [
                37.3469652,
                55.84051349999999
              ],
              [
                37.3451001,
                55.8405212
              ],
              [
                37.3406559,
                55.840255
              ],
              [
                37.34059619999999,
                55.83950279999999
              ],
              [
                37.340371399999995,
                55.839007899999984
              ],
              [
                37.3431003,
                55.83759469999999
              ],
              [
                37.3450013,
                55.83646619999999
              ],
              [
                37.3423871,
                55.834402499999996
              ],
              [
                37.3421952,
                55.834418799999995
              ],
              [
                37.34186799999999,
                55.83419049999999
              ],
              [
                37.34393549999999,
                55.833095799999995
              ],
              [
                37.3487294,
                55.83221710000001
              ],
              [
                37.34813580000001,
                55.83102579999999
              ],
              [
                37.3486509,
                55.83071519999999
              ],
              [
                37.34856729999999,
                55.829075399999994
              ],
              [
                37.347994,
                55.82851449999999
              ],
              [
                37.3446985,
                55.826269999999994
              ],
              [
                37.3448235,
                55.826067
              ],
              [
                37.345129,
                55.825960099999996
              ],
              [
                37.3453344,
                55.826074599999984
              ],
              [
                37.3491006,
                55.82657569999999
              ],
              [
                37.34971449999999,
                55.8263737
              ],
              [
                37.3510173,
                55.82460199999999
              ],
              [
                37.35158859999999,
                55.82439159999999
              ],
              [
                37.3491556,
                55.82222529999999
              ],
              [
                37.3523121,
                55.82128449999999
              ],
              [
                37.354605899999996,
                55.8217604
              ],
              [
                37.3541462,
                55.82235509999999
              ],
              [
                37.3563725,
                55.8226601
              ],
              [
                37.3540129,
                55.82639939999999
              ],
              [
                37.3563561,
                55.82665779999999
              ],
              [
                37.3568826,
                55.8265268
              ],
              [
                37.3589247,
                55.822887699999995
              ],
              [
                37.359778399999996,
                55.8224988
              ],
              [
                37.362221899999994,
                55.82219919999999
              ],
              [
                37.36260709999999,
                55.82316680000001
              ],
              [
                37.363537599999994,
                55.8243612
              ],
              [
                37.365873,
                55.8264811
              ],
              [
                37.367281299999995,
                55.82740139999999
              ],
              [
                37.3689161,
                55.828023699999996
              ],
              [
                37.3799375,
                55.830666099999995
              ],
              [
                37.3800876,
                55.8305355
              ],
              [
                37.381484699999994,
                55.83068469999999
              ],
              [
                37.3854286,
                55.8306599
              ],
              [
                37.3874072,
                55.8304963
              ],
              [
                37.3889866,
                55.830211399999996
              ],
              [
                37.38984,
                55.830214399999996
              ],
              [
                37.3939187,
                55.82986199999999
              ],
              [
                37.39369599999999,
                55.8291697
              ],
              [
                37.394438799999996,
                55.829100999999994
              ],
              [
                37.394998799999996,
                55.83040869999999
              ],
              [
                37.395707099999996,
                55.83286359999999
              ],
              [
                37.39603279999999,
                55.83451629999999
              ],
              [
                37.39614509999999,
                55.8371039
              ],
              [
                37.3954202,
                55.839608000000005
              ],
              [
                37.39490229999999,
                55.84063079999999
              ],
              [
                37.3925174,
                55.8441974
              ],
              [
                37.39197109999999,
                55.84561339999999
              ],
              [
                37.3918222,
                55.8472347
              ],
              [
                37.392143,
                55.8486128
              ],
              [
                37.3950478,
                55.8543249
              ],
              [
                37.394112799999995,
                55.854426499999995
              ],
              [
                37.393942,
                55.85468639999999
              ],
              [
                37.39348369999999,
                55.8549174
              ],
              [
                37.3920551,
                55.8550098
              ],
              [
                37.39142269999999,
                55.854851899999986
              ],
              [
                37.3903606,
                55.854164499999996
              ],
              [
                37.3899694,
                55.85416419999999
              ],
              [
                37.3893582,
                55.8544537
              ],
              [
                37.38784679999999,
                55.85569039999999
              ],
              [
                37.3871672,
                55.8558609
              ],
              [
                37.38663859999999,
                55.85569389999999
              ],
              [
                37.385978,
                55.8547694
              ],
              [
                37.3855164,
                55.85451
              ],
              [
                37.384966999999996,
                55.85447069999999
              ],
              [
                37.383244899999994,
                55.8546334
              ],
              [
                37.3819717,
                55.854567999999986
              ],
              [
                37.380532499999994,
                55.8536225
              ],
              [
                37.379872500000005,
                55.8534722
              ],
              [
                37.37898040000001,
                55.8536389
              ],
              [
                37.3777241,
                55.854296
              ],
              [
                37.3761822,
                55.8545066
              ],
              [
                37.374934700000004,
                55.855170400000006
              ],
              [
                37.3748187,
                55.85536989999999
              ],
              [
                37.3749541,
                55.855548
              ],
              [
                37.3761554,
                55.8561788
              ],
              [
                37.3762315,
                55.85652079999999
              ],
              [
                37.37585789999999,
                55.856994099999994
              ],
              [
                37.3765154,
                55.858176599999986
              ],
              [
                37.38000889999999,
                55.859377099999996
              ],
              [
                37.37994979999999,
                55.85990069999999
              ],
              [
                37.3786453,
                55.860665899999994
              ],
              [
                37.3783478,
                55.8610562
              ],
              [
                37.3781735,
                55.8619917
              ],
              [
                37.37846969999999,
                55.86229509999999
              ],
              [
                37.3794864,
                55.86272949999999
              ],
              [
                37.37977469999999,
                55.86303459999999
              ],
              [
                37.379770699999995,
                55.863294399999994
              ],
              [
                37.37902069999999,
                55.863707299999994
              ],
              [
                37.3780915,
                55.8640298
              ],
              [
                37.3779706,
                55.86427359999999
              ],
              [
                37.3776049,
                55.86439939999999
              ],
              [
                37.37744959999999,
                55.8647195
              ],
              [
                37.377555400000006,
                55.8649541
              ],
              [
                37.3779834,
                55.86509409999999
              ],
              [
                37.37815439999999,
                55.86577029999999
              ],
              [
                37.37791359999999,
                55.86595349999999
              ],
              [
                37.3783515,
                55.8660894
              ],
              [
                37.3782038,
                55.86620159999999
              ],
              [
                37.3782334,
                55.866447900000004
              ],
              [
                37.378019099999996,
                55.8665727
              ],
              [
                37.3781895,
                55.866648399999995
              ],
              [
                37.3783208,
                55.8665706
              ],
              [
                37.37835979999999,
                55.8669249
              ],
              [
                37.3786945,
                55.866876199999986
              ],
              [
                37.3786108,
                55.866993199999996
              ],
              [
                37.3790537,
                55.86704169999999
              ],
              [
                37.379212,
                55.86697799999999
              ],
              [
                37.3790676,
                55.8668725
              ],
              [
                37.379316599999996,
                55.866957400000004
              ],
              [
                37.3792167,
                55.867285599999995
              ],
              [
                37.3794062,
                55.8673525
              ],
              [
                37.3789295,
                55.867698000000004
              ],
              [
                37.3786079,
                55.8677386
              ],
              [
                37.37888699999999,
                55.86785389999999
              ],
              [
                37.37845899999999,
                55.86794229999999
              ],
              [
                37.37868,
                55.86801169999999
              ],
              [
                37.3785297,
                55.8681398
              ],
              [
                37.3779703,
                55.86800370000001
              ],
              [
                37.3776705,
                55.8681327
              ],
              [
                37.37752379999999,
                55.8683541
              ],
              [
                37.37701959999999,
                55.86822559999999
              ],
              [
                37.3767785,
                55.8683188
              ],
              [
                37.3766884,
                55.8681619
              ],
              [
                37.3762977,
                55.867998899999996
              ],
              [
                37.3758381,
                55.868032
              ],
              [
                37.3755493,
                55.86782349999999
              ],
              [
                37.3751419,
                55.86790609999999
              ],
              [
                37.3747626,
                55.86777639999999
              ],
              [
                37.3743241,
                55.8677801
              ],
              [
                37.3741989,
                55.86759149999999
              ],
              [
                37.3736186,
                55.8673732
              ],
              [
                37.3737337,
                55.86725889999999
              ],
              [
                37.373122599999995,
                55.8671531
              ],
              [
                37.37254289999999,
                55.867274099999996
              ],
              [
                37.37235340000001,
                55.86746969999999
              ],
              [
                37.372542,
                55.8675559
              ],
              [
                37.3723143,
                55.867686199999994
              ],
              [
                37.3715451,
                55.86745859999999
              ],
              [
                37.3715171,
                55.8673444
              ],
              [
                37.3710755,
                55.8674745
              ],
              [
                37.3706176,
                55.867311599999994
              ],
              [
                37.37010969999999,
                55.86735419999999
              ],
              [
                37.36992349999999,
                55.86768429999999
              ],
              [
                37.3697852,
                55.86758809999999
              ],
              [
                37.3693562,
                55.867560499999996
              ],
              [
                37.3693805,
                55.86775889999999
              ],
              [
                37.3692386,
                55.8677947
              ],
              [
                37.3687829,
                55.867821199999995
              ],
              [
                37.36851759999999,
                55.86763049999999
              ],
              [
                37.3678568,
                55.8675786
              ],
              [
                37.36752499999999,
                55.867748199999994
              ],
              [
                37.3675416,
                55.86790469999999
              ],
              [
                37.36735139999999,
                55.86801899999999
              ],
              [
                37.367336599999994,
                55.86778219999999
              ],
              [
                37.3669258,
                55.86783759999998
              ],
              [
                37.366844099999994,
                55.8680281
              ],
              [
                37.36647779999999,
                55.86782219999999
              ],
              [
                37.3660621,
                55.86798009999999
              ],
              [
                37.3658614,
                55.86798339999999
              ],
              [
                37.3657809,
                55.86785819999999
              ],
              [
                37.3656003,
                55.86792359999999
              ],
              [
                37.3655044,
                55.8677991
              ],
              [
                37.3652052,
                55.8678988
              ],
              [
                37.3651046,
                55.86779709999999
              ],
              [
                37.36523879999999,
                55.867605899999994
              ],
              [
                37.364931799999994,
                55.86740179999999
              ],
              [
                37.364151699999994,
                55.867630899999995
              ],
              [
                37.3639144,
                55.867433999999996
              ],
              [
                37.3636185,
                55.86754129999999
              ],
              [
                37.363541399999995,
                55.86734529999999
              ],
              [
                37.36327719999999,
                55.8673257
              ],
              [
                37.36281579999999,
                55.8674483
              ],
              [
                37.3628222,
                55.86764709999999
              ],
              [
                37.36234600000001,
                55.86751979999999
              ],
              [
                37.3601466,
                55.866056799999996
              ],
              [
                37.3591142,
                55.865068699999995
              ],
              [
                37.3578908,
                55.8642649
              ],
              [
                37.34981899999999,
                55.8637988
              ],
              [
                37.34939189999999,
                55.8635282
              ],
              [
                37.34783449999999,
                55.863430399999984
              ],
              [
                37.34587989999999,
                55.862943699999995
              ],
              [
                37.3465853,
                55.862236399999986
              ],
              [
                37.3451935,
                55.8613095
              ],
              [
                37.3427195,
                55.86062249999999
              ],
              [
                37.3426648,
                55.86035239999999
              ],
              [
                37.3420223,
                55.86020679999999
              ],
              [
                37.3415062,
                55.8591589
              ],
              [
                37.3414536,
                55.85869089999999
              ],
              [
                37.3406337,
                55.8580491
              ],
              [
                37.34028049999999,
                55.857182399999985
              ],
              [
                37.3403516,
                55.85674519999999
              ],
              [
                37.340070399999995,
                55.85647469999999
              ],
              [
                37.3402903,
                55.8560015
              ],
              [
                37.33968740000001,
                55.855507
              ],
              [
                37.33955149999999,
                55.855176099999994
              ],
              [
                37.3399949,
                55.854434299999994
              ],
              [
                37.3404194,
                55.852967499999984
              ],
              [
                37.34094180000001,
                55.8526499
              ],
              [
                37.3405645,
                55.852203499999995
              ],
              [
                37.34044349999999,
                55.8515384
              ],
              [
                37.339173599999995,
                55.85075199999999
              ],
              [
                37.33847289999999,
                55.850063899999995
              ],
              [
                37.337831,
                55.849819499999995
              ],
              [
                37.3376436,
                55.84983629999999
              ],
              [
                37.3375148,
                55.84958469999999
              ],
              [
                37.3377225,
                55.849351699999985
              ],
              [
                37.3382993,
                55.8491437
              ],
              [
                37.3382777,
                55.848959999999984
              ],
              [
                37.33815239999999,
                55.848893699999984
              ],
              [
                37.3379107,
                55.84897209999999
              ],
              [
                37.3373335,
                55.848799099999994
              ],
              [
                37.33727789999999,
                55.84851899999999
              ],
              [
                37.3369193,
                55.8484643
              ],
              [
                37.337155700000004,
                55.848163500000005
              ],
              [
                37.33684159999999,
                55.848132299999996
              ],
              [
                37.3366709,
                55.848001999999994
              ],
              [
                37.33578980000001,
                55.84802880000001
              ],
              [
                37.3356295,
                55.84780500000001
              ],
              [
                37.3353207,
                55.84769159999999
              ],
              [
                37.3341284,
                55.8477278
              ],
              [
                37.33392680000001,
                55.8474856
              ],
              [
                37.3341024,
                55.84741459999999
              ],
              [
                37.334044,
                55.8473283
              ],
              [
                37.33366169999999,
                55.8471294
              ],
              [
                37.3334132,
                55.8471536
              ],
              [
                37.3334756,
                55.847019599999996
              ],
              [
                37.333249599999995,
                55.84698449999999
              ],
              [
                37.3330816,
                55.8467066
              ],
              [
                37.3325802,
                55.846621999999996
              ],
              [
                37.332076699999995,
                55.84629959999999
              ],
              [
                37.332095,
                55.845801200000004
              ],
              [
                37.332726,
                55.8457108
              ],
              [
                37.3329203,
                55.84529579999999
              ],
              [
                37.3356614,
                55.84524979999999
              ]
            ]
          ]
        ]
      }
    },
    {
      "type": "Feature",
      "properties": {
        "id": 442741,
        "level": "district",
        "name_ru": "район Куркино",
        "parent_id": 446092,
        "bbox": [
          37.3617776,
          55.87095759999999,
          37.4309505,
          55.9128443
        ]
      },
      "geometry": {
        "type": "MultiPolygon",
        "coordinates": [
          [
            [
              [
                37.3698614,
                55.908195899999996
              ],
              [
                37.3662836,
                55.9067026
              ],
              [
                37.3678461,
                55.9053439
              ],
              [
                37.3685896,
                55.90557789999999
              ],
              [
                37.3706763,
                55.90363049999999
              ],
              [
                37.369544999999995,
                55.9032148
              ],
              [
                37.3659807,
                55.9027292
              ],
              [
                37.3642173,
                55.90217359999999
              ],
              [
                37.3636856,
                55.90213159999999
              ],
              [
                37.3629093,
                55.9016975
              ],
              [
                37.3628089,
                55.9014568
              ],
              [
                37.36236339999999,
                55.9013873
              ],
              [
                37.36181359999999,
                55.90157189999999
              ],
              [
                37.3617776,
                55.9013847
              ],
              [
                37.361889399999995,
                55.9008678
              ],
              [
                37.3624065,
                55.90041129999999
              ],
              [
                37.3647991,
                55.9000741
              ],
              [
                37.36569279999999,
                55.8994466
              ],
              [
                37.36575669999999,
                55.8991147
              ],
              [
                37.366019,
                55.8988824
              ],
              [
                37.366886,
                55.898579799999986
              ],
              [
                37.36763349999999,
                55.8980386
              ],
              [
                37.36742939999999,
                55.89765249999999
              ],
              [
                37.367582,
                55.897356699999996
              ],
              [
                37.3674044,
                55.8970732
              ],
              [
                37.3667093,
                55.8967639
              ],
              [
                37.3655227,
                55.896617899999995
              ],
              [
                37.3654674,
                55.8963994
              ],
              [
                37.36571489999999,
                55.89596639999999
              ],
              [
                37.365493,
                55.89497269999999
              ],
              [
                37.365638,
                55.89473329999999
              ],
              [
                37.366395399999995,
                55.8944531
              ],
              [
                37.36682950000001,
                55.89451650000001
              ],
              [
                37.3672753,
                55.8942673
              ],
              [
                37.3691976,
                55.8944739
              ],
              [
                37.3700339,
                55.894789499999995
              ],
              [
                37.37135189999999,
                55.8950429
              ],
              [
                37.37217969999999,
                55.894939799999996
              ],
              [
                37.3735128,
                55.89510409999999
              ],
              [
                37.3741352,
                55.8950696
              ],
              [
                37.3749168,
                55.894751099999986
              ],
              [
                37.377356799999994,
                55.892708299999995
              ],
              [
                37.3771837,
                55.89239559999999
              ],
              [
                37.3766153,
                55.8921191
              ],
              [
                37.3749263,
                55.891628499999996
              ],
              [
                37.3731391,
                55.891386999999995
              ],
              [
                37.3729403,
                55.89110139999999
              ],
              [
                37.3734752,
                55.8900743
              ],
              [
                37.3726855,
                55.88925819999999
              ],
              [
                37.3727875,
                55.88855629999999
              ],
              [
                37.3725332,
                55.888093
              ],
              [
                37.37255919999999,
                55.88764809999999
              ],
              [
                37.3728816,
                55.8874872
              ],
              [
                37.3744503,
                55.887323800000004
              ],
              [
                37.3747747,
                55.88692659999999
              ],
              [
                37.3743759,
                55.88640589999999
              ],
              [
                37.37340089999999,
                55.88590459999999
              ],
              [
                37.3729421,
                55.88538969999999
              ],
              [
                37.3723799,
                55.885136799999984
              ],
              [
                37.37119419999999,
                55.8839596
              ],
              [
                37.371254799999996,
                55.88335229999999
              ],
              [
                37.3722283,
                55.88266049999999
              ],
              [
                37.37286379999999,
                55.8815439
              ],
              [
                37.3736126,
                55.881356999999994
              ],
              [
                37.3742802,
                55.8813764
              ],
              [
                37.3753152,
                55.881169299999996
              ],
              [
                37.3758465,
                55.8812893
              ],
              [
                37.3770543,
                55.88092989999999
              ],
              [
                37.378165,
                55.88015789999999
              ],
              [
                37.3787477,
                55.8801144
              ],
              [
                37.3791188,
                55.87995329999998
              ],
              [
                37.3798326,
                55.8799355
              ],
              [
                37.380530699999994,
                55.8792963
              ],
              [
                37.381056799999996,
                55.87828399999999
              ],
              [
                37.3821655,
                55.87786869999999
              ],
              [
                37.38320490000001,
                55.8778336
              ],
              [
                37.38325150000001,
                55.877912499999994
              ],
              [
                37.3944357,
                55.877242499999994
              ],
              [
                37.40403499999999,
                55.8759958
              ],
              [
                37.4063231,
                55.874261699999984
              ],
              [
                37.411428,
                55.87095759999999
              ],
              [
                37.412359599999995,
                55.871541
              ],
              [
                37.41522479999999,
                55.87274379999999
              ],
              [
                37.4205708,
                55.87464099999999
              ],
              [
                37.4309505,
                55.877851199999995
              ],
              [
                37.4296008,
                55.8780165
              ],
              [
                37.4271857,
                55.87753349999999
              ],
              [
                37.4264475,
                55.87746980000001
              ],
              [
                37.42409549999999,
                55.8780005
              ],
              [
                37.4237221,
                55.8777174
              ],
              [
                37.4211622,
                55.87792129999998
              ],
              [
                37.4211552,
                55.878322399999995
              ],
              [
                37.417163499999994,
                55.87830949999999
              ],
              [
                37.4155185,
                55.87918899999998
              ],
              [
                37.4143735,
                55.87886739999999
              ],
              [
                37.414125799999994,
                55.87909390000001
              ],
              [
                37.4149316,
                55.8793108
              ],
              [
                37.41043129999999,
                55.88030199999999
              ],
              [
                37.4094205,
                55.88068759999999
              ],
              [
                37.4093978,
                55.8849173
              ],
              [
                37.40695459999999,
                55.885687999999995
              ],
              [
                37.40557789999999,
                55.88623479999999
              ],
              [
                37.4047271,
                55.886803400000005
              ],
              [
                37.4042239,
                55.887521299999996
              ],
              [
                37.4040278,
                55.888616899999995
              ],
              [
                37.4043979,
                55.89118090000001
              ],
              [
                37.404181599999994,
                55.89206949999999
              ],
              [
                37.3992913,
                55.900755399999994
              ],
              [
                37.39844879999999,
                55.90153099999999
              ],
              [
                37.3974783,
                55.90119589999998
              ],
              [
                37.3959938,
                55.9015754
              ],
              [
                37.3923927,
                55.9021208
              ],
              [
                37.3913797,
                55.9024645
              ],
              [
                37.3902275,
                55.9033576
              ],
              [
                37.3899733,
                55.9038314
              ],
              [
                37.389907799999996,
                55.90460469999999
              ],
              [
                37.3902377,
                55.91264889999999
              ],
              [
                37.3900178,
                55.9128443
              ],
              [
                37.386723999999994,
                55.911657
              ],
              [
                37.3830057,
                55.91135919999999
              ],
              [
                37.37835019999999,
                55.911489499999995
              ],
              [
                37.37679519999999,
                55.911243899999995
              ],
              [
                37.3729634,
                55.9096375
              ],
              [
                37.3698614,
                55.908195899999996
              ]
            ]
          ]
        ]
      }
    },
    {
      "type": "Feature",
      "properties": {
        "id": 444812,
        "level": "district",
        "name_ru": "район Кузьминки",
        "parent_id": 1278703,
        "bbox": [
          37.74523249999999,
          55.680187499999995,
          37.8056978,
          55.7168426
        ]
      },
      "geometry": {
        "type": "MultiPolygon",
        "coordinates": [
          [
            [
              [
                37.7475983,
                55.709927799999996
              ],
              [
                37.74792039999999,
                55.708068399999995
              ],
              [
                37.7478168,
                55.7077911
              ],
              [
                37.74530299999999,
                55.708127099999984
              ],
              [
                37.74523249999999,
                55.70792879999999
              ],
              [
                37.7559618,
                55.6916568
              ],
              [
                37.7560367,
                55.6912976
              ],
              [
                37.7556934,
                55.6907633
              ],
              [
                37.757314599999994,
                55.6906156
              ],
              [
                37.7582611,
                55.6903268
              ],
              [
                37.759118699999995,
                55.69021209999999
              ],
              [
                37.7590921,
                55.6904198
              ],
              [
                37.7600933,
                55.69052309999999
              ],
              [
                37.7604254,
                55.69097029999999
              ],
              [
                37.760854,
                55.691025599999996
              ],
              [
                37.76112069999999,
                55.690589599999996
              ],
              [
                37.76072409999999,
                55.689739999999986
              ],
              [
                37.7611915,
                55.68874089999999
              ],
              [
                37.762633699999995,
                55.68812779999998
              ],
              [
                37.7641678,
                55.68843809999999
              ],
              [
                37.76469089999999,
                55.687873999999994
              ],
              [
                37.7664647,
                55.6875234
              ],
              [
                37.76704349999999,
                55.68724869999999
              ],
              [
                37.7850256,
                55.68341299999999
              ],
              [
                37.78888009999999,
                55.681295799999994
              ],
              [
                37.792502199999994,
                55.683121099999994
              ],
              [
                37.7935212,
                55.68287699999999
              ],
              [
                37.79832929999999,
                55.680187499999995
              ],
              [
                37.8025289,
                55.68048689999999
              ],
              [
                37.80545099999999,
                55.6869238
              ],
              [
                37.8056978,
                55.6875887
              ],
              [
                37.805378499999996,
                55.687629699999995
              ],
              [
                37.8055047,
                55.687955
              ],
              [
                37.8016597,
                55.688776399999995
              ],
              [
                37.79857739999999,
                55.6889831
              ],
              [
                37.7966481,
                55.6885669
              ],
              [
                37.7957769,
                55.6884727
              ],
              [
                37.794761199999996,
                55.68798619999999
              ],
              [
                37.7945234,
                55.688143200000006
              ],
              [
                37.7939673,
                55.6879612
              ],
              [
                37.79371489999999,
                55.6879754
              ],
              [
                37.792801399999995,
                55.68768579999998
              ],
              [
                37.7925847,
                55.687491399999985
              ],
              [
                37.79112409999999,
                55.687105200000005
              ],
              [
                37.7902945,
                55.6873266
              ],
              [
                37.7888294,
                55.688037900000005
              ],
              [
                37.7886463,
                55.6879845
              ],
              [
                37.7886823,
                55.68810089999999
              ],
              [
                37.7876734,
                55.68860979999999
              ],
              [
                37.787243499999995,
                55.6891162
              ],
              [
                37.7871898,
                55.689512
              ],
              [
                37.7874699,
                55.69026829999999
              ],
              [
                37.7872374,
                55.69031829999999
              ],
              [
                37.7872589,
                55.690481
              ],
              [
                37.7893802,
                55.6903614
              ],
              [
                37.7895141,
                55.6906717
              ],
              [
                37.7945449,
                55.707373999999994
              ],
              [
                37.7806651,
                55.70924180000001
              ],
              [
                37.77829779999999,
                55.71196069999999
              ],
              [
                37.7743975,
                55.7168426
              ],
              [
                37.7475983,
                55.709927799999996
              ]
            ]
          ]
        ]
      }
    },
    {
      "type": "Feature",
      "properties": {
        "id": 444908,
        "level": "district",
        "name_ru": "Донской район",
        "parent_id": 1282181,
        "bbox": [
          37.5821396,
          55.689104799999996,
          37.6288682,
          55.721426599999994
        ]
      },
      "geometry": {
        "type": "MultiPolygon",
        "coordinates": [
          [
            [
              [
                37.5821396,
                55.710992499999996
              ],
              [
                37.5834012,
                55.7100423
              ],
              [
                37.5853646,
                55.7088144
              ],
              [
                37.588752899999996,
                55.70712180000001
              ],
              [
                37.58734239999999,
                55.7063265
              ],
              [
                37.5961214,
                55.69613369999998
              ],
              [
                37.597028,
                55.6952161
              ],
              [
                37.6012404,
                55.6917549
              ],
              [
                37.6015422,
                55.69155159999999
              ],
              [
                37.60197569999999,
                55.69153669999999
              ],
              [
                37.6037863,
                55.6906298
              ],
              [
                37.603738099999994,
                55.6905249
              ],
              [
                37.605969699999996,
                55.68977979999999
              ],
              [
                37.6081155,
                55.6893299
              ],
              [
                37.610424200000004,
                55.6891082
              ],
              [
                37.6125916,
                55.689104799999996
              ],
              [
                37.6147965,
                55.6893176
              ],
              [
                37.62236479999999,
                55.69083389999999
              ],
              [
                37.6288682,
                55.69174919999998
              ],
              [
                37.628308,
                55.6939962
              ],
              [
                37.6281364,
                55.699824899999996
              ],
              [
                37.6281364,
                55.7034524
              ],
              [
                37.62857269999999,
                55.70525529999999
              ],
              [
                37.6209921,
                55.706052099999994
              ],
              [
                37.6173181,
                55.7055294
              ],
              [
                37.616356,
                55.7050683
              ],
              [
                37.61134429999999,
                55.704309
              ],
              [
                37.6081449,
                55.7076311
              ],
              [
                37.6074897,
                55.707521299999996
              ],
              [
                37.6064078,
                55.7095217
              ],
              [
                37.606156500000004,
                55.711068899999994
              ],
              [
                37.6082869,
                55.71673049999999
              ],
              [
                37.61361709999999,
                55.7166503
              ],
              [
                37.61365599999999,
                55.7198206
              ],
              [
                37.61557729999999,
                55.72008289999999
              ],
              [
                37.614391299999994,
                55.72099909999999
              ],
              [
                37.6100957,
                55.721426599999994
              ],
              [
                37.6093473,
                55.71952129999999
              ],
              [
                37.60030999999999,
                55.72130119999999
              ],
              [
                37.59812809999999,
                55.71984669999999
              ],
              [
                37.5974937,
                55.7201418
              ],
              [
                37.59723679999999,
                55.7199632
              ],
              [
                37.596855399999995,
                55.720130299999994
              ],
              [
                37.5940838,
                55.7183252
              ],
              [
                37.59256489999999,
                55.719146
              ],
              [
                37.5926185,
                55.7194059
              ],
              [
                37.5929726,
                55.71957509999999
              ],
              [
                37.592714599999994,
                55.719686
              ],
              [
                37.5922285,
                55.71942849999999
              ],
              [
                37.5921327,
                55.71882779999999
              ],
              [
                37.590795099999994,
                55.717873
              ],
              [
                37.5908118,
                55.71774649999999
              ],
              [
                37.5916661,
                55.7174589
              ],
              [
                37.5926713,
                55.7168706
              ],
              [
                37.5919057,
                55.71637909999999
              ],
              [
                37.591720699999996,
                55.7164483
              ],
              [
                37.5906915,
                55.71568659999999
              ],
              [
                37.5905037,
                55.71574559999999
              ],
              [
                37.58923729999999,
                55.714854499999994
              ],
              [
                37.5894204,
                55.71477019999999
              ],
              [
                37.5891755,
                55.714579099999995
              ],
              [
                37.5889792,
                55.71467539999999
              ],
              [
                37.5879384,
                55.71395309999999
              ],
              [
                37.5884454,
                55.71376279999999
              ],
              [
                37.5878737,
                55.7132951
              ],
              [
                37.58833609999999,
                55.71309589999999
              ],
              [
                37.585594,
                55.711091
              ],
              [
                37.585232,
                55.7112481
              ],
              [
                37.5839253,
                55.711013799999996
              ],
              [
                37.5827864,
                55.7112279
              ],
              [
                37.5821396,
                55.710992499999996
              ]
            ]
          ]
        ]
      }
    },
    {
      "type": "Feature",
      "properties": {
        "id": 445273,
        "level": "district",
        "name_ru": "район Левобережный",
        "parent_id": 162903,
        "bbox": [
          37.436483499999994,
          55.84711819999998,
          37.4968063,
          55.8841651
        ]
      },
      "geometry": {
        "type": "MultiPolygon",
        "coordinates": [
          [
            [
              [
                37.436483499999994,
                55.879578599999995
              ],
              [
                37.437785,
                55.87856449999999
              ],
              [
                37.4379783,
                55.877216099999984
              ],
              [
                37.4387242,
                55.876534299999996
              ],
              [
                37.44013319999999,
                55.8758523
              ],
              [
                37.4426198,
                55.874410999999995
              ],
              [
                37.4449403,
                55.873419
              ],
              [
                37.44762239999999,
                55.8719788
              ],
              [
                37.4514503,
                55.870264799999994
              ],
              [
                37.45289209999999,
                55.870062600000004
              ],
              [
                37.45397349999999,
                55.87011599999999
              ],
              [
                37.4546027,
                55.86848989999999
              ],
              [
                37.45454939999999,
                55.86714159999999
              ],
              [
                37.455091,
                55.8646893
              ],
              [
                37.4559372,
                55.86284259999999
              ],
              [
                37.4560826,
                55.86188479999999
              ],
              [
                37.45660139999999,
                55.86085859999999
              ],
              [
                37.457706800000004,
                55.859837399999996
              ],
              [
                37.4588211,
                55.85763849999999
              ],
              [
                37.4594457,
                55.85632089999999
              ],
              [
                37.4601813,
                55.85410589999999
              ],
              [
                37.460847199999996,
                55.85300399999999
              ],
              [
                37.46100609999999,
                55.8518067
              ],
              [
                37.4613263,
                55.851045000000006
              ],
              [
                37.462894199999994,
                55.8500763
              ],
              [
                37.4636035,
                55.8490863
              ],
              [
                37.4634933,
                55.848199699999995
              ],
              [
                37.4644625,
                55.84711819999998
              ],
              [
                37.4673292,
                55.84811489999999
              ],
              [
                37.4757433,
                55.85008539999998
              ],
              [
                37.4791302,
                55.8504615
              ],
              [
                37.4806523,
                55.85049179999999
              ],
              [
                37.4848464,
                55.85030389999999
              ],
              [
                37.4871649,
                55.8503716
              ],
              [
                37.49092399999999,
                55.85065289999999
              ],
              [
                37.4924962,
                55.85097739999999
              ],
              [
                37.4968063,
                55.8525226
              ],
              [
                37.4891516,
                55.859132
              ],
              [
                37.4854466,
                55.858219599999984
              ],
              [
                37.4813231,
                55.8615917
              ],
              [
                37.4772038,
                55.8653303
              ],
              [
                37.4764525,
                55.8660554
              ],
              [
                37.47754520000001,
                55.86645399999999
              ],
              [
                37.4791125,
                55.86672159999999
              ],
              [
                37.4790466,
                55.866798999999986
              ],
              [
                37.4692079,
                55.87616969999999
              ],
              [
                37.4691659,
                55.87636079999999
              ],
              [
                37.4694171,
                55.876570199999996
              ],
              [
                37.4680781,
                55.877777
              ],
              [
                37.4666217,
                55.879422999999996
              ],
              [
                37.4657228,
                55.8801361
              ],
              [
                37.4642449,
                55.88090189999999
              ],
              [
                37.4636107,
                55.881104199999996
              ],
              [
                37.4625313,
                55.88185860000001
              ],
              [
                37.46249259999999,
                55.882721
              ],
              [
                37.4647226,
                55.883459599999995
              ],
              [
                37.46283209999999,
                55.8832171
              ],
              [
                37.4555653,
                55.8832034
              ],
              [
                37.4545974,
                55.88303249999999
              ],
              [
                37.4483383,
                55.88277389999999
              ],
              [
                37.4439641,
                55.88314230000001
              ],
              [
                37.4424188,
                55.8841651
              ],
              [
                37.4415353,
                55.88383900000001
              ],
              [
                37.441984,
                55.8832633
              ],
              [
                37.441977699999995,
                55.8827631
              ],
              [
                37.4415837,
                55.8816922
              ],
              [
                37.4412022,
                55.881225799999996
              ],
              [
                37.44047449999999,
                55.8808216
              ],
              [
                37.436483499999994,
                55.879578599999995
              ]
            ]
          ]
        ]
      }
    },
    {
      "type": "Feature",
      "properties": {
        "id": 445274,
        "level": "district",
        "name_ru": "район Ховрино",
        "parent_id": 162903,
        "bbox": [
          37.46249259999999,
          55.8525226,
          37.514194599999996,
          55.88529919999999
        ]
      },
      "geometry": {
        "type": "MultiPolygon",
        "coordinates": [
          [
            [
              [
                37.46412569999999,
                55.8809203
              ],
              [
                37.4657228,
                55.8801361
              ],
              [
                37.4666217,
                55.879422999999996
              ],
              [
                37.4680781,
                55.877777
              ],
              [
                37.4694171,
                55.876570199999996
              ],
              [
                37.4691659,
                55.87636079999999
              ],
              [
                37.4692079,
                55.87616969999999
              ],
              [
                37.4790466,
                55.866798999999986
              ],
              [
                37.4791125,
                55.86672159999999
              ],
              [
                37.47754520000001,
                55.86645399999999
              ],
              [
                37.4764525,
                55.8660554
              ],
              [
                37.4798561,
                55.862858399999986
              ],
              [
                37.4854466,
                55.858219599999984
              ],
              [
                37.4891516,
                55.859132
              ],
              [
                37.4968063,
                55.8525226
              ],
              [
                37.5111923,
                55.8577385
              ],
              [
                37.5053139,
                55.8620088
              ],
              [
                37.5055045,
                55.8621761
              ],
              [
                37.5054236,
                55.86238999999999
              ],
              [
                37.5100355,
                55.86438689999999
              ],
              [
                37.514194599999996,
                55.8676902
              ],
              [
                37.473697,
                55.88529919999999
              ],
              [
                37.4673166,
                55.883792699999994
              ],
              [
                37.4647226,
                55.883459599999995
              ],
              [
                37.46249259999999,
                55.882721
              ],
              [
                37.4625313,
                55.88185860000001
              ],
              [
                37.4636107,
                55.881104199999996
              ],
              [
                37.46412569999999,
                55.8809203
              ]
            ]
          ]
        ]
      }
    },
    {
      "type": "Feature",
      "properties": {
        "id": 445275,
        "level": "district",
        "name_ru": "район Западное Дегунино",
        "parent_id": 162903,
        "bbox": [
          37.473697,
          55.8483563,
          37.5669075,
          55.892806499999985
        ]
      },
      "geometry": {
        "type": "MultiPolygon",
        "coordinates": [
          [
            [
              [
                37.473697,
                55.88529919999999
              ],
              [
                37.5470392,
                55.85352
              ],
              [
                37.5551837,
                55.8483563
              ],
              [
                37.5576288,
                55.8491243
              ],
              [
                37.560581299999996,
                55.84960589999999
              ],
              [
                37.56432569999999,
                55.849724599999995
              ],
              [
                37.5669075,
                55.849514899999996
              ],
              [
                37.5640046,
                55.8532033
              ],
              [
                37.5607725,
                55.85696859999999
              ],
              [
                37.56025489999999,
                55.8573525
              ],
              [
                37.5516664,
                55.8617811
              ],
              [
                37.5485229,
                55.863647499999985
              ],
              [
                37.547836,
                55.8638419
              ],
              [
                37.54594339999999,
                55.864871599999994
              ],
              [
                37.5314357,
                55.8716267
              ],
              [
                37.5263284,
                55.87502609999999
              ],
              [
                37.5116685,
                55.889294199999995
              ],
              [
                37.508936,
                55.8879612
              ],
              [
                37.5060167,
                55.886091
              ],
              [
                37.50452039999999,
                55.88733369999999
              ],
              [
                37.5020458,
                55.889034499999994
              ],
              [
                37.4975745,
                55.89129209999999
              ],
              [
                37.496035,
                55.8926033
              ],
              [
                37.4955095,
                55.892762499999996
              ],
              [
                37.4948148,
                55.892806499999985
              ],
              [
                37.49413319999999,
                55.8925847
              ],
              [
                37.4938678,
                55.8923808
              ],
              [
                37.4928601,
                55.89098229999999
              ],
              [
                37.485935299999994,
                55.88839879999999
              ],
              [
                37.485275599999994,
                55.88855650000001
              ],
              [
                37.484849399999995,
                55.8888036
              ],
              [
                37.4839947,
                55.890650099999995
              ],
              [
                37.4835978,
                55.89065039999999
              ],
              [
                37.4833469,
                55.8897276
              ],
              [
                37.4827414,
                55.888758599999996
              ],
              [
                37.4823164,
                55.88838020000001
              ],
              [
                37.47993819999999,
                55.8873168
              ],
              [
                37.4759345,
                55.88586449999999
              ],
              [
                37.473697,
                55.88529919999999
              ]
            ]
          ]
        ]
      }
    },
    {
      "type": "Feature",
      "properties": {
        "id": 445276,
        "level": "district",
        "name_ru": "Тимирязевский район",
        "parent_id": 162903,
        "bbox": [
          37.5317779,
          55.804907099999994,
          37.5847301,
          55.8497275
        ]
      },
      "geometry": {
        "type": "MultiPolygon",
        "coordinates": [
          [
            [
              [
                37.5317779,
                55.83138819999999
              ],
              [
                37.53202699999999,
                55.831332
              ],
              [
                37.53206159999999,
                55.83067969999999
              ],
              [
                37.5324463,
                55.82961910000001
              ],
              [
                37.53282840000001,
                55.825467999999994
              ],
              [
                37.5327252,
                55.824626899999984
              ],
              [
                37.531938,
                55.82261449999999
              ],
              [
                37.531977,
                55.8218499
              ],
              [
                37.53255239999999,
                55.82138739999999
              ],
              [
                37.533897499999995,
                55.82071049999998
              ],
              [
                37.5352707,
                55.81973169999999
              ],
              [
                37.5361961,
                55.818661599999984
              ],
              [
                37.53794789999999,
                55.8170434
              ],
              [
                37.539334,
                55.815141700000005
              ],
              [
                37.541112999999996,
                55.81208480000001
              ],
              [
                37.54077830000001,
                55.81189700000001
              ],
              [
                37.5510947,
                55.806249799999996
              ],
              [
                37.552889400000005,
                55.805641
              ],
              [
                37.555093899999996,
                55.80514329999999
              ],
              [
                37.55719119999999,
                55.804907099999994
              ],
              [
                37.5591176,
                55.8049283
              ],
              [
                37.5720312,
                55.806771
              ],
              [
                37.5758558,
                55.8075172
              ],
              [
                37.580652199999996,
                55.8082874
              ],
              [
                37.5831369,
                55.80862149999999
              ],
              [
                37.5847301,
                55.808682399999995
              ],
              [
                37.5804261,
                55.81085239999999
              ],
              [
                37.5793077,
                55.8118077
              ],
              [
                37.5788313,
                55.8126214
              ],
              [
                37.5778185,
                55.81664059999998
              ],
              [
                37.5745532,
                55.82111609999999
              ],
              [
                37.5740221,
                55.8223928
              ],
              [
                37.57357559999999,
                55.8305841
              ],
              [
                37.573685,
                55.831843899999996
              ],
              [
                37.5741054,
                55.832865
              ],
              [
                37.57467720000001,
                55.8336306
              ],
              [
                37.57739959999999,
                55.835901799999995
              ],
              [
                37.5781537,
                55.8367858
              ],
              [
                37.5785402,
                55.83758850000001
              ],
              [
                37.57873949999999,
                55.8386144
              ],
              [
                37.5786726,
                55.8394438
              ],
              [
                37.5782717,
                55.840625399999986
              ],
              [
                37.5777068,
                55.84144079999999
              ],
              [
                37.5756422,
                55.84358399999999
              ],
              [
                37.5752619,
                55.84422319999999
              ],
              [
                37.5737717,
                55.84847629999999
              ],
              [
                37.5675091,
                55.8494556
              ],
              [
                37.56507589999999,
                55.8496922
              ],
              [
                37.5631443,
                55.8497275
              ],
              [
                37.56099089999999,
                55.84964399999999
              ],
              [
                37.5587988,
                55.84936519999999
              ],
              [
                37.557268099999995,
                55.8490288
              ],
              [
                37.5551837,
                55.8483563
              ],
              [
                37.5605395,
                55.84484159999999
              ],
              [
                37.5389481,
                55.836654299999985
              ],
              [
                37.5342016,
                55.83396219999999
              ],
              [
                37.5336446,
                55.83350879999999
              ],
              [
                37.5317779,
                55.83138819999999
              ]
            ]
          ]
        ]
      }
    },
    {
      "type": "Feature",
      "properties": {
        "id": 445277,
        "level": "district",
        "name_ru": "район Коптево",
        "parent_id": 162903,
        "bbox": [
          37.5048366,
          55.81189700000001,
          37.5605395,
          55.8483563
        ]
      },
      "geometry": {
        "type": "MultiPolygon",
        "coordinates": [
          [
            [
              [
                37.5048366,
                55.8371674
              ],
              [
                37.50506969999999,
                55.8368322
              ],
              [
                37.505557,
                55.8367004
              ],
              [
                37.5069229,
                55.835581499999996
              ],
              [
                37.507890599999996,
                55.8341234
              ],
              [
                37.508772699999994,
                55.8331399
              ],
              [
                37.508750299999996,
                55.83274169999999
              ],
              [
                37.507779299999996,
                55.832093799999996
              ],
              [
                37.5106989,
                55.83053119999999
              ],
              [
                37.5111619,
                55.8300037
              ],
              [
                37.5147995,
                55.8278203
              ],
              [
                37.514766699999996,
                55.8275894
              ],
              [
                37.5143604,
                55.827442699999985
              ],
              [
                37.5194402,
                55.821303799999995
              ],
              [
                37.5194937,
                55.82104270000001
              ],
              [
                37.5178555,
                55.8189323
              ],
              [
                37.517880899999994,
                55.818625999999995
              ],
              [
                37.5216153,
                55.8175996
              ],
              [
                37.5194516,
                55.815846399999984
              ],
              [
                37.5194971,
                55.81517389999999
              ],
              [
                37.5289131,
                55.8155891
              ],
              [
                37.531371099999994,
                55.815554500000005
              ],
              [
                37.5325883,
                55.815418699999995
              ],
              [
                37.5352761,
                55.81477209999999
              ],
              [
                37.5364835,
                55.81426129999999
              ],
              [
                37.54077830000001,
                55.81189700000001
              ],
              [
                37.541112999999996,
                55.81208480000001
              ],
              [
                37.539334,
                55.815141700000005
              ],
              [
                37.53794789999999,
                55.8170434
              ],
              [
                37.5361961,
                55.818661599999984
              ],
              [
                37.5352707,
                55.81973169999999
              ],
              [
                37.533897499999995,
                55.82071049999998
              ],
              [
                37.53255239999999,
                55.82138739999999
              ],
              [
                37.531977,
                55.8218499
              ],
              [
                37.531938,
                55.82261449999999
              ],
              [
                37.5327252,
                55.824626899999984
              ],
              [
                37.53282840000001,
                55.825467999999994
              ],
              [
                37.5324463,
                55.82961910000001
              ],
              [
                37.53206159999999,
                55.83067969999999
              ],
              [
                37.53202699999999,
                55.831332
              ],
              [
                37.5317779,
                55.83138819999999
              ],
              [
                37.5336446,
                55.83350879999999
              ],
              [
                37.5342016,
                55.83396219999999
              ],
              [
                37.5389481,
                55.836654299999985
              ],
              [
                37.5605395,
                55.84484159999999
              ],
              [
                37.5551837,
                55.8483563
              ],
              [
                37.55054700000001,
                55.84689159999999
              ],
              [
                37.524628199999995,
                55.8414406
              ],
              [
                37.5230715,
                55.84098229999999
              ],
              [
                37.5223312,
                55.84172179999999
              ],
              [
                37.52080569999999,
                55.841210499999995
              ],
              [
                37.519357899999996,
                55.84136329999999
              ],
              [
                37.51871349999999,
                55.8412773
              ],
              [
                37.518030399999994,
                55.841084599999995
              ],
              [
                37.5175129,
                55.840804899999995
              ],
              [
                37.515008,
                55.8380905
              ],
              [
                37.5147173,
                55.837945299999994
              ],
              [
                37.5048366,
                55.8371674
              ]
            ]
          ]
        ]
      }
    },
    {
      "type": "Feature",
      "properties": {
        "id": 445278,
        "level": "district",
        "name_ru": "Дмитровский район",
        "parent_id": 162903,
        "bbox": [
          37.496254199999996,
          55.872827099999995,
          37.5519785,
          55.90756739999999
        ]
      },
      "geometry": {
        "type": "MultiPolygon",
        "coordinates": [
          [
            [
              [
                37.496254199999996,
                55.89247949999999
              ],
              [
                37.4975745,
                55.89129209999999
              ],
              [
                37.5020458,
                55.889034499999994
              ],
              [
                37.50452039999999,
                55.88733369999999
              ],
              [
                37.5060167,
                55.886091
              ],
              [
                37.508936,
                55.8879612
              ],
              [
                37.5116685,
                55.889294199999995
              ],
              [
                37.5263284,
                55.87502609999999
              ],
              [
                37.52965819999999,
                55.872827099999995
              ],
              [
                37.53064139999999,
                55.873325699999995
              ],
              [
                37.53085719999999,
                55.873086699999995
              ],
              [
                37.53182689999999,
                55.87341949999998
              ],
              [
                37.5308345,
                55.87450599999998
              ],
              [
                37.533175699999994,
                55.87500159999999
              ],
              [
                37.5332385,
                55.875096199999994
              ],
              [
                37.5341007,
                55.8753079
              ],
              [
                37.53374109999999,
                55.87611449999999
              ],
              [
                37.5454898,
                55.878114999999994
              ],
              [
                37.5462771,
                55.87831849999999
              ],
              [
                37.5436837,
                55.8827811
              ],
              [
                37.54318179999999,
                55.8849029
              ],
              [
                37.5430448,
                55.8872354
              ],
              [
                37.5507976,
                55.88731
              ],
              [
                37.5509618,
                55.890619399999984
              ],
              [
                37.550342199999996,
                55.89062959999999
              ],
              [
                37.55031,
                55.89171859999999
              ],
              [
                37.5506641,
                55.8918389
              ],
              [
                37.5511898,
                55.8918389
              ],
              [
                37.5513014,
                55.8927226
              ],
              [
                37.55160279999999,
                55.89286709999998
              ],
              [
                37.5513476,
                55.8966756
              ],
              [
                37.5519785,
                55.8977748
              ],
              [
                37.5428854,
                55.9011424
              ],
              [
                37.5411696,
                55.9020266
              ],
              [
                37.5399434,
                55.90288439999999
              ],
              [
                37.5383126,
                55.90442819999999
              ],
              [
                37.5376117,
                55.90547529999999
              ],
              [
                37.5368342,
                55.90711729999999
              ],
              [
                37.5363206,
                55.90756739999999
              ],
              [
                37.5318958,
                55.906827899999996
              ],
              [
                37.5279378,
                55.90601499999999
              ],
              [
                37.526001599999994,
                55.905487699999995
              ],
              [
                37.5244518,
                55.9049172
              ],
              [
                37.5176473,
                55.9019945
              ],
              [
                37.496254199999996,
                55.89247949999999
              ]
            ]
          ]
        ]
      }
    },
    {
      "type": "Feature",
      "properties": {
        "id": 445279,
        "level": "district",
        "name_ru": "район Северное Тушино",
        "parent_id": 446092,
        "bbox": [
          37.39375179999999,
          55.848743699999986,
          37.460847199999996,
          55.879578599999995
        ]
      },
      "geometry": {
        "type": "MultiPolygon",
        "coordinates": [
          [
            [
              [
                37.39375179999999,
                55.8517851
              ],
              [
                37.39519649999999,
                55.85179039999999
              ],
              [
                37.396595700000006,
                55.85164300000001
              ],
              [
                37.4017056,
                55.8508315
              ],
              [
                37.4033488,
                55.8504834
              ],
              [
                37.4114051,
                55.85051359999999
              ],
              [
                37.4130327,
                55.85042489999999
              ],
              [
                37.415474999999994,
                55.850044499999996
              ],
              [
                37.4193304,
                55.8489708
              ],
              [
                37.4214434,
                55.848743699999986
              ],
              [
                37.4383122,
                55.8505654
              ],
              [
                37.4416819,
                55.85083409999999
              ],
              [
                37.460847199999996,
                55.85300399999999
              ],
              [
                37.4601813,
                55.85410589999999
              ],
              [
                37.4594457,
                55.85632089999999
              ],
              [
                37.457706800000004,
                55.859837399999996
              ],
              [
                37.45660139999999,
                55.86085859999999
              ],
              [
                37.4560826,
                55.86188479999999
              ],
              [
                37.4559372,
                55.86284259999999
              ],
              [
                37.455091,
                55.8646893
              ],
              [
                37.45454939999999,
                55.86714159999999
              ],
              [
                37.4546027,
                55.86848989999999
              ],
              [
                37.45397349999999,
                55.87011599999999
              ],
              [
                37.45289209999999,
                55.870062600000004
              ],
              [
                37.4514503,
                55.870264799999994
              ],
              [
                37.44762239999999,
                55.8719788
              ],
              [
                37.4449403,
                55.873419
              ],
              [
                37.4426198,
                55.874410999999995
              ],
              [
                37.44013319999999,
                55.8758523
              ],
              [
                37.4387242,
                55.876534299999996
              ],
              [
                37.4379783,
                55.877216099999984
              ],
              [
                37.437785,
                55.87856449999999
              ],
              [
                37.436483499999994,
                55.879578599999995
              ],
              [
                37.4205708,
                55.87464099999999
              ],
              [
                37.41522479999999,
                55.87274379999999
              ],
              [
                37.412359599999995,
                55.871541
              ],
              [
                37.4068486,
                55.8684287
              ],
              [
                37.40507959999999,
                55.86724009999999
              ],
              [
                37.40166219999999,
                55.8644698
              ],
              [
                37.39959939999999,
                55.862302299999996
              ],
              [
                37.39763979999999,
                55.859973499999995
              ],
              [
                37.39455610000001,
                55.854402300000004
              ],
              [
                37.3950478,
                55.8543249
              ],
              [
                37.39375179999999,
                55.8517851
              ]
            ]
          ]
        ]
      }
    },
    {
      "type": "Feature",
      "properties": {
        "id": 445280,
        "level": "district",
        "name_ru": "район Сокол",
        "parent_id": 162903,
        "bbox": [
          37.4868576,
          55.7910836,
          37.5204392,
          55.815334
        ]
      },
      "geometry": {
        "type": "MultiPolygon",
        "coordinates": [
          [
            [
              [
                37.4868576,
                55.815334
              ],
              [
                37.48722399999999,
                55.81327839999999
              ],
              [
                37.4878979,
                55.81210209999999
              ],
              [
                37.490855499999995,
                55.80847539999999
              ],
              [
                37.50254629999999,
                55.79486599999999
              ],
              [
                37.50324929999999,
                55.793454399999995
              ],
              [
                37.5038208,
                55.7910836
              ],
              [
                37.5182853,
                55.79350130000001
              ],
              [
                37.5188944,
                55.794416299999995
              ],
              [
                37.5178925,
                55.794761199999996
              ],
              [
                37.51820299999999,
                55.795304699999996
              ],
              [
                37.5204392,
                55.8037368
              ],
              [
                37.5110095,
                55.8060827
              ],
              [
                37.514658499999996,
                55.8102323
              ],
              [
                37.5151267,
                55.81052589999999
              ],
              [
                37.5163054,
                55.8117296
              ],
              [
                37.5168811,
                55.8119561
              ],
              [
                37.5194971,
                55.81517389999999
              ],
              [
                37.50808189999999,
                55.8147507
              ],
              [
                37.4868576,
                55.815334
              ]
            ]
          ]
        ]
      }
    },
    {
      "type": "Feature",
      "properties": {
        "id": 445281,
        "level": "district",
        "name_ru": "Савёловский район",
        "parent_id": 162903,
        "bbox": [
          37.5484606,
          55.79140979999999,
          37.586530100000004,
          55.8082874
        ]
      },
      "geometry": {
        "type": "MultiPolygon",
        "coordinates": [
          [
            [
              [
                37.5484606,
                55.80663400000001
              ],
              [
                37.551062699999996,
                55.80463100000001
              ],
              [
                37.5557198,
                55.800734399999996
              ],
              [
                37.56097809999999,
                55.795787999999995
              ],
              [
                37.56329159999999,
                55.793882499999995
              ],
              [
                37.56377049999999,
                55.79359849999999
              ],
              [
                37.5691929,
                55.791552
              ],
              [
                37.5696293,
                55.79140979999999
              ],
              [
                37.5839861,
                55.79222089999999
              ],
              [
                37.586530100000004,
                55.79343759999999
              ],
              [
                37.58481580000001,
                55.79449859999999
              ],
              [
                37.5843884,
                55.79508289999998
              ],
              [
                37.5835067,
                55.801021799999994
              ],
              [
                37.5823396,
                55.80552109999999
              ],
              [
                37.580652199999996,
                55.8082874
              ],
              [
                37.5758558,
                55.8075172
              ],
              [
                37.5720312,
                55.806771
              ],
              [
                37.560897,
                55.80513309999999
              ],
              [
                37.558536499999995,
                55.804893899999996
              ],
              [
                37.5558435,
                55.80502239999999
              ],
              [
                37.55383609999999,
                55.80539730000001
              ],
              [
                37.5513667,
                55.8061438
              ],
              [
                37.5494647,
                55.8070814
              ],
              [
                37.5484606,
                55.80663400000001
              ]
            ]
          ]
        ]
      }
    },
    {
      "type": "Feature",
      "properties": {
        "id": 445282,
        "level": "district",
        "name_ru": "район Отрадное",
        "parent_id": 1252558,
        "bbox": [
          37.57137099999999,
          55.84648229999999,
          37.6351086,
          55.8803338
        ]
      },
      "geometry": {
        "type": "MultiPolygon",
        "coordinates": [
          [
            [
              [
                37.57137099999999,
                55.87018179999999
              ],
              [
                37.5746003,
                55.8621169
              ],
              [
                37.57454640000001,
                55.85989310000001
              ],
              [
                37.57270739999999,
                55.854734699999995
              ],
              [
                37.57267819999999,
                55.8532062
              ],
              [
                37.5730897,
                55.850624399999994
              ],
              [
                37.5737717,
                55.84847629999999
              ],
              [
                37.5766288,
                55.8479923
              ],
              [
                37.6100772,
                55.846659499999994
              ],
              [
                37.612321,
                55.84648229999999
              ],
              [
                37.620091499999994,
                55.854404499999994
              ],
              [
                37.6203755,
                55.85513099999999
              ],
              [
                37.62035809999999,
                55.859264499999995
              ],
              [
                37.6232793,
                55.8582061
              ],
              [
                37.62499129999999,
                55.857882100000005
              ],
              [
                37.62516709999999,
                55.857712299999996
              ],
              [
                37.625088500000004,
                55.85741149999999
              ],
              [
                37.62591499999999,
                55.8572096
              ],
              [
                37.6270714,
                55.85698959999999
              ],
              [
                37.62868129999999,
                55.85689849999999
              ],
              [
                37.6307842,
                55.8569752
              ],
              [
                37.6312949,
                55.85754669999998
              ],
              [
                37.6318139,
                55.85750709999999
              ],
              [
                37.6320329,
                55.8572914
              ],
              [
                37.632900799999994,
                55.85735669999999
              ],
              [
                37.633053999999994,
                55.8576837
              ],
              [
                37.632874699999995,
                55.85917589999999
              ],
              [
                37.63321789999999,
                55.8598928
              ],
              [
                37.633854799999995,
                55.86061389999998
              ],
              [
                37.6351086,
                55.86136969999999
              ],
              [
                37.6344903,
                55.86173089999998
              ],
              [
                37.63415549999999,
                55.86219779999998
              ],
              [
                37.6337472,
                55.86245309999999
              ],
              [
                37.634473899999996,
                55.86294929999999
              ],
              [
                37.634628299999996,
                55.8633133
              ],
              [
                37.6343812,
                55.86337970000001
              ],
              [
                37.63374889999999,
                55.8632435
              ],
              [
                37.63270789999999,
                55.86385469999999
              ],
              [
                37.63313759999999,
                55.864143899999995
              ],
              [
                37.6331656,
                55.864354799999994
              ],
              [
                37.6326824,
                55.86453019999999
              ],
              [
                37.6322577,
                55.865071699999994
              ],
              [
                37.6318744,
                55.86530659999998
              ],
              [
                37.6313667,
                55.8653882
              ],
              [
                37.630891999999996,
                55.86509579999999
              ],
              [
                37.63038629999999,
                55.865219599999996
              ],
              [
                37.63058649999999,
                55.86558769999999
              ],
              [
                37.6303579,
                55.86577669999999
              ],
              [
                37.630284599999996,
                55.86704890000001
              ],
              [
                37.62914709999999,
                55.868732699999995
              ],
              [
                37.6286027,
                55.8689589
              ],
              [
                37.627968499999994,
                55.8689826
              ],
              [
                37.6259553,
                55.87036179999999
              ],
              [
                37.6241365,
                55.8707468
              ],
              [
                37.6236301,
                55.87096349999999
              ],
              [
                37.6227031,
                55.8716907
              ],
              [
                37.6218792,
                55.8721482
              ],
              [
                37.6205574,
                55.87239859999999
              ],
              [
                37.61977629999999,
                55.872721199999994
              ],
              [
                37.618935199999996,
                55.87337609999999
              ],
              [
                37.6181144,
                55.87428849999999
              ],
              [
                37.617038599999994,
                55.8746271
              ],
              [
                37.616272,
                55.8750659
              ],
              [
                37.616272,
                55.87522419999999
              ],
              [
                37.6167019,
                55.8753335
              ],
              [
                37.6165675,
                55.875789399999995
              ],
              [
                37.6167959,
                55.87595520000001
              ],
              [
                37.6165877,
                55.87627930000001
              ],
              [
                37.616674999999994,
                55.8769914
              ],
              [
                37.6165675,
                55.8770705
              ],
              [
                37.6159294,
                55.87698389999999
              ],
              [
                37.6156272,
                55.87720620000001
              ],
              [
                37.615605,
                55.8773572
              ],
              [
                37.61588009999999,
                55.8774236
              ],
              [
                37.6160931,
                55.877367599999985
              ],
              [
                37.616177099999994,
                55.877494599999984
              ],
              [
                37.6156226,
                55.8782492
              ],
              [
                37.6162332,
                55.87838359999999
              ],
              [
                37.6163658,
                55.87852789999999
              ],
              [
                37.6162395,
                55.878709599999986
              ],
              [
                37.6167266,
                55.87889159999999
              ],
              [
                37.6169723,
                55.879515899999994
              ],
              [
                37.616818699999996,
                55.87988709999999
              ],
              [
                37.616900799999996,
                55.8803338
              ],
              [
                37.61134069999999,
                55.8799927
              ],
              [
                37.6085761,
                55.8795739
              ],
              [
                37.60754119999999,
                55.8791079
              ],
              [
                37.5941091,
                55.8764897
              ],
              [
                37.58627779999999,
                55.874814
              ],
              [
                37.586027699999995,
                55.872410099999996
              ],
              [
                37.5852988,
                55.8700079
              ],
              [
                37.5834374,
                55.87008589999999
              ],
              [
                37.5721838,
                55.869533299999986
              ],
              [
                37.5718439,
                55.8702225
              ],
              [
                37.57137099999999,
                55.87018179999999
              ]
            ]
          ]
        ]
      }
    },
    {
      "type": "Feature",
      "properties": {
        "id": 445283,
        "level": "district",
        "name_ru": "Молжаниновский район",
        "parent_id": 162903,
        "bbox": [
          37.3313205,
          55.908195899999996,
          37.42245809999999,
          55.957289599999996
        ]
      },
      "geometry": {
        "type": "MultiPolygon",
        "coordinates": [
          [
            [
              [
                37.3698614,
                55.908195899999996
              ],
              [
                37.3729634,
                55.9096375
              ],
              [
                37.37679519999999,
                55.911243899999995
              ],
              [
                37.37835019999999,
                55.911489499999995
              ],
              [
                37.3830057,
                55.91135919999999
              ],
              [
                37.3870521,
                55.91173119999999
              ],
              [
                37.3942619,
                55.914487599999994
              ],
              [
                37.395780599999995,
                55.9154976
              ],
              [
                37.398712999999994,
                55.9166177
              ],
              [
                37.3949359,
                55.91932919999999
              ],
              [
                37.393851,
                55.9211355
              ],
              [
                37.39377799999999,
                55.9215602
              ],
              [
                37.3943312,
                55.9226576
              ],
              [
                37.3968464,
                55.92617009999998
              ],
              [
                37.4084134,
                55.9241346
              ],
              [
                37.4106248,
                55.925248
              ],
              [
                37.4102691,
                55.927206299999995
              ],
              [
                37.4085499,
                55.9285253
              ],
              [
                37.4078184,
                55.928807799999994
              ],
              [
                37.4077466,
                55.9290304
              ],
              [
                37.409427199999996,
                55.929637699999994
              ],
              [
                37.4101622,
                55.930442599999985
              ],
              [
                37.4098611,
                55.9314065
              ],
              [
                37.4101679,
                55.9319133
              ],
              [
                37.4094668,
                55.9330226
              ],
              [
                37.407668799999996,
                55.934691399999984
              ],
              [
                37.406663599999995,
                55.939028
              ],
              [
                37.407719799999995,
                55.9392932
              ],
              [
                37.4074528,
                55.93985399999999
              ],
              [
                37.4082123,
                55.940694099999995
              ],
              [
                37.4081273,
                55.940941800000004
              ],
              [
                37.4084228,
                55.941132499999995
              ],
              [
                37.4082011,
                55.941473099999996
              ],
              [
                37.4085786,
                55.9427713
              ],
              [
                37.4103667,
                55.94525799999999
              ],
              [
                37.415558,
                55.9457605
              ],
              [
                37.4161889,
                55.94654219999999
              ],
              [
                37.4168021,
                55.946739999999984
              ],
              [
                37.4192998,
                55.946696599999996
              ],
              [
                37.4208886,
                55.94719950000001
              ],
              [
                37.4211368,
                55.947481499999995
              ],
              [
                37.4207076,
                55.949716399999986
              ],
              [
                37.4217832,
                55.9502361
              ],
              [
                37.42245809999999,
                55.951314599999996
              ],
              [
                37.4210469,
                55.95161499999999
              ],
              [
                37.4198547,
                55.9515805
              ],
              [
                37.4198359,
                55.951985999999984
              ],
              [
                37.42045819999999,
                55.952516
              ],
              [
                37.4199157,
                55.9530314
              ],
              [
                37.4192398,
                55.95327759999999
              ],
              [
                37.4183366,
                55.95324409999999
              ],
              [
                37.4167889,
                55.95341680000001
              ],
              [
                37.416783599999995,
                55.9539303
              ],
              [
                37.416418099999994,
                55.954322799999986
              ],
              [
                37.41452509999999,
                55.9546181
              ],
              [
                37.4140631,
                55.9545991
              ],
              [
                37.4132377,
                55.954281699999996
              ],
              [
                37.41312239999999,
                55.9541391
              ],
              [
                37.41340129999999,
                55.9537275
              ],
              [
                37.4132317,
                55.9536671
              ],
              [
                37.4129474,
                55.953884
              ],
              [
                37.4121594,
                55.95390629999999
              ],
              [
                37.41200659999999,
                55.9537997
              ],
              [
                37.41216669999999,
                55.95349469999999
              ],
              [
                37.4113789,
                55.953187
              ],
              [
                37.4108344,
                55.95328159999999
              ],
              [
                37.4107962,
                55.95365009999998
              ],
              [
                37.4105387,
                55.9539984
              ],
              [
                37.4099788,
                55.9542187
              ],
              [
                37.4081473,
                55.95391119999999
              ],
              [
                37.40783489999999,
                55.953470499999995
              ],
              [
                37.4074765,
                55.9533538
              ],
              [
                37.4074336,
                55.953087999999994
              ],
              [
                37.4078199,
                55.95291979999999
              ],
              [
                37.40831849999999,
                55.953048900000006
              ],
              [
                37.40856459999999,
                55.9529653
              ],
              [
                37.408641100000004,
                55.9527676
              ],
              [
                37.40819509999999,
                55.952502199999984
              ],
              [
                37.4079001,
                55.951706300000005
              ],
              [
                37.4073959,
                55.95132939999999
              ],
              [
                37.4064732,
                55.951443499999996
              ],
              [
                37.4060869,
                55.95118370000001
              ],
              [
                37.4051723,
                55.9508983
              ],
              [
                37.40386339999999,
                55.950769199999996
              ],
              [
                37.401859699999996,
                55.95029309999999
              ],
              [
                37.4011463,
                55.950297600000006
              ],
              [
                37.4007842,
                55.95009039999999
              ],
              [
                37.3992204,
                55.94994470000001
              ],
              [
                37.3987484,
                55.9497585
              ],
              [
                37.39809929999999,
                55.94972689999999
              ],
              [
                37.3965865,
                55.94937849999999
              ],
              [
                37.3941887,
                55.9485901
              ],
              [
                37.3929045,
                55.94872239999999
              ],
              [
                37.3918632,
                55.94931989999999
              ],
              [
                37.3916139,
                55.9500301
              ],
              [
                37.39174229999999,
                55.95050139999999
              ],
              [
                37.392032,
                55.950833
              ],
              [
                37.392984999999996,
                55.9512875
              ],
              [
                37.393135199999996,
                55.95159389999999
              ],
              [
                37.3930494,
                55.952122499999994
              ],
              [
                37.3927919,
                55.9522727
              ],
              [
                37.3916546,
                55.9522787
              ],
              [
                37.391439999999996,
                55.9521645
              ],
              [
                37.3902599,
                55.95199029999999
              ],
              [
                37.38938009999999,
                55.9523207
              ],
              [
                37.3893479,
                55.952555000000004
              ],
              [
                37.38956249999999,
                55.9528133
              ],
              [
                37.38921919999999,
                55.95308360000001
              ],
              [
                37.3876206,
                55.95332989999999
              ],
              [
                37.386365299999994,
                55.95286129999999
              ],
              [
                37.3860649,
                55.95288539999999
              ],
              [
                37.3852817,
                55.95319769999998
              ],
              [
                37.3847345,
                55.953203699999996
              ],
              [
                37.3833198,
                55.95295509999999
              ],
              [
                37.3828826,
                55.9526653
              ],
              [
                37.3829234,
                55.95228449999998
              ],
              [
                37.3837103,
                55.9515128
              ],
              [
                37.3835505,
                55.95131369999999
              ],
              [
                37.3826149,
                55.9508864
              ],
              [
                37.3815823,
                55.95079319999999
              ],
              [
                37.38093849999999,
                55.950959899999994
              ],
              [
                37.3795035,
                55.9516402
              ],
              [
                37.37720219999999,
                55.952478199999995
              ],
              [
                37.3752549,
                55.953592500000006
              ],
              [
                37.3750913,
                55.9540385
              ],
              [
                37.3751584,
                55.954410899999985
              ],
              [
                37.3758611,
                55.9549199
              ],
              [
                37.37623130000001,
                55.9554425
              ],
              [
                37.3719719,
                55.95613819999999
              ],
              [
                37.3594469,
                55.955971199999986
              ],
              [
                37.35821099999999,
                55.95564229999999
              ],
              [
                37.3582748,
                55.95528149999999
              ],
              [
                37.3592083,
                55.954783500000005
              ],
              [
                37.3579229,
                55.954734
              ],
              [
                37.3584023,
                55.954555000000006
              ],
              [
                37.357707299999994,
                55.95448399999999
              ],
              [
                37.3578034,
                55.95408160000001
              ],
              [
                37.3582204,
                55.9537079
              ],
              [
                37.3581766,
                55.953476900000005
              ],
              [
                37.3579972,
                55.9533316
              ],
              [
                37.356000900000005,
                55.9535438
              ],
              [
                37.3547616,
                55.9517115
              ],
              [
                37.3534926,
                55.9511259
              ],
              [
                37.352133099999996,
                55.9514894
              ],
              [
                37.3503876,
                55.95247499999999
              ],
              [
                37.348819,
                55.95189479999999
              ],
              [
                37.34695349999999,
                55.953103500000005
              ],
              [
                37.3464338,
                55.95362200000001
              ],
              [
                37.3463701,
                55.95431939999998
              ],
              [
                37.346872,
                55.955012799999984
              ],
              [
                37.35019479999999,
                55.95692019999999
              ],
              [
                37.3495832,
                55.957289599999996
              ],
              [
                37.3488563,
                55.95701149999999
              ],
              [
                37.3472722,
                55.9566503
              ],
              [
                37.344570499999996,
                55.95640519999999
              ],
              [
                37.3429914,
                55.95642819999999
              ],
              [
                37.3415703,
                55.956828099999996
              ],
              [
                37.3410173,
                55.9565621
              ],
              [
                37.34179919999999,
                55.9559792
              ],
              [
                37.3394677,
                55.95482759999999
              ],
              [
                37.3350259,
                55.95358909999999
              ],
              [
                37.3364424,
                55.95071479999999
              ],
              [
                37.33851860000001,
                55.94885899999999
              ],
              [
                37.338155799999996,
                55.9485636
              ],
              [
                37.3385741,
                55.9480078
              ],
              [
                37.340527599999994,
                55.9462664
              ],
              [
                37.3416982,
                55.9467499
              ],
              [
                37.3479065,
                55.943228899999994
              ],
              [
                37.34745319999999,
                55.94294260000001
              ],
              [
                37.35100859999999,
                55.940786599999996
              ],
              [
                37.3503948,
                55.94047599999999
              ],
              [
                37.3540987,
                55.93890689999999
              ],
              [
                37.3534921,
                55.93857369999999
              ],
              [
                37.35340089999999,
                55.9386119
              ],
              [
                37.3527324,
                55.938147799999996
              ],
              [
                37.3528243,
                55.93810289999998
              ],
              [
                37.3514523,
                55.937224400000005
              ],
              [
                37.3508811,
                55.93744769999999
              ],
              [
                37.3495479,
                55.9366301
              ],
              [
                37.3432683,
                55.9389578
              ],
              [
                37.3428168,
                55.9388521
              ],
              [
                37.3386657,
                55.9370648
              ],
              [
                37.3382762,
                55.9366921
              ],
              [
                37.33820879999999,
                55.9363776
              ],
              [
                37.337379,
                55.9364081
              ],
              [
                37.33581519999999,
                55.93574389999999
              ],
              [
                37.33649179999999,
                55.9354447
              ],
              [
                37.33677999999999,
                55.9349949
              ],
              [
                37.3363011,
                55.934782299999995
              ],
              [
                37.334963,
                55.9353847
              ],
              [
                37.3313205,
                55.93387009999999
              ],
              [
                37.3334455,
                55.9335885
              ],
              [
                37.3366865,
                55.93266479999999
              ],
              [
                37.3379221,
                55.9320225
              ],
              [
                37.3398343,
                55.93073089999999
              ],
              [
                37.3414146,
                55.9289103
              ],
              [
                37.343258199999994,
                55.927089599999995
              ],
              [
                37.3435269,
                55.92664059999999
              ],
              [
                37.3437067,
                55.924183199999995
              ],
              [
                37.34922329999999,
                55.92603849999999
              ],
              [
                37.349286500000005,
                55.92639379999999
              ],
              [
                37.3497022,
                55.92677609999999
              ],
              [
                37.356462799999996,
                55.9299543
              ],
              [
                37.3756398,
                55.9217077
              ],
              [
                37.37782299999999,
                55.9211143
              ],
              [
                37.37696569999999,
                55.92070480000001
              ],
              [
                37.3717351,
                55.91964309999999
              ],
              [
                37.3688493,
                55.9179563
              ],
              [
                37.36967129999999,
                55.91751329999999
              ],
              [
                37.3660258,
                55.91538069999999
              ],
              [
                37.3658403,
                55.91416969999999
              ],
              [
                37.3682071,
                55.9102257
              ],
              [
                37.3686158,
                55.9099132
              ],
              [
                37.3698614,
                55.908195899999996
              ]
            ]
          ]
        ]
      }
    },
    {
      "type": "Feature",
      "properties": {
        "id": 445284,
        "level": "district",
        "name_ru": "район Северный",
        "parent_id": 1252558,
        "bbox": [
          37.519234899999994,
          55.90711729999999,
          37.580707,
          55.95777170000001
        ]
      },
      "geometry": {
        "type": "MultiPolygon",
        "coordinates": [
          [
            [
              [
                37.519234899999994,
                55.9419381
              ],
              [
                37.5200286,
                55.94008589999999
              ],
              [
                37.52874249999999,
                55.922967199999995
              ],
              [
                37.5363206,
                55.90756739999999
              ],
              [
                37.5368342,
                55.90711729999999
              ],
              [
                37.5559156,
                55.9092832
              ],
              [
                37.5588318,
                55.919458
              ],
              [
                37.5593629,
                55.920716199999994
              ],
              [
                37.5613846,
                55.928058899999996
              ],
              [
                37.560955699999994,
                55.93227139999999
              ],
              [
                37.56592129999999,
                55.933349
              ],
              [
                37.56652739999999,
                55.93647349999999
              ],
              [
                37.5675951,
                55.9364643
              ],
              [
                37.5695548,
                55.936623299999994
              ],
              [
                37.57021480000001,
                55.9364521
              ],
              [
                37.5700906,
                55.9409267
              ],
              [
                37.5675405,
                55.9407314
              ],
              [
                37.566695499999994,
                55.9411362
              ],
              [
                37.5645841,
                55.941400699999996
              ],
              [
                37.5637113,
                55.9450632
              ],
              [
                37.5628076,
                55.947667799999984
              ],
              [
                37.5624642,
                55.95107359999999
              ],
              [
                37.56786019999999,
                55.9506606
              ],
              [
                37.5680986,
                55.9504261
              ],
              [
                37.569858399999994,
                55.95045019999999
              ],
              [
                37.57942229999999,
                55.949467899999995
              ],
              [
                37.5800379,
                55.952024599999994
              ],
              [
                37.5791196,
                55.9536733
              ],
              [
                37.580707,
                55.9539887
              ],
              [
                37.57840529999999,
                55.955575399999994
              ],
              [
                37.574737799999994,
                55.95618649999999
              ],
              [
                37.5744299,
                55.95777170000001
              ],
              [
                37.5705388,
                55.9564347
              ],
              [
                37.55515369999999,
                55.951529
              ],
              [
                37.555104,
                55.9535347
              ],
              [
                37.5516576,
                55.953631
              ],
              [
                37.55162059999999,
                55.9519655
              ],
              [
                37.5518367,
                55.95170769999999
              ],
              [
                37.551893699999994,
                55.95122099999999
              ],
              [
                37.5485507,
                55.95115809999999
              ],
              [
                37.5469335,
                55.954295699999996
              ],
              [
                37.5445694,
                55.953990399999995
              ],
              [
                37.5443065,
                55.95440339999999
              ],
              [
                37.5426972,
                55.954091
              ],
              [
                37.54235119999999,
                55.95414209999999
              ],
              [
                37.53744009999999,
                55.952843099999996
              ],
              [
                37.53980849999999,
                55.9493535
              ],
              [
                37.543041,
                55.943903799999994
              ],
              [
                37.541725799999995,
                55.9436627
              ],
              [
                37.5408692,
                55.94381289999998
              ],
              [
                37.5377796,
                55.94383679999999
              ],
              [
                37.537583299999994,
                55.944381199999995
              ],
              [
                37.5356276,
                55.94408879999999
              ],
              [
                37.53423229999999,
                55.9440224
              ],
              [
                37.530555,
                55.9435748
              ],
              [
                37.519234899999994,
                55.9419381
              ]
            ]
          ]
        ]
      }
    },
    {
      "type": "Feature",
      "properties": {
        "id": 445285,
        "level": "district",
        "name_ru": "район Восточное Дегунино",
        "parent_id": 162903,
        "bbox": [
          37.5430448,
          55.8544213,
          37.5746003,
          55.8977748
        ]
      },
      "geometry": {
        "type": "MultiPolygon",
        "coordinates": [
          [
            [
              [
                37.5462771,
                55.87831849999999
              ],
              [
                37.54665659999999,
                55.87739959999999
              ],
              [
                37.5532816,
                55.8783911
              ],
              [
                37.55318509999999,
                55.87855509999999
              ],
              [
                37.556358599999996,
                55.8790806
              ],
              [
                37.556483099999994,
                55.87891499999999
              ],
              [
                37.557609600000006,
                55.87899699999999
              ],
              [
                37.5576956,
                55.87545149999998
              ],
              [
                37.55818589999999,
                55.87418999999999
              ],
              [
                37.5666391,
                55.86350530000001
              ],
              [
                37.5639699,
                55.86298059999999
              ],
              [
                37.56464559999999,
                55.861573299999996
              ],
              [
                37.5638048,
                55.86169759999999
              ],
              [
                37.563187,
                55.861619499999996
              ],
              [
                37.5638855,
                55.85942239999999
              ],
              [
                37.56500439999999,
                55.859332099999996
              ],
              [
                37.5650014,
                55.85980609999999
              ],
              [
                37.5670254,
                55.8598155
              ],
              [
                37.56704,
                55.8594031
              ],
              [
                37.5678745,
                55.85934199999999
              ],
              [
                37.5666574,
                55.8554099
              ],
              [
                37.566583,
                55.85492079999999
              ],
              [
                37.56677090000001,
                55.8544213
              ],
              [
                37.57270739999999,
                55.854734699999995
              ],
              [
                37.57454640000001,
                55.85989310000001
              ],
              [
                37.5746003,
                55.8621169
              ],
              [
                37.5682909,
                55.877590299999994
              ],
              [
                37.5676753,
                55.882644299999995
              ],
              [
                37.567198899999994,
                55.889278700000006
              ],
              [
                37.5667552,
                55.8908373
              ],
              [
                37.56589679999999,
                55.89193409999999
              ],
              [
                37.5640581,
                55.893273199999996
              ],
              [
                37.5590425,
                55.8952338
              ],
              [
                37.5519785,
                55.8977748
              ],
              [
                37.5513476,
                55.8966756
              ],
              [
                37.55160279999999,
                55.89286709999998
              ],
              [
                37.5513014,
                55.8927226
              ],
              [
                37.5511898,
                55.8918389
              ],
              [
                37.5506641,
                55.8918389
              ],
              [
                37.55031,
                55.89171859999999
              ],
              [
                37.550342199999996,
                55.89062959999999
              ],
              [
                37.5509618,
                55.890619399999984
              ],
              [
                37.5507976,
                55.88731
              ],
              [
                37.5430448,
                55.8872354
              ],
              [
                37.54318179999999,
                55.8849029
              ],
              [
                37.5436837,
                55.8827811
              ],
              [
                37.5462771,
                55.87831849999999
              ]
            ]
          ]
        ]
      }
    },
    {
      "type": "Feature",
      "properties": {
        "id": 445297,
        "level": "district",
        "name_ru": "Головинский район",
        "parent_id": 162903,
        "bbox": [
          37.4644625,
          55.8371674,
          37.5551837,
          55.8676902
        ]
      },
      "geometry": {
        "type": "MultiPolygon",
        "coordinates": [
          [
            [
              [
                37.4644625,
                55.84711819999998
              ],
              [
                37.4653798,
                55.84623409999999
              ],
              [
                37.4667117,
                55.845632599999995
              ],
              [
                37.4680678,
                55.844678200000004
              ],
              [
                37.46884529999999,
                55.8435381
              ],
              [
                37.4698854,
                55.8431779
              ],
              [
                37.4703495,
                55.84272589999999
              ],
              [
                37.4715156,
                55.84239790000001
              ],
              [
                37.4722678,
                55.84177489999998
              ],
              [
                37.4725865,
                55.840353799999995
              ],
              [
                37.474227,
                55.8406957
              ],
              [
                37.4769302,
                55.84107840000001
              ],
              [
                37.4798671,
                55.841335
              ],
              [
                37.481373399999995,
                55.8393409
              ],
              [
                37.49361029999999,
                55.839358499999996
              ],
              [
                37.5048366,
                55.8371674
              ],
              [
                37.5147173,
                55.837945299999994
              ],
              [
                37.515008,
                55.8380905
              ],
              [
                37.5175129,
                55.840804899999995
              ],
              [
                37.518030399999994,
                55.841084599999995
              ],
              [
                37.51871349999999,
                55.8412773
              ],
              [
                37.519357899999996,
                55.84136329999999
              ],
              [
                37.52080569999999,
                55.841210499999995
              ],
              [
                37.5223312,
                55.84172179999999
              ],
              [
                37.5230715,
                55.84098229999999
              ],
              [
                37.524628199999995,
                55.8414406
              ],
              [
                37.55054700000001,
                55.84689159999999
              ],
              [
                37.5551837,
                55.8483563
              ],
              [
                37.5470392,
                55.85352
              ],
              [
                37.514194599999996,
                55.8676902
              ],
              [
                37.5100355,
                55.86438689999999
              ],
              [
                37.5054236,
                55.86238999999999
              ],
              [
                37.5055045,
                55.8621761
              ],
              [
                37.5053139,
                55.8620088
              ],
              [
                37.5111923,
                55.8577385
              ],
              [
                37.49195399999999,
                55.8508328
              ],
              [
                37.4899485,
                55.850552799999996
              ],
              [
                37.4868535,
                55.85035549999999
              ],
              [
                37.4848464,
                55.85030389999999
              ],
              [
                37.4804418,
                55.85049179999999
              ],
              [
                37.4785817,
                55.85043159999999
              ],
              [
                37.4764327,
                55.8501996
              ],
              [
                37.4742021,
                55.84978
              ],
              [
                37.4673292,
                55.84811489999999
              ],
              [
                37.4644625,
                55.84711819999998
              ]
            ]
          ]
        ]
      }
    },
    {
      "type": "Feature",
      "properties": {
        "id": 445298,
        "level": "district",
        "name_ru": "район Беговой",
        "parent_id": 162903,
        "bbox": [
          37.5408733,
          55.7734083,
          37.5886333,
          55.79343759999999
        ]
      },
      "geometry": {
        "type": "MultiPolygon",
        "coordinates": [
          [
            [
              [
                37.5448721,
                55.78194820000001
              ],
              [
                37.54549939999999,
                55.780803
              ],
              [
                37.551108,
                55.7772869
              ],
              [
                37.5550297,
                55.776120799999994
              ],
              [
                37.5542646,
                55.775291100000004
              ],
              [
                37.5535896,
                55.7748035
              ],
              [
                37.5527005,
                55.7744019
              ],
              [
                37.55169029999999,
                55.774132999999985
              ],
              [
                37.55191659999999,
                55.7734083
              ],
              [
                37.57108019999999,
                55.775425799999994
              ],
              [
                37.57523259999999,
                55.7755208
              ],
              [
                37.5767285,
                55.775752399999995
              ],
              [
                37.5780999,
                55.7761477
              ],
              [
                37.581307,
                55.7775371
              ],
              [
                37.5832531,
                55.77870539999999
              ],
              [
                37.584792699999994,
                55.779866399999996
              ],
              [
                37.58544369999999,
                55.78101519999998
              ],
              [
                37.5860669,
                55.782700500000004
              ],
              [
                37.5870652,
                55.786052999999995
              ],
              [
                37.587869,
                55.7897054
              ],
              [
                37.5886333,
                55.7920566
              ],
              [
                37.586530100000004,
                55.79343759999999
              ],
              [
                37.5839861,
                55.79222089999999
              ],
              [
                37.574495899999995,
                55.79165189999999
              ],
              [
                37.57332509999999,
                55.79098799999999
              ],
              [
                37.565742199999995,
                55.78548179999999
              ],
              [
                37.54945579999999,
                55.7925318
              ],
              [
                37.5485565,
                55.791895499999995
              ],
              [
                37.550072699999994,
                55.7912114
              ],
              [
                37.54201509999999,
                55.7854719
              ],
              [
                37.5408733,
                55.784964799999976
              ],
              [
                37.541993500000004,
                55.7834599
              ],
              [
                37.54328069999999,
                55.783719600000005
              ],
              [
                37.54408629999999,
                55.78357969999999
              ],
              [
                37.5448721,
                55.78194820000001
              ]
            ]
          ]
        ]
      }
    },
    {
      "type": "Feature",
      "properties": {
        "id": 445299,
        "level": "district",
        "name_ru": "Хорошёвский район",
        "parent_id": 162903,
        "bbox": [
          37.5038208,
          55.7598459,
          37.5550297,
          55.8037368
        ]
      },
      "geometry": {
        "type": "MultiPolygon",
        "coordinates": [
          [
            [
              [
                37.5038208,
                55.7910836
              ],
              [
                37.5065923,
                55.778895299999995
              ],
              [
                37.5074274,
                55.777150999999996
              ],
              [
                37.5087504,
                55.7753858
              ],
              [
                37.5219435,
                55.76150899999999
              ],
              [
                37.5225622,
                55.76168839999998
              ],
              [
                37.5242852,
                55.7598459
              ],
              [
                37.5250671,
                55.760107999999995
              ],
              [
                37.52561229999999,
                55.7604868
              ],
              [
                37.5272829,
                55.76129530000001
              ],
              [
                37.532202,
                55.76341619999999
              ],
              [
                37.5332853,
                55.76452100000001
              ],
              [
                37.5341707,
                55.7651495
              ],
              [
                37.5347649,
                55.7661935
              ],
              [
                37.536061,
                55.7661039
              ],
              [
                37.5366332,
                55.76906509999999
              ],
              [
                37.5371295,
                55.769760799999986
              ],
              [
                37.5389633,
                55.7711286
              ],
              [
                37.5405701,
                55.7719534
              ],
              [
                37.541863199999995,
                55.7724063
              ],
              [
                37.544433999999995,
                55.772989
              ],
              [
                37.5496059,
                55.7732177
              ],
              [
                37.55191659999999,
                55.7734083
              ],
              [
                37.55169029999999,
                55.774132999999985
              ],
              [
                37.5527005,
                55.7744019
              ],
              [
                37.5535896,
                55.7748035
              ],
              [
                37.5542646,
                55.775291100000004
              ],
              [
                37.5550297,
                55.776120799999994
              ],
              [
                37.551108,
                55.7772869
              ],
              [
                37.5471812,
                55.77971109999999
              ],
              [
                37.5453748,
                55.7809121
              ],
              [
                37.54408629999999,
                55.78357969999999
              ],
              [
                37.54328069999999,
                55.783719600000005
              ],
              [
                37.541993500000004,
                55.7834599
              ],
              [
                37.5408733,
                55.784964799999976
              ],
              [
                37.54201509999999,
                55.7854719
              ],
              [
                37.550072699999994,
                55.7912114
              ],
              [
                37.5485565,
                55.791895499999995
              ],
              [
                37.54945579999999,
                55.7925318
              ],
              [
                37.5320453,
                55.800391699999984
              ],
              [
                37.5305987,
                55.80087790000001
              ],
              [
                37.5204392,
                55.8037368
              ],
              [
                37.51820299999999,
                55.795304699999996
              ],
              [
                37.5178925,
                55.794761199999996
              ],
              [
                37.5188944,
                55.794416299999995
              ],
              [
                37.5182853,
                55.79350130000001
              ],
              [
                37.5038208,
                55.7910836
              ]
            ]
          ]
        ]
      }
    },
    {
      "type": "Feature",
      "properties": {
        "id": 446078,
        "level": "district",
        "name_ru": "Войковский район",
        "parent_id": 162903,
        "bbox": [
          37.471677799999995,
          55.8147507,
          37.5216153,
          55.841335
        ]
      },
      "geometry": {
        "type": "MultiPolygon",
        "coordinates": [
          [
            [
              [
                37.4725865,
                55.840353799999995
              ],
              [
                37.472060899999995,
                55.83938859999999
              ],
              [
                37.471677799999995,
                55.837785499999995
              ],
              [
                37.4721785,
                55.83718230000001
              ],
              [
                37.4742235,
                55.8359672
              ],
              [
                37.4762079,
                55.834285899999976
              ],
              [
                37.47781659999999,
                55.8328528
              ],
              [
                37.478983,
                55.831554099999984
              ],
              [
                37.47912269999999,
                55.83074799999999
              ],
              [
                37.4783235,
                55.8304707
              ],
              [
                37.4744678,
                55.83000359999999
              ],
              [
                37.4744188,
                55.829828599999985
              ],
              [
                37.478100399999995,
                55.82667130000001
              ],
              [
                37.478488399999996,
                55.82659579999999
              ],
              [
                37.4803853,
                55.8270233
              ],
              [
                37.4813937,
                55.8270137
              ],
              [
                37.4828213,
                55.8269333
              ],
              [
                37.485603299999994,
                55.82651699999999
              ],
              [
                37.4871593,
                55.8264847
              ],
              [
                37.488371699999995,
                55.8265654
              ],
              [
                37.491075099999996,
                55.82727179999999
              ],
              [
                37.49336569999999,
                55.82447829999999
              ],
              [
                37.4926481,
                55.824203100000005
              ],
              [
                37.4902612,
                55.822766399999985
              ],
              [
                37.4889712,
                55.821681999999996
              ],
              [
                37.488042,
                55.820629699999984
              ],
              [
                37.48753039999999,
                55.81986859999999
              ],
              [
                37.4868036,
                55.81793449999999
              ],
              [
                37.486701,
                55.8174275
              ],
              [
                37.4868576,
                55.815334
              ],
              [
                37.50808189999999,
                55.8147507
              ],
              [
                37.5194971,
                55.81517389999999
              ],
              [
                37.5194516,
                55.815846399999984
              ],
              [
                37.5216153,
                55.8175996
              ],
              [
                37.517880899999994,
                55.818625999999995
              ],
              [
                37.5178555,
                55.8189323
              ],
              [
                37.5194937,
                55.82104270000001
              ],
              [
                37.5194402,
                55.821303799999995
              ],
              [
                37.5143604,
                55.827442699999985
              ],
              [
                37.514766699999996,
                55.8275894
              ],
              [
                37.5147995,
                55.8278203
              ],
              [
                37.5111619,
                55.8300037
              ],
              [
                37.5106989,
                55.83053119999999
              ],
              [
                37.507779299999996,
                55.832093799999996
              ],
              [
                37.508750299999996,
                55.83274169999999
              ],
              [
                37.508772699999994,
                55.8331399
              ],
              [
                37.507890599999996,
                55.8341234
              ],
              [
                37.5069229,
                55.835581499999996
              ],
              [
                37.505557,
                55.8367004
              ],
              [
                37.50506969999999,
                55.8368322
              ],
              [
                37.5048366,
                55.8371674
              ],
              [
                37.49361029999999,
                55.839358499999996
              ],
              [
                37.481373399999995,
                55.8393409
              ],
              [
                37.4798671,
                55.841335
              ],
              [
                37.4769302,
                55.84107840000001
              ],
              [
                37.474227,
                55.8406957
              ],
              [
                37.4725865,
                55.840353799999995
              ]
            ]
          ]
        ]
      }
    },
    {
      "type": "Feature",
      "properties": {
        "id": 446079,
        "level": "district",
        "name_ru": "район Аэропорт",
        "parent_id": 162903,
        "bbox": [
          37.5110095,
          55.78548179999999,
          37.574495899999995,
          55.8155891
        ]
      },
      "geometry": {
        "type": "MultiPolygon",
        "coordinates": [
          [
            [
              [
                37.5194971,
                55.81517389999999
              ],
              [
                37.5168811,
                55.8119561
              ],
              [
                37.5163054,
                55.8117296
              ],
              [
                37.5151267,
                55.81052589999999
              ],
              [
                37.514658499999996,
                55.8102323
              ],
              [
                37.5110095,
                55.8060827
              ],
              [
                37.5204392,
                55.8037368
              ],
              [
                37.5318788,
                55.8004554
              ],
              [
                37.54945579999999,
                55.7925318
              ],
              [
                37.565742199999995,
                55.78548179999999
              ],
              [
                37.57332509999999,
                55.79098799999999
              ],
              [
                37.574495899999995,
                55.79165189999999
              ],
              [
                37.5696293,
                55.79140979999999
              ],
              [
                37.5634963,
                55.7937479
              ],
              [
                37.56097809999999,
                55.795787999999995
              ],
              [
                37.5557198,
                55.800734399999996
              ],
              [
                37.551062699999996,
                55.80463100000001
              ],
              [
                37.5484606,
                55.80663400000001
              ],
              [
                37.5494647,
                55.8070814
              ],
              [
                37.5364835,
                55.81426129999999
              ],
              [
                37.5352761,
                55.81477209999999
              ],
              [
                37.5339666,
                55.815144599999996
              ],
              [
                37.531371099999994,
                55.815554500000005
              ],
              [
                37.5289131,
                55.8155891
              ],
              [
                37.5194971,
                55.81517389999999
              ]
            ]
          ]
        ]
      }
    },
    {
      "type": "Feature",
      "properties": {
        "id": 446080,
        "level": "district",
        "name_ru": "район Южное Тушино",
        "parent_id": 446092,
        "bbox": [
          37.3918335,
          55.831741799999996,
          37.4703495,
          55.85300399999999
        ]
      },
      "geometry": {
        "type": "MultiPolygon",
        "coordinates": [
          [
            [
              [
                37.39375179999999,
                55.8517851
              ],
              [
                37.392143,
                55.8486128
              ],
              [
                37.39187019999999,
                55.8476204
              ],
              [
                37.3918335,
                55.8465012
              ],
              [
                37.39197109999999,
                55.84561339999999
              ],
              [
                37.3925174,
                55.8441974
              ],
              [
                37.39490229999999,
                55.84063079999999
              ],
              [
                37.3958649,
                55.838345699999984
              ],
              [
                37.39614509999999,
                55.8371039
              ],
              [
                37.3958625,
                55.83363569999999
              ],
              [
                37.4023296,
                55.83259489999998
              ],
              [
                37.4054241,
                55.831741799999996
              ],
              [
                37.4064479,
                55.832214
              ],
              [
                37.4081822,
                55.8333403
              ],
              [
                37.4092332,
                55.83292269999999
              ],
              [
                37.410593,
                55.83276749999998
              ],
              [
                37.4113951,
                55.832923799999996
              ],
              [
                37.41172879999999,
                55.83320899999999
              ],
              [
                37.4122878,
                55.8333476
              ],
              [
                37.4139293,
                55.8330885
              ],
              [
                37.41536599999999,
                55.833490399999995
              ],
              [
                37.4157232,
                55.833773
              ],
              [
                37.41551389999999,
                55.83408479999999
              ],
              [
                37.4156561,
                55.8343956
              ],
              [
                37.4146655,
                55.83522669999999
              ],
              [
                37.415026,
                55.83576339999999
              ],
              [
                37.4166131,
                55.836488499999994
              ],
              [
                37.4184197,
                55.836457899999985
              ],
              [
                37.423465099999994,
                55.83742649999999
              ],
              [
                37.42461089999999,
                55.8375077
              ],
              [
                37.4252522,
                55.837217499999994
              ],
              [
                37.4261706,
                55.836986199999984
              ],
              [
                37.4265569,
                55.836725900000005
              ],
              [
                37.4275687,
                55.83500709999999
              ],
              [
                37.4281979,
                55.834473999999986
              ],
              [
                37.4285301,
                55.8344881
              ],
              [
                37.4297186,
                55.83502829999999
              ],
              [
                37.43423229999999,
                55.8362296
              ],
              [
                37.4352481,
                55.83645379999999
              ],
              [
                37.43629880000001,
                55.836508900000005
              ],
              [
                37.45840989999999,
                55.8350025
              ],
              [
                37.4594771,
                55.83509469999999
              ],
              [
                37.46080419999999,
                55.83538659999998
              ],
              [
                37.4654696,
                55.836954
              ],
              [
                37.46786389999999,
                55.83990469999999
              ],
              [
                37.4688277,
                55.84084180000001
              ],
              [
                37.4698384,
                55.8413829
              ],
              [
                37.4703495,
                55.84272589999999
              ],
              [
                37.4698854,
                55.8431779
              ],
              [
                37.46884529999999,
                55.8435381
              ],
              [
                37.4680678,
                55.844678200000004
              ],
              [
                37.4667117,
                55.845632599999995
              ],
              [
                37.4653798,
                55.84623409999999
              ],
              [
                37.4639345,
                55.847685599999984
              ],
              [
                37.4634933,
                55.848199699999995
              ],
              [
                37.4636035,
                55.8490863
              ],
              [
                37.462894199999994,
                55.8500763
              ],
              [
                37.4613263,
                55.851045000000006
              ],
              [
                37.46100609999999,
                55.8518067
              ],
              [
                37.460847199999996,
                55.85300399999999
              ],
              [
                37.4416819,
                55.85083409999999
              ],
              [
                37.4383122,
                55.8505654
              ],
              [
                37.4214434,
                55.848743699999986
              ],
              [
                37.4193304,
                55.8489708
              ],
              [
                37.415474999999994,
                55.850044499999996
              ],
              [
                37.4130327,
                55.85042489999999
              ],
              [
                37.4114051,
                55.85051359999999
              ],
              [
                37.4033488,
                55.8504834
              ],
              [
                37.4017056,
                55.8508315
              ],
              [
                37.396595700000006,
                55.85164300000001
              ],
              [
                37.39519649999999,
                55.85179039999999
              ],
              [
                37.39375179999999,
                55.8517851
              ]
            ]
          ]
        ]
      }
    },
    {
      "type": "Feature",
      "properties": {
        "id": 446081,
        "level": "district",
        "name_ru": "район Покровское-Стрешнево",
        "parent_id": 446092,
        "bbox": [
          37.394438799999996,
          55.80654809999999,
          37.49336569999999,
          55.84272589999999
        ]
      },
      "geometry": {
        "type": "MultiPolygon",
        "coordinates": [
          [
            [
              [
                37.394438799999996,
                55.829100999999994
              ],
              [
                37.3953206,
                55.829019499999994
              ],
              [
                37.39815299999999,
                55.828465099999995
              ],
              [
                37.4026162,
                55.8271876
              ],
              [
                37.4071223,
                55.8255725
              ],
              [
                37.4097402,
                55.823692199999996
              ],
              [
                37.4126155,
                55.821281400000004
              ],
              [
                37.4144609,
                55.819135599999996
              ],
              [
                37.41409389999999,
                55.81779240000001
              ],
              [
                37.4141033,
                55.8163943
              ],
              [
                37.41484419999999,
                55.8150481
              ],
              [
                37.4163062,
                55.81412039999999
              ],
              [
                37.41797989999999,
                55.81267359999999
              ],
              [
                37.4198682,
                55.8115161
              ],
              [
                37.42321559999999,
                55.810358499999985
              ],
              [
                37.4268205,
                55.809393899999996
              ],
              [
                37.430167899999994,
                55.8088392
              ],
              [
                37.4344838,
                55.808816799999995
              ],
              [
                37.43645459999999,
                55.80908910000001
              ],
              [
                37.4380643,
                55.8091769
              ],
              [
                37.44124,
                55.80874279999999
              ],
              [
                37.4438591,
                55.8078618
              ],
              [
                37.44643279999999,
                55.80654809999999
              ],
              [
                37.4461367,
                55.8079911
              ],
              [
                37.446496,
                55.8100754
              ],
              [
                37.4476889,
                55.8123004
              ],
              [
                37.44890869999999,
                55.814013499999994
              ],
              [
                37.451246,
                55.81233749999999
              ],
              [
                37.45281769999999,
                55.81167659999999
              ],
              [
                37.4549796,
                55.811197199999995
              ],
              [
                37.4574808,
                55.81107439999999
              ],
              [
                37.46788769999999,
                55.8116079
              ],
              [
                37.4699771,
                55.81203759999999
              ],
              [
                37.47461059999999,
                55.813506
              ],
              [
                37.477149999999995,
                55.81444679999999
              ],
              [
                37.47970289999999,
                55.8151045
              ],
              [
                37.4820105,
                55.815398599999995
              ],
              [
                37.4868576,
                55.815334
              ],
              [
                37.486701,
                55.8174275
              ],
              [
                37.4868036,
                55.81793449999999
              ],
              [
                37.48753039999999,
                55.81986859999999
              ],
              [
                37.488042,
                55.820629699999984
              ],
              [
                37.4889712,
                55.821681999999996
              ],
              [
                37.4902612,
                55.822766399999985
              ],
              [
                37.4926481,
                55.824203100000005
              ],
              [
                37.49336569999999,
                55.82447829999999
              ],
              [
                37.491075099999996,
                55.82727179999999
              ],
              [
                37.488371699999995,
                55.8265654
              ],
              [
                37.4871593,
                55.8264847
              ],
              [
                37.485603299999994,
                55.82651699999999
              ],
              [
                37.4828213,
                55.8269333
              ],
              [
                37.4813937,
                55.8270137
              ],
              [
                37.4803853,
                55.8270233
              ],
              [
                37.478488399999996,
                55.82659579999999
              ],
              [
                37.478100399999995,
                55.82667130000001
              ],
              [
                37.4744188,
                55.829828599999985
              ],
              [
                37.4744678,
                55.83000359999999
              ],
              [
                37.4783235,
                55.8304707
              ],
              [
                37.47912269999999,
                55.83074799999999
              ],
              [
                37.478983,
                55.831554099999984
              ],
              [
                37.47781659999999,
                55.8328528
              ],
              [
                37.4762079,
                55.834285899999976
              ],
              [
                37.4742235,
                55.8359672
              ],
              [
                37.4721785,
                55.83718230000001
              ],
              [
                37.471677799999995,
                55.837785499999995
              ],
              [
                37.472060899999995,
                55.83938859999999
              ],
              [
                37.4725865,
                55.840353799999995
              ],
              [
                37.4725123,
                55.84098299999999
              ],
              [
                37.4722678,
                55.84177489999998
              ],
              [
                37.4715156,
                55.84239790000001
              ],
              [
                37.4703495,
                55.84272589999999
              ],
              [
                37.4698384,
                55.8413829
              ],
              [
                37.4688277,
                55.84084180000001
              ],
              [
                37.46786389999999,
                55.83990469999999
              ],
              [
                37.4654696,
                55.836954
              ],
              [
                37.46080419999999,
                55.83538659999998
              ],
              [
                37.4594771,
                55.83509469999999
              ],
              [
                37.45840989999999,
                55.8350025
              ],
              [
                37.43629880000001,
                55.836508900000005
              ],
              [
                37.4352481,
                55.83645379999999
              ],
              [
                37.43423229999999,
                55.8362296
              ],
              [
                37.4297186,
                55.83502829999999
              ],
              [
                37.4285301,
                55.8344881
              ],
              [
                37.4281979,
                55.834473999999986
              ],
              [
                37.4275687,
                55.83500709999999
              ],
              [
                37.4265569,
                55.836725900000005
              ],
              [
                37.4261706,
                55.836986199999984
              ],
              [
                37.4252522,
                55.837217499999994
              ],
              [
                37.42461089999999,
                55.8375077
              ],
              [
                37.423465099999994,
                55.83742649999999
              ],
              [
                37.4184197,
                55.836457899999985
              ],
              [
                37.41765259999999,
                55.8364263
              ],
              [
                37.41703309999999,
                55.83652639999999
              ],
              [
                37.4166131,
                55.836488499999994
              ],
              [
                37.41591199999999,
                55.8362457
              ],
              [
                37.415026,
                55.83576339999999
              ],
              [
                37.4146655,
                55.83522669999999
              ],
              [
                37.4156561,
                55.8343956
              ],
              [
                37.41551389999999,
                55.83408479999999
              ],
              [
                37.4157232,
                55.833773
              ],
              [
                37.41536599999999,
                55.833490399999995
              ],
              [
                37.4139293,
                55.8330885
              ],
              [
                37.4122878,
                55.8333476
              ],
              [
                37.41172879999999,
                55.83320899999999
              ],
              [
                37.4113951,
                55.832923799999996
              ],
              [
                37.410593,
                55.83276749999998
              ],
              [
                37.4092332,
                55.83292269999999
              ],
              [
                37.4081822,
                55.8333403
              ],
              [
                37.4064479,
                55.832214
              ],
              [
                37.4054241,
                55.831741799999996
              ],
              [
                37.4023296,
                55.83259489999998
              ],
              [
                37.3958625,
                55.83363569999999
              ],
              [
                37.394998799999996,
                55.83040869999999
              ],
              [
                37.394438799999996,
                55.829100999999994
              ]
            ]
          ]
        ]
      }
    },
    {
      "type": "Feature",
      "properties": {
        "id": 446082,
        "level": "district",
        "name_ru": "Бескудниковский район",
        "parent_id": 162903,
        "bbox": [
          37.52965819999999,
          55.84847629999999,
          37.5737717,
          55.8790806
        ]
      },
      "geometry": {
        "type": "MultiPolygon",
        "coordinates": [
          [
            [
              [
                37.52965819999999,
                55.872827099999995
              ],
              [
                37.5314357,
                55.8716267
              ],
              [
                37.54594339999999,
                55.864871599999994
              ],
              [
                37.547836,
                55.8638419
              ],
              [
                37.5485229,
                55.863647499999985
              ],
              [
                37.5516664,
                55.8617811
              ],
              [
                37.56025489999999,
                55.8573525
              ],
              [
                37.5607725,
                55.85696859999999
              ],
              [
                37.5640046,
                55.8532033
              ],
              [
                37.5669075,
                55.849514899999996
              ],
              [
                37.5697767,
                55.84915859999999
              ],
              [
                37.5737717,
                55.84847629999999
              ],
              [
                37.5729058,
                55.851419799999995
              ],
              [
                37.57267819999999,
                55.8532062
              ],
              [
                37.57270739999999,
                55.854734699999995
              ],
              [
                37.56677090000001,
                55.8544213
              ],
              [
                37.566583,
                55.85492079999999
              ],
              [
                37.5666574,
                55.8554099
              ],
              [
                37.5678745,
                55.85934199999999
              ],
              [
                37.56704,
                55.8594031
              ],
              [
                37.5670254,
                55.8598155
              ],
              [
                37.5650014,
                55.85980609999999
              ],
              [
                37.56500439999999,
                55.859332099999996
              ],
              [
                37.5638855,
                55.85942239999999
              ],
              [
                37.563187,
                55.861619499999996
              ],
              [
                37.5638048,
                55.86169759999999
              ],
              [
                37.56464559999999,
                55.861573299999996
              ],
              [
                37.5639699,
                55.86298059999999
              ],
              [
                37.5666391,
                55.86350530000001
              ],
              [
                37.55818589999999,
                55.87418999999999
              ],
              [
                37.5576956,
                55.87545149999998
              ],
              [
                37.557609600000006,
                55.87899699999999
              ],
              [
                37.556483099999994,
                55.87891499999999
              ],
              [
                37.556358599999996,
                55.8790806
              ],
              [
                37.55318509999999,
                55.87855509999999
              ],
              [
                37.5532816,
                55.8783911
              ],
              [
                37.54665659999999,
                55.87739959999999
              ],
              [
                37.5462771,
                55.87831849999999
              ],
              [
                37.5454898,
                55.878114999999994
              ],
              [
                37.53374109999999,
                55.87611449999999
              ],
              [
                37.5341007,
                55.8753079
              ],
              [
                37.5332385,
                55.875096199999994
              ],
              [
                37.533175699999994,
                55.87500159999999
              ],
              [
                37.5308345,
                55.87450599999998
              ],
              [
                37.53182689999999,
                55.87341949999998
              ],
              [
                37.53085719999999,
                55.873086699999995
              ],
              [
                37.53064139999999,
                55.873325699999995
              ],
              [
                37.52965819999999,
                55.872827099999995
              ]
            ]
          ]
        ]
      }
    },
    {
      "type": "Feature",
      "properties": {
        "id": 446083,
        "level": "district",
        "name_ru": "Алтуфьевский район",
        "parent_id": 1252558,
        "bbox": [
          37.56740469999999,
          55.869533299999986,
          37.60754119999999,
          55.8873023
        ]
      },
      "geometry": {
        "type": "MultiPolygon",
        "coordinates": [
          [
            [
              [
                37.56740469999999,
                55.8873023
              ],
              [
                37.5674995,
                55.884548099999996
              ],
              [
                37.5682909,
                55.877590299999994
              ],
              [
                37.57137099999999,
                55.87018179999999
              ],
              [
                37.5718439,
                55.8702225
              ],
              [
                37.5721838,
                55.869533299999986
              ],
              [
                37.5834374,
                55.87008589999999
              ],
              [
                37.5852988,
                55.8700079
              ],
              [
                37.586027699999995,
                55.872410099999996
              ],
              [
                37.58627779999999,
                55.874814
              ],
              [
                37.5941091,
                55.8764897
              ],
              [
                37.60754119999999,
                55.8791079
              ],
              [
                37.60368359999999,
                55.8819346
              ],
              [
                37.60294009999999,
                55.88252789999999
              ],
              [
                37.60268739999999,
                55.882933599999994
              ],
              [
                37.59961,
                55.88497029999999
              ],
              [
                37.5980396,
                55.88588079999999
              ],
              [
                37.5969283,
                55.886354000000004
              ],
              [
                37.594813599999995,
                55.88690429999999
              ],
              [
                37.5931803,
                55.887089099999976
              ],
              [
                37.586677099999996,
                55.887208
              ],
              [
                37.5866695,
                55.88695080000001
              ],
              [
                37.57976,
                55.8872498
              ],
              [
                37.5763472,
                55.88716279999999
              ],
              [
                37.56740469999999,
                55.8873023
              ]
            ]
          ]
        ]
      }
    },
    {
      "type": "Feature",
      "properties": {
        "id": 446084,
        "level": "district",
        "name_ru": "район Лианозово",
        "parent_id": 1252558,
        "bbox": [
          37.5368342,
          55.88695080000001,
          37.59097669999999,
          55.9136561
        ]
      },
      "geometry": {
        "type": "MultiPolygon",
        "coordinates": [
          [
            [
              [
                37.5368342,
                55.90711729999999
              ],
              [
                37.5376117,
                55.90547529999999
              ],
              [
                37.538692499999996,
                55.9039985
              ],
              [
                37.540577299999995,
                55.9024308
              ],
              [
                37.542370999999996,
                55.901367799999996
              ],
              [
                37.5622276,
                55.89404089999999
              ],
              [
                37.5640581,
                55.893273199999996
              ],
              [
                37.5647478,
                55.892841999999995
              ],
              [
                37.56589679999999,
                55.89193409999999
              ],
              [
                37.5667552,
                55.8908373
              ],
              [
                37.567056099999995,
                55.89016320000001
              ],
              [
                37.56740469999999,
                55.8873023
              ],
              [
                37.5763472,
                55.88716279999999
              ],
              [
                37.57976,
                55.8872498
              ],
              [
                37.5866695,
                55.88695080000001
              ],
              [
                37.58726599999999,
                55.90760619999998
              ],
              [
                37.5875908,
                55.9086245
              ],
              [
                37.5905065,
                55.91261289999999
              ],
              [
                37.59097669999999,
                55.9136241
              ],
              [
                37.5907353,
                55.9136561
              ],
              [
                37.5898758,
                55.9123897
              ],
              [
                37.5895143,
                55.912147899999994
              ],
              [
                37.5887127,
                55.91193079999999
              ],
              [
                37.58827869999999,
                55.91159719999999
              ],
              [
                37.587549,
                55.91053699999999
              ],
              [
                37.587256,
                55.9104216
              ],
              [
                37.5838922,
                55.91095769999999
              ],
              [
                37.5786006,
                55.9114343
              ],
              [
                37.5741491,
                55.91127319999999
              ],
              [
                37.5705367,
                55.91101689999999
              ],
              [
                37.5368342,
                55.90711729999999
              ]
            ]
          ]
        ]
      }
    },
    {
      "type": "Feature",
      "properties": {
        "id": 446085,
        "level": "district",
        "name_ru": "район Бибирево",
        "parent_id": 1252558,
        "bbox": [
          37.586677099999996,
          55.8791079,
          37.6440665,
          55.9136241
        ]
      },
      "geometry": {
        "type": "MultiPolygon",
        "coordinates": [
          [
            [
              [
                37.586677099999996,
                55.887208
              ],
              [
                37.5931803,
                55.887089099999976
              ],
              [
                37.594813599999995,
                55.88690429999999
              ],
              [
                37.5969283,
                55.886354000000004
              ],
              [
                37.5980396,
                55.88588079999999
              ],
              [
                37.59961,
                55.88497029999999
              ],
              [
                37.60255169999999,
                55.883028599999996
              ],
              [
                37.60294009999999,
                55.88252789999999
              ],
              [
                37.60368359999999,
                55.8819346
              ],
              [
                37.60754119999999,
                55.8791079
              ],
              [
                37.6085761,
                55.8795739
              ],
              [
                37.61134069999999,
                55.8799927
              ],
              [
                37.616900799999996,
                55.8803338
              ],
              [
                37.6169179,
                55.8807801
              ],
              [
                37.6152394,
                55.8811897
              ],
              [
                37.6142216,
                55.88303499999999
              ],
              [
                37.61453989999999,
                55.883161399999985
              ],
              [
                37.6152643,
                55.8831347
              ],
              [
                37.6153767,
                55.883298
              ],
              [
                37.6158418,
                55.883481499999995
              ],
              [
                37.6160678,
                55.8838767
              ],
              [
                37.61654639999999,
                55.883854
              ],
              [
                37.617189999999994,
                55.884116199999994
              ],
              [
                37.6172091,
                55.88430659999999
              ],
              [
                37.618309,
                55.8848587
              ],
              [
                37.6186812,
                55.8852665
              ],
              [
                37.6187372,
                55.88571099999999
              ],
              [
                37.619647699999994,
                55.885611
              ],
              [
                37.620284399999996,
                55.8857211
              ],
              [
                37.6204219,
                55.88591530000001
              ],
              [
                37.62016469999999,
                55.88602599999999
              ],
              [
                37.620179,
                55.88620219999999
              ],
              [
                37.6205672,
                55.8862358
              ],
              [
                37.6206716,
                55.8863706
              ],
              [
                37.620893599999995,
                55.8863988
              ],
              [
                37.6211262,
                55.8867486
              ],
              [
                37.621860600000005,
                55.887012199999994
              ],
              [
                37.62206199999999,
                55.887371300000005
              ],
              [
                37.6225643,
                55.8874751
              ],
              [
                37.6231749,
                55.887779
              ],
              [
                37.62276129999999,
                55.88848389999999
              ],
              [
                37.6229233,
                55.8888487
              ],
              [
                37.62317910000001,
                55.888976
              ],
              [
                37.6242902,
                55.8890887
              ],
              [
                37.63560919999999,
                55.89368009999999
              ],
              [
                37.6440665,
                55.8976996
              ],
              [
                37.6373525,
                55.89860840000001
              ],
              [
                37.6292697,
                55.899928899999985
              ],
              [
                37.6213487,
                55.901514600000006
              ],
              [
                37.6092529,
                55.904560499999995
              ],
              [
                37.5931529,
                55.9089479
              ],
              [
                37.5905033,
                55.9112916
              ],
              [
                37.5903786,
                55.9118398
              ],
              [
                37.5912017,
                55.9135942
              ],
              [
                37.59097669999999,
                55.9136241
              ],
              [
                37.5905065,
                55.91261289999999
              ],
              [
                37.5875908,
                55.9086245
              ],
              [
                37.58726599999999,
                55.90760619999998
              ],
              [
                37.586677099999996,
                55.887208
              ]
            ]
          ]
        ]
      }
    },
    {
      "type": "Feature",
      "properties": {
        "id": 446086,
        "level": "district",
        "name_ru": "район Северное Медведково",
        "parent_id": 1252558,
        "bbox": [
          37.619647699999994,
          55.87661049999999,
          37.685258499999996,
          55.8978367
        ]
      },
      "geometry": {
        "type": "MultiPolygon",
        "coordinates": [
          [
            [
              [
                37.619647699999994,
                55.885611
              ],
              [
                37.6239231,
                55.8853232
              ],
              [
                37.6336724,
                55.88494130000001
              ],
              [
                37.6417309,
                55.8841313
              ],
              [
                37.6366131,
                55.878926199999995
              ],
              [
                37.63635359999999,
                55.87841429999999
              ],
              [
                37.6463001,
                55.877343
              ],
              [
                37.6474592,
                55.877372699999995
              ],
              [
                37.6545791,
                55.87670390000001
              ],
              [
                37.65733,
                55.87661049999999
              ],
              [
                37.657204899999996,
                55.87848559999999
              ],
              [
                37.6574787,
                55.87981869999999
              ],
              [
                37.6584672,
                55.88059929999999
              ],
              [
                37.65964629999999,
                55.881132199999996
              ],
              [
                37.6626594,
                55.881973699999996
              ],
              [
                37.6639969,
                55.8820577
              ],
              [
                37.6650665,
                55.88236359999999
              ],
              [
                37.66535449999999,
                55.882358200000006
              ],
              [
                37.6664258,
                55.8820256
              ],
              [
                37.6684932,
                55.8819111
              ],
              [
                37.671699499999995,
                55.88208869999999
              ],
              [
                37.673728,
                55.882872899999995
              ],
              [
                37.67376049999999,
                55.88296879999999
              ],
              [
                37.6730745,
                55.883160899999986
              ],
              [
                37.672903399999996,
                55.88354439999999
              ],
              [
                37.67394209999999,
                55.8838541
              ],
              [
                37.6759326,
                55.88351699999999
              ],
              [
                37.6767325,
                55.8830941
              ],
              [
                37.6773714,
                55.8830827
              ],
              [
                37.6782185,
                55.8832515
              ],
              [
                37.679117999999995,
                55.88411469999999
              ],
              [
                37.68119359999999,
                55.88574229999998
              ],
              [
                37.6817168,
                55.88642359999999
              ],
              [
                37.6815789,
                55.88669469999999
              ],
              [
                37.681660099999995,
                55.88751739999999
              ],
              [
                37.68190359999999,
                55.887966999999996
              ],
              [
                37.6846787,
                55.8910976
              ],
              [
                37.6849756,
                55.89175839999999
              ],
              [
                37.68518569999999,
                55.893100499999996
              ],
              [
                37.685258499999996,
                55.89510380000001
              ],
              [
                37.6851245,
                55.89519989999999
              ],
              [
                37.68080150000001,
                55.8954342
              ],
              [
                37.67695479999999,
                55.895462099999996
              ],
              [
                37.6763235,
                55.8956091
              ],
              [
                37.6745498,
                55.89648739999999
              ],
              [
                37.67315289999999,
                55.89703319999998
              ],
              [
                37.67266949999999,
                55.8978367
              ],
              [
                37.67184079999999,
                55.8977269
              ],
              [
                37.671862,
                55.8972362
              ],
              [
                37.671563799999994,
                55.8969057
              ],
              [
                37.6701035,
                55.89601460000001
              ],
              [
                37.6691834,
                55.895678399999994
              ],
              [
                37.6632928,
                55.8959169
              ],
              [
                37.656676299999994,
                55.896384499999996
              ],
              [
                37.64736909999999,
                55.897285399999994
              ],
              [
                37.6440665,
                55.8976996
              ],
              [
                37.63560919999999,
                55.89368009999999
              ],
              [
                37.6242902,
                55.8890887
              ],
              [
                37.62317910000001,
                55.888976
              ],
              [
                37.6229233,
                55.8888487
              ],
              [
                37.62276129999999,
                55.88848389999999
              ],
              [
                37.6231749,
                55.887779
              ],
              [
                37.6225643,
                55.8874751
              ],
              [
                37.62206199999999,
                55.887371300000005
              ],
              [
                37.621860600000005,
                55.887012199999994
              ],
              [
                37.6211262,
                55.8867486
              ],
              [
                37.620893599999995,
                55.8863988
              ],
              [
                37.6206716,
                55.8863706
              ],
              [
                37.6205672,
                55.8862358
              ],
              [
                37.620179,
                55.88620219999999
              ],
              [
                37.62016469999999,
                55.88602599999999
              ],
              [
                37.6204219,
                55.88591530000001
              ],
              [
                37.620284399999996,
                55.8857211
              ],
              [
                37.619647699999994,
                55.885611
              ]
            ]
          ]
        ]
      }
    },
    {
      "type": "Feature",
      "properties": {
        "id": 446087,
        "level": "district",
        "name_ru": "район Южное Медведково",
        "parent_id": 1252558,
        "bbox": [
          37.6142216,
          55.86136969999999,
          37.6586625,
          55.88571099999999
        ]
      },
      "geometry": {
        "type": "MultiPolygon",
        "coordinates": [
          [
            [
              [
                37.6168708,
                55.88005819999999
              ],
              [
                37.6169723,
                55.879515899999994
              ],
              [
                37.6167266,
                55.87889159999999
              ],
              [
                37.6162395,
                55.878709599999986
              ],
              [
                37.6163658,
                55.87852789999999
              ],
              [
                37.6162332,
                55.87838359999999
              ],
              [
                37.6156226,
                55.8782492
              ],
              [
                37.616177099999994,
                55.877494599999984
              ],
              [
                37.6160931,
                55.877367599999985
              ],
              [
                37.61588009999999,
                55.8774236
              ],
              [
                37.615605,
                55.8773572
              ],
              [
                37.6156272,
                55.87720620000001
              ],
              [
                37.6159294,
                55.87698389999999
              ],
              [
                37.6165675,
                55.8770705
              ],
              [
                37.616674999999994,
                55.8769914
              ],
              [
                37.6165877,
                55.87627930000001
              ],
              [
                37.6167959,
                55.87595520000001
              ],
              [
                37.6165675,
                55.875789399999995
              ],
              [
                37.6167019,
                55.8753335
              ],
              [
                37.616272,
                55.87522419999999
              ],
              [
                37.616272,
                55.8750659
              ],
              [
                37.617038599999994,
                55.8746271
              ],
              [
                37.6181144,
                55.87428849999999
              ],
              [
                37.618935199999996,
                55.87337609999999
              ],
              [
                37.61977629999999,
                55.872721199999994
              ],
              [
                37.6205574,
                55.87239859999999
              ],
              [
                37.6218792,
                55.8721482
              ],
              [
                37.6227031,
                55.8716907
              ],
              [
                37.6236301,
                55.87096349999999
              ],
              [
                37.6241365,
                55.8707468
              ],
              [
                37.6259553,
                55.87036179999999
              ],
              [
                37.627968499999994,
                55.8689826
              ],
              [
                37.6286027,
                55.8689589
              ],
              [
                37.62914709999999,
                55.868732699999995
              ],
              [
                37.630284599999996,
                55.86704890000001
              ],
              [
                37.6303579,
                55.86577669999999
              ],
              [
                37.63058649999999,
                55.86558769999999
              ],
              [
                37.63038629999999,
                55.865219599999996
              ],
              [
                37.630891999999996,
                55.86509579999999
              ],
              [
                37.6313667,
                55.8653882
              ],
              [
                37.6318744,
                55.86530659999998
              ],
              [
                37.6322577,
                55.865071699999994
              ],
              [
                37.6326824,
                55.86453019999999
              ],
              [
                37.6331656,
                55.864354799999994
              ],
              [
                37.63313759999999,
                55.864143899999995
              ],
              [
                37.63270789999999,
                55.86385469999999
              ],
              [
                37.63374889999999,
                55.8632435
              ],
              [
                37.6343812,
                55.86337970000001
              ],
              [
                37.634628299999996,
                55.8633133
              ],
              [
                37.634473899999996,
                55.86294929999999
              ],
              [
                37.6337472,
                55.86245309999999
              ],
              [
                37.63415549999999,
                55.86219779999998
              ],
              [
                37.6344903,
                55.86173089999998
              ],
              [
                37.6351086,
                55.86136969999999
              ],
              [
                37.6380439,
                55.863260499999996
              ],
              [
                37.6383497,
                55.86363909999999
              ],
              [
                37.63930779999999,
                55.8641212
              ],
              [
                37.6399086,
                55.86486289999999
              ],
              [
                37.6404884,
                55.86516669999998
              ],
              [
                37.642148799999994,
                55.86535409999999
              ],
              [
                37.6451631,
                55.86548019999999
              ],
              [
                37.6467923,
                55.865975399999996
              ],
              [
                37.6476199,
                55.8665361
              ],
              [
                37.6488306,
                55.8666706
              ],
              [
                37.64899799999999,
                55.8668413
              ],
              [
                37.64851899999999,
                55.8670009
              ],
              [
                37.6482863,
                55.86729979999999
              ],
              [
                37.64847399999999,
                55.867771899999994
              ],
              [
                37.64897059999999,
                55.8682009
              ],
              [
                37.65053449999999,
                55.8691396
              ],
              [
                37.6512062,
                55.87005409999999
              ],
              [
                37.6521066,
                55.87049149999999
              ],
              [
                37.6537428,
                55.8707316
              ],
              [
                37.6556686,
                55.87132329999999
              ],
              [
                37.65607969999999,
                55.8713578
              ],
              [
                37.656200999999996,
                55.871879
              ],
              [
                37.6573616,
                55.872165800000005
              ],
              [
                37.6580911,
                55.87268039999999
              ],
              [
                37.6586625,
                55.8733271
              ],
              [
                37.65841369999999,
                55.874301799999984
              ],
              [
                37.65779609999999,
                55.8745735
              ],
              [
                37.6574259,
                55.87501889999999
              ],
              [
                37.65733,
                55.87661049999999
              ],
              [
                37.6545791,
                55.87670390000001
              ],
              [
                37.6474592,
                55.877372699999995
              ],
              [
                37.6463001,
                55.877343
              ],
              [
                37.63635359999999,
                55.87841429999999
              ],
              [
                37.6366131,
                55.878926199999995
              ],
              [
                37.6417309,
                55.8841313
              ],
              [
                37.6336724,
                55.88494130000001
              ],
              [
                37.6239231,
                55.8853232
              ],
              [
                37.6187372,
                55.88571099999999
              ],
              [
                37.6186812,
                55.8852665
              ],
              [
                37.618309,
                55.8848587
              ],
              [
                37.6172091,
                55.88430659999999
              ],
              [
                37.617189999999994,
                55.884116199999994
              ],
              [
                37.61654639999999,
                55.883854
              ],
              [
                37.6160678,
                55.8838767
              ],
              [
                37.6158418,
                55.883481499999995
              ],
              [
                37.6153767,
                55.883298
              ],
              [
                37.6152643,
                55.8831347
              ],
              [
                37.61453989999999,
                55.883161399999985
              ],
              [
                37.6142216,
                55.88303499999999
              ],
              [
                37.6152394,
                55.8811897
              ],
              [
                37.6169179,
                55.8807801
              ],
              [
                37.6168708,
                55.88005819999999
              ]
            ]
          ]
        ]
      }
    },
    {
      "type": "Feature",
      "properties": {
        "id": 446111,
        "level": "district",
        "name_ru": "район Фили-Давыдково",
        "parent_id": 226149,
        "bbox": [
          37.4379546,
          55.709958799999995,
          37.4985676,
          55.74305339999999
        ]
      },
      "geometry": {
        "type": "MultiPolygon",
        "coordinates": [
          [
            [
              [
                37.4379546,
                55.73725859999999
              ],
              [
                37.4417301,
                55.7353039
              ],
              [
                37.443446699999996,
                55.734240699999994
              ],
              [
                37.444202,
                55.733578699999995
              ],
              [
                37.4452009,
                55.7323871
              ],
              [
                37.4543739,
                55.711398599999995
              ],
              [
                37.4546998,
                55.709958799999995
              ],
              [
                37.4566292,
                55.71005289999999
              ],
              [
                37.458038499999994,
                55.71043479999999
              ],
              [
                37.45927089999999,
                55.710293
              ],
              [
                37.4600778,
                55.7104857
              ],
              [
                37.460431,
                55.7107833
              ],
              [
                37.460459199999995,
                55.71097489999998
              ],
              [
                37.4618543,
                55.7111672
              ],
              [
                37.4625213,
                55.71105889999999
              ],
              [
                37.4637222,
                55.71037979999999
              ],
              [
                37.4640602,
                55.7103526
              ],
              [
                37.4644022,
                55.710421
              ],
              [
                37.464973,
                55.7108251
              ],
              [
                37.46565139999999,
                55.7110205
              ],
              [
                37.4656536,
                55.711262799999986
              ],
              [
                37.465414499999994,
                55.71147639999999
              ],
              [
                37.465508199999995,
                55.711573800000004
              ],
              [
                37.4657975,
                55.7116154
              ],
              [
                37.46666119999999,
                55.71131969999999
              ],
              [
                37.46701709999999,
                55.71142319999999
              ],
              [
                37.4680244,
                55.71223830000001
              ],
              [
                37.4678703,
                55.71260889999999
              ],
              [
                37.467517900000004,
                55.71279069999999
              ],
              [
                37.4669733,
                55.71281119999999
              ],
              [
                37.466412,
                55.7129718
              ],
              [
                37.4657742,
                55.7129666
              ],
              [
                37.46483719999999,
                55.71326749999999
              ],
              [
                37.4639974,
                55.7133306
              ],
              [
                37.463656699999994,
                55.7135378
              ],
              [
                37.463694399999994,
                55.7138315
              ],
              [
                37.4657184,
                55.715217499999994
              ],
              [
                37.4668179,
                55.715611200000005
              ],
              [
                37.4685769,
                55.7148195
              ],
              [
                37.468664,
                55.71441579999999
              ],
              [
                37.4679614,
                55.714100899999984
              ],
              [
                37.46802159999999,
                55.7136655
              ],
              [
                37.469467599999994,
                55.7136275
              ],
              [
                37.4699668,
                55.71368819999999
              ],
              [
                37.470515299999995,
                55.713917599999995
              ],
              [
                37.471147099999996,
                55.713721299999996
              ],
              [
                37.4714369,
                55.7138166
              ],
              [
                37.4715466,
                55.714124
              ],
              [
                37.4710714,
                55.7143472
              ],
              [
                37.470698299999995,
                55.71480579999999
              ],
              [
                37.4708342,
                55.71498170000001
              ],
              [
                37.47147639999999,
                55.71518569999999
              ],
              [
                37.47153899999999,
                55.715478799999985
              ],
              [
                37.471356,
                55.7156368
              ],
              [
                37.4705888,
                55.71584099999999
              ],
              [
                37.4708017,
                55.71601109999999
              ],
              [
                37.471465599999995,
                55.7161241
              ],
              [
                37.4719087,
                55.7163755
              ],
              [
                37.4720821,
                55.7169883
              ],
              [
                37.47180409999999,
                55.717271
              ],
              [
                37.4705921,
                55.71797309999999
              ],
              [
                37.46962979999999,
                55.71809449999999
              ],
              [
                37.4692788,
                55.7182412
              ],
              [
                37.469108799999994,
                55.718671
              ],
              [
                37.46919659999999,
                55.71900259999999
              ],
              [
                37.46973729999999,
                55.7193438
              ],
              [
                37.47050719999999,
                55.7193792
              ],
              [
                37.471269,
                55.7187331
              ],
              [
                37.471834699999995,
                55.7184558
              ],
              [
                37.4721991,
                55.71841589999999
              ],
              [
                37.473057999999995,
                55.7190272
              ],
              [
                37.4729495,
                55.719656199999996
              ],
              [
                37.47324449999999,
                55.71992119999999
              ],
              [
                37.4749007,
                55.7207605
              ],
              [
                37.476760199999994,
                55.72152899999998
              ],
              [
                37.478815,
                55.72110389999999
              ],
              [
                37.4795508,
                55.721169999999994
              ],
              [
                37.480528099999994,
                55.72102660000001
              ],
              [
                37.48237650000001,
                55.72115530000001
              ],
              [
                37.4833852,
                55.72107340000001
              ],
              [
                37.4846734,
                55.7207588
              ],
              [
                37.4857418,
                55.720247
              ],
              [
                37.4863479,
                55.719831099999986
              ],
              [
                37.4866746,
                55.71924649999998
              ],
              [
                37.4873982,
                55.719246099999985
              ],
              [
                37.4882618,
                55.71894829999999
              ],
              [
                37.48860679999999,
                55.71896460000001
              ],
              [
                37.4885087,
                55.7183456
              ],
              [
                37.4886947,
                55.7183157
              ],
              [
                37.4891484,
                55.71846679999998
              ],
              [
                37.48942889999999,
                55.7182802
              ],
              [
                37.4910151,
                55.718464999999995
              ],
              [
                37.49163579999999,
                55.7181736
              ],
              [
                37.49244869999999,
                55.71803169999998
              ],
              [
                37.4927364,
                55.7182119
              ],
              [
                37.49313209999999,
                55.71888169999999
              ],
              [
                37.493036,
                55.71909289999999
              ],
              [
                37.4924607,
                55.719373099999984
              ],
              [
                37.4924264,
                55.71993999999999
              ],
              [
                37.4926346,
                55.72010730000001
              ],
              [
                37.4930028,
                55.7202102
              ],
              [
                37.494294999999994,
                55.72022239999999
              ],
              [
                37.4949329,
                55.72010099999999
              ],
              [
                37.4964921,
                55.721695
              ],
              [
                37.4977441,
                55.7225011
              ],
              [
                37.4985676,
                55.722853799999996
              ],
              [
                37.4801615,
                55.74305339999999
              ],
              [
                37.4603584,
                55.7375536
              ],
              [
                37.4603124,
                55.737260500000005
              ],
              [
                37.45429909999999,
                55.735917
              ],
              [
                37.4527229,
                55.7372394
              ],
              [
                37.4506336,
                55.7369351
              ],
              [
                37.4509788,
                55.7365646
              ],
              [
                37.4486175,
                55.73589289999999
              ],
              [
                37.4485868,
                55.736124000000004
              ],
              [
                37.447456599999995,
                55.73613929999999
              ],
              [
                37.4472514,
                55.7350752
              ],
              [
                37.4449168,
                55.73482610000001
              ],
              [
                37.4379546,
                55.73725859999999
              ]
            ]
          ]
        ]
      }
    },
    {
      "type": "Feature",
      "properties": {
        "id": 446112,
        "level": "district",
        "name_ru": "район Филёвский Парк",
        "parent_id": 226149,
        "bbox": [
          37.42658599999999,
          55.73301459999999,
          37.522421599999994,
          55.768194099999995
        ]
      },
      "geometry": {
        "type": "MultiPolygon",
        "coordinates": [
          [
            [
              [
                37.42658599999999,
                55.74772939999999
              ],
              [
                37.428659,
                55.746703199999985
              ],
              [
                37.4291285,
                55.74697669999999
              ],
              [
                37.431439899999994,
                55.74578379999999
              ],
              [
                37.4308635,
                55.74532179999999
              ],
              [
                37.43199679999999,
                55.7445586
              ],
              [
                37.4332033,
                55.7426361
              ],
              [
                37.439490799999994,
                55.73970789999999
              ],
              [
                37.4398821,
                55.7388563
              ],
              [
                37.4396575,
                55.73840209999999
              ],
              [
                37.4379546,
                55.73725859999999
              ],
              [
                37.4449168,
                55.73482610000001
              ],
              [
                37.4472514,
                55.7350752
              ],
              [
                37.447456599999995,
                55.73613929999999
              ],
              [
                37.4485868,
                55.736124000000004
              ],
              [
                37.4486175,
                55.73589289999999
              ],
              [
                37.4509788,
                55.7365646
              ],
              [
                37.4506336,
                55.7369351
              ],
              [
                37.4527229,
                55.7372394
              ],
              [
                37.45429909999999,
                55.735917
              ],
              [
                37.4603124,
                55.737260500000005
              ],
              [
                37.4603584,
                55.7375536
              ],
              [
                37.4801615,
                55.74305339999999
              ],
              [
                37.489294199999996,
                55.73301459999999
              ],
              [
                37.4958429,
                55.734035899999995
              ],
              [
                37.4985357,
                55.73460399999999
              ],
              [
                37.50586859999999,
                55.7369085
              ],
              [
                37.5080311,
                55.738012299999994
              ],
              [
                37.5087566,
                55.738562099999996
              ],
              [
                37.5138365,
                55.743231099999996
              ],
              [
                37.5156954,
                55.744539799999984
              ],
              [
                37.51800839999999,
                55.74576749999999
              ],
              [
                37.52108129999999,
                55.74672429999998
              ],
              [
                37.5209659,
                55.74686019999999
              ],
              [
                37.522421599999994,
                55.7472846
              ],
              [
                37.5220496,
                55.74758340000001
              ],
              [
                37.5202286,
                55.75002219999999
              ],
              [
                37.51850269999999,
                55.75258459999999
              ],
              [
                37.517672299999994,
                55.75463579999999
              ],
              [
                37.51629899999999,
                55.75683339999999
              ],
              [
                37.5145394,
                55.75808910000001
              ],
              [
                37.5116641,
                55.759658699999996
              ],
              [
                37.5058276,
                55.761783599999994
              ],
              [
                37.5042827,
                55.762532099999994
              ],
              [
                37.50295229999999,
                55.7634013
              ],
              [
                37.501064,
                55.764367099999994
              ],
              [
                37.498145799999996,
                55.7655019
              ],
              [
                37.49205179999999,
                55.7673608
              ],
              [
                37.4897158,
                55.7679596
              ],
              [
                37.4871806,
                55.768194099999995
              ],
              [
                37.4845108,
                55.76817
              ],
              [
                37.48191889999999,
                55.767976899999994
              ],
              [
                37.48003609999999,
                55.76771279999999
              ],
              [
                37.47886590000001,
                55.767343399999994
              ],
              [
                37.4780555,
                55.766692299999995
              ],
              [
                37.476388,
                55.7645104
              ],
              [
                37.4761731,
                55.7617112
              ],
              [
                37.4767739,
                55.7569059
              ],
              [
                37.476731,
                55.7559641
              ],
              [
                37.4761731,
                55.75229319999999
              ],
              [
                37.4751432,
                55.749878
              ],
              [
                37.474156099999995,
                55.7485012
              ],
              [
                37.472782800000004,
                55.74726929999999
              ],
              [
                37.4710233,
                55.7461099
              ],
              [
                37.467375499999996,
                55.744032499999996
              ],
              [
                37.46480059999999,
                55.74289709999999
              ],
              [
                37.46179649999999,
                55.7418583
              ],
              [
                37.45913569999999,
                55.7412061
              ],
              [
                37.45531629999999,
                55.7406021
              ],
              [
                37.452526799999994,
                55.7406021
              ],
              [
                37.44926519999999,
                55.74113359999999
              ],
              [
                37.4465186,
                55.7418583
              ],
              [
                37.44445869999999,
                55.7426072
              ],
              [
                37.44248459999999,
                55.74357349999999
              ],
              [
                37.43973799999999,
                55.74521609999999
              ],
              [
                37.4373777,
                55.7464239
              ],
              [
                37.436691,
                55.74710029999999
              ],
              [
                37.4363477,
                55.74787319999999
              ],
              [
                37.4369216,
                55.749263799999994
              ],
              [
                37.4330442,
                55.7500589
              ],
              [
                37.431451200000005,
                55.7500547
              ],
              [
                37.4300708,
                55.74965769999999
              ],
              [
                37.4283415,
                55.748789399999986
              ],
              [
                37.42658599999999,
                55.74772939999999
              ]
            ]
          ]
        ]
      }
    },
    {
      "type": "Feature",
      "properties": {
        "id": 446114,
        "level": "district",
        "name_ru": "район Дорогомилово",
        "parent_id": 226149,
        "bbox": [
          37.489294199999996,
          55.722853799999996,
          37.5744922,
          55.7535974
        ]
      },
      "geometry": {
        "type": "MultiPolygon",
        "coordinates": [
          [
            [
              [
                37.489294199999996,
                55.73301459999999
              ],
              [
                37.4985676,
                55.722853799999996
              ],
              [
                37.5016356,
                55.72395799999999
              ],
              [
                37.5061446,
                55.725777799999996
              ],
              [
                37.5099086,
                55.7274215
              ],
              [
                37.51360669999999,
                55.72919019999999
              ],
              [
                37.5143304,
                55.72968319999999
              ],
              [
                37.51848600000001,
                55.73142589999999
              ],
              [
                37.5313197,
                55.7351321
              ],
              [
                37.5335178,
                55.73557219999999
              ],
              [
                37.537044099999996,
                55.735926299999996
              ],
              [
                37.538474799999996,
                55.7362112
              ],
              [
                37.5428701,
                55.73313939999999
              ],
              [
                37.5477856,
                55.7280681
              ],
              [
                37.5530345,
                55.7299466
              ],
              [
                37.5590625,
                55.73306869999998
              ],
              [
                37.5636326,
                55.73509539999999
              ],
              [
                37.5657503,
                55.736401
              ],
              [
                37.56832669999999,
                55.7385525
              ],
              [
                37.5738914,
                55.7447089
              ],
              [
                37.57444929999999,
                55.74632729999999
              ],
              [
                37.5744922,
                55.748863500000006
              ],
              [
                37.5740201,
                55.7503369
              ],
              [
                37.5730331,
                55.751472
              ],
              [
                37.5708015,
                55.75272789999999
              ],
              [
                37.5678832,
                55.753355799999994
              ],
              [
                37.56402080000001,
                55.7535974
              ],
              [
                37.56017829999999,
                55.7530784
              ],
              [
                37.557561699999994,
                55.7523904
              ],
              [
                37.554535200000004,
                55.7514364
              ],
              [
                37.54355019999999,
                55.74652050000001
              ],
              [
                37.5403745,
                55.74545769999999
              ],
              [
                37.53648770000001,
                55.7446449
              ],
              [
                37.532404199999995,
                55.74439629999999
              ],
              [
                37.52797199999999,
                55.7446122
              ],
              [
                37.525568699999994,
                55.74533689999999
              ],
              [
                37.5236375,
                55.74632729999999
              ],
              [
                37.522421599999994,
                55.7472846
              ],
              [
                37.5209659,
                55.74686019999999
              ],
              [
                37.52108129999999,
                55.74672429999998
              ],
              [
                37.51800839999999,
                55.74576749999999
              ],
              [
                37.5156954,
                55.744539799999984
              ],
              [
                37.5138365,
                55.743231099999996
              ],
              [
                37.5087566,
                55.738562099999996
              ],
              [
                37.5080311,
                55.738012299999994
              ],
              [
                37.50586859999999,
                55.7369085
              ],
              [
                37.4985357,
                55.73460399999999
              ],
              [
                37.4958429,
                55.734035899999995
              ],
              [
                37.489294199999996,
                55.73301459999999
              ]
            ]
          ]
        ]
      }
    },
    {
      "type": "Feature",
      "properties": {
        "id": 446115,
        "level": "district",
        "name_ru": "район Раменки",
        "parent_id": 226149,
        "bbox": [
          37.4663185,
          55.6788427,
          37.5592321,
          55.7362112
        ]
      },
      "geometry": {
        "type": "MultiPolygon",
        "coordinates": [
          [
            [
              [
                37.4775617,
                55.68592649999999
              ],
              [
                37.479438599999995,
                55.684148699999994
              ],
              [
                37.4813805,
                55.6811258
              ],
              [
                37.4825517,
                55.6816032
              ],
              [
                37.482851399999994,
                55.681830099999985
              ],
              [
                37.4829045,
                55.682080899999995
              ],
              [
                37.4846076,
                55.683062299999996
              ],
              [
                37.4862862,
                55.682197499999994
              ],
              [
                37.486788,
                55.68241629999999
              ],
              [
                37.48722790000001,
                55.68241149999999
              ],
              [
                37.48990179999999,
                55.6838222
              ],
              [
                37.486996399999995,
                55.68738069999999
              ],
              [
                37.48867179999999,
                55.68861489999998
              ],
              [
                37.4914377,
                55.68745080000001
              ],
              [
                37.4944276,
                55.68668039999999
              ],
              [
                37.49529019999999,
                55.6867276
              ],
              [
                37.49576230000001,
                55.6869647
              ],
              [
                37.4962944,
                55.686925999999985
              ],
              [
                37.498053899999995,
                55.688029099999994
              ],
              [
                37.4987234,
                55.6881743
              ],
              [
                37.4990238,
                55.688130699999995
              ],
              [
                37.4992298,
                55.6878453
              ],
              [
                37.4996933,
                55.6879517
              ],
              [
                37.5002598,
                55.687855
              ],
              [
                37.5009808,
                55.6878985
              ],
              [
                37.5027832,
                55.687632400000005
              ],
              [
                37.5038303,
                55.687961400000006
              ],
              [
                37.5041393,
                55.688159799999994
              ],
              [
                37.50456849999999,
                55.6878985
              ],
              [
                37.50540099999999,
                55.687825899999986
              ],
              [
                37.5057256,
                55.68789429999999
              ],
              [
                37.50669709999999,
                55.6873421
              ],
              [
                37.50728929999999,
                55.68663089999999
              ],
              [
                37.50731509999999,
                55.686026099999985
              ],
              [
                37.5070232,
                55.6850341
              ],
              [
                37.5075468,
                55.68419709999999
              ],
              [
                37.50819049999999,
                55.68356799999999
              ],
              [
                37.5089459,
                55.68331159999999
              ],
              [
                37.509375,
                55.6828035
              ],
              [
                37.50946079999999,
                55.68209209999999
              ],
              [
                37.5083215,
                55.6812878
              ],
              [
                37.5082893,
                55.6811244
              ],
              [
                37.509029,
                55.67978039999999
              ],
              [
                37.51013759999999,
                55.6788427
              ],
              [
                37.53657119999999,
                55.6935632
              ],
              [
                37.5592321,
                55.71028019999999
              ],
              [
                37.556872899999995,
                55.71034259999999
              ],
              [
                37.552897,
                55.7109726
              ],
              [
                37.54851589999999,
                55.71226279999999
              ],
              [
                37.5459418,
                55.71368699999999
              ],
              [
                37.5433307,
                55.7156172
              ],
              [
                37.5418853,
                55.717594599999984
              ],
              [
                37.5410812,
                55.72012509999999
              ],
              [
                37.5411815,
                55.72205580000001
              ],
              [
                37.5418635,
                55.72403959999999
              ],
              [
                37.5430747,
                55.7255663
              ],
              [
                37.54490259999999,
                55.727055699999994
              ],
              [
                37.5477856,
                55.7280681
              ],
              [
                37.5428701,
                55.73313939999999
              ],
              [
                37.538474799999996,
                55.7362112
              ],
              [
                37.537044099999996,
                55.735926299999996
              ],
              [
                37.5335178,
                55.73557219999999
              ],
              [
                37.5313197,
                55.7351321
              ],
              [
                37.51848600000001,
                55.73142589999999
              ],
              [
                37.5143304,
                55.72968319999999
              ],
              [
                37.51360669999999,
                55.72919019999999
              ],
              [
                37.5099086,
                55.7274215
              ],
              [
                37.5061446,
                55.725777799999996
              ],
              [
                37.4977441,
                55.7225011
              ],
              [
                37.4964921,
                55.721695
              ],
              [
                37.4949329,
                55.72010099999999
              ],
              [
                37.4930927,
                55.7178328
              ],
              [
                37.4933658,
                55.71549439999999
              ],
              [
                37.4929288,
                55.7134944
              ],
              [
                37.4905934,
                55.7092836
              ],
              [
                37.4894865,
                55.7083
              ],
              [
                37.4881493,
                55.70735049999998
              ],
              [
                37.4860221,
                55.706311799999995
              ],
              [
                37.4771605,
                55.702624799999995
              ],
              [
                37.4695454,
                55.6981992
              ],
              [
                37.467985299999995,
                55.69680199999999
              ],
              [
                37.4663185,
                55.6945259
              ],
              [
                37.4775617,
                55.68592649999999
              ]
            ]
          ]
        ]
      }
    },
    {
      "type": "Feature",
      "properties": {
        "id": 446271,
        "level": "district",
        "name_ru": "Ярославский район",
        "parent_id": 1252558,
        "bbox": [
          37.663447,
          55.8383359,
          37.7347837,
          55.88591019999999
        ]
      },
      "geometry": {
        "type": "MultiPolygon",
        "coordinates": [
          [
            [
              [
                37.663447,
                55.84082469999999
              ],
              [
                37.6702104,
                55.838739600000004
              ],
              [
                37.6721513,
                55.83844309999999
              ],
              [
                37.673568599999996,
                55.8383359
              ],
              [
                37.6746471,
                55.83840759999999
              ],
              [
                37.6756894,
                55.838614099999994
              ],
              [
                37.676898099999995,
                55.839094300000006
              ],
              [
                37.6777382,
                55.8396759
              ],
              [
                37.6782686,
                55.840344499999986
              ],
              [
                37.6784553,
                55.8410173
              ],
              [
                37.678346399999995,
                55.84181589999999
              ],
              [
                37.68025759999999,
                55.8424748
              ],
              [
                37.6813889,
                55.84321249999999
              ],
              [
                37.6903183,
                55.8480056
              ],
              [
                37.690214999999995,
                55.8481906
              ],
              [
                37.692226399999996,
                55.85030669999999
              ],
              [
                37.6899704,
                55.85122309999999
              ],
              [
                37.692284300000004,
                55.8529088
              ],
              [
                37.6883279,
                55.853925999999994
              ],
              [
                37.6867679,
                55.85451289999999
              ],
              [
                37.686789899999994,
                55.8547734
              ],
              [
                37.68785969999999,
                55.855491599999986
              ],
              [
                37.6886034,
                55.8552849
              ],
              [
                37.6894096,
                55.855956599999985
              ],
              [
                37.690242999999995,
                55.855895800000006
              ],
              [
                37.690747200000004,
                55.85617740000001
              ],
              [
                37.6916307,
                55.8560299
              ],
              [
                37.6925215,
                55.8561333
              ],
              [
                37.6931332,
                55.8557966
              ],
              [
                37.6924303,
                55.85533029999999
              ],
              [
                37.69277369999999,
                55.855166999999994
              ],
              [
                37.6938021,
                55.8540104
              ],
              [
                37.6947455,
                55.853375299999996
              ],
              [
                37.6937646,
                55.8520726
              ],
              [
                37.696822899999994,
                55.8481609
              ],
              [
                37.7035867,
                55.848773300000005
              ],
              [
                37.70564339999999,
                55.84794449999998
              ],
              [
                37.710424399999994,
                55.84750459999999
              ],
              [
                37.71077319999999,
                55.8473869
              ],
              [
                37.7120984,
                55.84735479999999
              ],
              [
                37.71250309999999,
                55.84752749999999
              ],
              [
                37.7140751,
                55.8469149
              ],
              [
                37.7171278,
                55.849057299999984
              ],
              [
                37.719349599999994,
                55.85000879999999
              ],
              [
                37.7201692,
                55.8505716
              ],
              [
                37.719773200000006,
                55.8511819
              ],
              [
                37.719404999999995,
                55.8514226
              ],
              [
                37.721005,
                55.8522056
              ],
              [
                37.7216393,
                55.85292410000001
              ],
              [
                37.71801730000001,
                55.86060729999999
              ],
              [
                37.7094382,
                55.860911099999996
              ],
              [
                37.70918639999999,
                55.86295580000001
              ],
              [
                37.7077052,
                55.863935399999995
              ],
              [
                37.7068678,
                55.864348
              ],
              [
                37.70681259999999,
                55.8644903
              ],
              [
                37.7079241,
                55.86533690000001
              ],
              [
                37.707699399999996,
                55.86551849999999
              ],
              [
                37.7158133,
                55.870154199999995
              ],
              [
                37.719672,
                55.8736992
              ],
              [
                37.7210651,
                55.87320659999999
              ],
              [
                37.7218128,
                55.873875
              ],
              [
                37.723732899999995,
                55.873271899999985
              ],
              [
                37.72425570000001,
                55.873008
              ],
              [
                37.7265802,
                55.8737556
              ],
              [
                37.7273401,
                55.87392189999999
              ],
              [
                37.727926499999995,
                55.8739005
              ],
              [
                37.7290472,
                55.874646999999996
              ],
              [
                37.7298326,
                55.8746655
              ],
              [
                37.7318197,
                55.87494519999999
              ],
              [
                37.73107689999999,
                55.87571599999999
              ],
              [
                37.73101019999999,
                55.876892899999994
              ],
              [
                37.732497099999996,
                55.87771259999999
              ],
              [
                37.7328953,
                55.878048899999996
              ],
              [
                37.7333987,
                55.878105399999995
              ],
              [
                37.7337763,
                55.877913
              ],
              [
                37.7347837,
                55.8784053
              ],
              [
                37.7323696,
                55.879523
              ],
              [
                37.730375,
                55.8806067
              ],
              [
                37.72970169999999,
                55.881057199999994
              ],
              [
                37.7294495,
                55.8815687
              ],
              [
                37.729290899999995,
                55.882046399999986
              ],
              [
                37.7296648,
                55.88309069999999
              ],
              [
                37.7303817,
                55.8840119
              ],
              [
                37.7320995,
                55.8853158
              ],
              [
                37.7315551,
                55.8856186
              ],
              [
                37.72752379999999,
                55.88395109999999
              ],
              [
                37.72436239999999,
                55.883801899999995
              ],
              [
                37.7197072,
                55.88591019999999
              ],
              [
                37.71451819999999,
                55.882377399999996
              ],
              [
                37.6868087,
                55.8648392
              ],
              [
                37.6793981,
                55.8599931
              ],
              [
                37.67519469999999,
                55.856950699999985
              ],
              [
                37.6738512,
                55.85567579999999
              ],
              [
                37.67310839999999,
                55.8546502
              ],
              [
                37.67252439999999,
                55.853510899999996
              ],
              [
                37.6722683,
                55.85246459999999
              ],
              [
                37.6714545,
                55.84680869999998
              ],
              [
                37.663447,
                55.84082469999999
              ]
            ]
          ]
        ]
      }
    },
    {
      "type": "Feature",
      "properties": {
        "id": 446272,
        "level": "district",
        "name_ru": "район Ростокино",
        "parent_id": 1252558,
        "bbox": [
          37.63201519999999,
          55.82439359999999,
          37.6715749,
          55.84574489999999
        ]
      },
      "geometry": {
        "type": "MultiPolygon",
        "coordinates": [
          [
            [
              [
                37.63201519999999,
                55.83824010000001
              ],
              [
                37.63201519999999,
                55.835949899999996
              ],
              [
                37.6330376,
                55.835949899999996
              ],
              [
                37.6342293,
                55.83532399999999
              ],
              [
                37.6342529,
                55.8338081
              ],
              [
                37.6366684,
                55.8338244
              ],
              [
                37.6367306,
                55.8334752
              ],
              [
                37.6369539,
                55.8335111
              ],
              [
                37.6406572,
                55.83204099999999
              ],
              [
                37.64907149999999,
                55.829210899999985
              ],
              [
                37.6496267,
                55.828942699999985
              ],
              [
                37.6542744,
                55.83328029999999
              ],
              [
                37.65505509999999,
                55.832614699999986
              ],
              [
                37.655154,
                55.832127
              ],
              [
                37.654868199999996,
                55.83166669999999
              ],
              [
                37.6538108,
                55.83077579999999
              ],
              [
                37.6534989,
                55.830390399999985
              ],
              [
                37.65348689999999,
                55.83011809999999
              ],
              [
                37.6537391,
                55.82917789999999
              ],
              [
                37.654399,
                55.828642599999995
              ],
              [
                37.6552162,
                55.8283457
              ],
              [
                37.65820649999999,
                55.8277889
              ],
              [
                37.6607955,
                55.8275452
              ],
              [
                37.6653016,
                55.82658519999999
              ],
              [
                37.6661857,
                55.8263029
              ],
              [
                37.666835299999995,
                55.8258965
              ],
              [
                37.6671425,
                55.8256148
              ],
              [
                37.667374,
                55.824937399999996
              ],
              [
                37.66845430000001,
                55.824929
              ],
              [
                37.6696414,
                55.8245523
              ],
              [
                37.67069409999999,
                55.82439359999999
              ],
              [
                37.6715201,
                55.82736259999998
              ],
              [
                37.6715749,
                55.8290255
              ],
              [
                37.6702104,
                55.838739600000004
              ],
              [
                37.6537062,
                55.8438367
              ],
              [
                37.65055699999999,
                55.8446206
              ],
              [
                37.6482566,
                55.8449474
              ],
              [
                37.640544399999996,
                55.84553799999999
              ],
              [
                37.6358304,
                55.84574489999999
              ],
              [
                37.6366978,
                55.83781549999999
              ],
              [
                37.6337975,
                55.838498799999996
              ],
              [
                37.63237079999999,
                55.838620799999994
              ],
              [
                37.63201519999999,
                55.83824010000001
              ]
            ]
          ]
        ]
      }
    },
    {
      "type": "Feature",
      "properties": {
        "id": 455184,
        "level": "district",
        "name_ru": "район Текстильщики",
        "parent_id": 1278703,
        "bbox": [
          37.7171026,
          55.68895849999999,
          37.75601089999999,
          55.72509359999999
        ]
      },
      "geometry": {
        "type": "MultiPolygon",
        "coordinates": [
          [
            [
              [
                37.7171026,
                55.72173639999999
              ],
              [
                37.7263897,
                55.71418529999998
              ],
              [
                37.72823699999999,
                55.71222189999999
              ],
              [
                37.7288973,
                55.71124349999999
              ],
              [
                37.7293204,
                55.709787
              ],
              [
                37.7300937,
                55.70124609999999
              ],
              [
                37.7304911,
                55.6988407
              ],
              [
                37.73161629999999,
                55.6939762
              ],
              [
                37.7325765,
                55.6923785
              ],
              [
                37.733015099999996,
                55.6919342
              ],
              [
                37.7359481,
                55.691889199999984
              ],
              [
                37.73884919999999,
                55.6916183
              ],
              [
                37.7418876,
                55.690070199999994
              ],
              [
                37.74564699999999,
                55.6902395
              ],
              [
                37.7460762,
                55.6903991
              ],
              [
                37.7468315,
                55.6902298
              ],
              [
                37.74734649999999,
                55.690253999999996
              ],
              [
                37.754248999999994,
                55.68895849999999
              ],
              [
                37.75601089999999,
                55.6912199
              ],
              [
                37.7559618,
                55.6916568
              ],
              [
                37.74523249999999,
                55.70792879999999
              ],
              [
                37.74530299999999,
                55.708127099999984
              ],
              [
                37.7478168,
                55.7077911
              ],
              [
                37.74792039999999,
                55.708068399999995
              ],
              [
                37.7475983,
                55.709927799999996
              ],
              [
                37.7490007,
                55.7103029
              ],
              [
                37.7425849,
                55.72064209999999
              ],
              [
                37.7423946,
                55.721623799999996
              ],
              [
                37.7417188,
                55.7218737
              ],
              [
                37.7408802,
                55.7224304
              ],
              [
                37.7394989,
                55.7242326
              ],
              [
                37.7389705,
                55.72460569999999
              ],
              [
                37.7377984,
                55.725010499999996
              ],
              [
                37.7371976,
                55.72509359999999
              ],
              [
                37.73565789999999,
                55.7250641
              ],
              [
                37.7171026,
                55.72173639999999
              ]
            ]
          ]
        ]
      }
    },
    {
      "type": "Feature",
      "properties": {
        "id": 455203,
        "level": "district",
        "name_ru": "район Люблино",
        "parent_id": 1278703,
        "bbox": [
          37.7131287,
          55.656475199999996,
          37.8416266,
          55.6919342
        ]
      },
      "geometry": {
        "type": "MultiPolygon",
        "coordinates": [
          [
            [
              [
                37.7131287,
                55.658519999999996
              ],
              [
                37.714226,
                55.658188199999984
              ],
              [
                37.7154677,
                55.6582403
              ],
              [
                37.719983799999994,
                55.66028039999999
              ],
              [
                37.720323799999996,
                55.66031699999999
              ],
              [
                37.7265126,
                55.656642999999995
              ],
              [
                37.7273028,
                55.656475199999996
              ],
              [
                37.7338773,
                55.6591936
              ],
              [
                37.7373817,
                55.6601351
              ],
              [
                37.7401361,
                55.66179879999999
              ],
              [
                37.7429791,
                55.662684099999986
              ],
              [
                37.75023509999999,
                55.6659897
              ],
              [
                37.752302199999995,
                55.66648539999999
              ],
              [
                37.75908059999999,
                55.6675039
              ],
              [
                37.7639101,
                55.6688607
              ],
              [
                37.767832,
                55.66769649999999
              ],
              [
                37.7701014,
                55.6675166
              ],
              [
                37.77069589999999,
                55.66733829999999
              ],
              [
                37.7712169,
                55.667528499999996
              ],
              [
                37.7742588,
                55.66723439999999
              ],
              [
                37.7749483,
                55.6671603
              ],
              [
                37.7760239,
                55.66687759999999
              ],
              [
                37.78226269999999,
                55.663619399999995
              ],
              [
                37.787963299999994,
                55.658498099999996
              ],
              [
                37.7888756,
                55.6582973
              ],
              [
                37.7941161,
                55.65757339999998
              ],
              [
                37.8129472,
                55.6574081
              ],
              [
                37.823282899999995,
                55.6570959
              ],
              [
                37.833244799999996,
                55.6569927
              ],
              [
                37.8369335,
                55.657123299999995
              ],
              [
                37.8413901,
                55.6567029
              ],
              [
                37.8416266,
                55.65784519999999
              ],
              [
                37.8412502,
                55.65810579999999
              ],
              [
                37.840133,
                55.658272399999994
              ],
              [
                37.84003369999999,
                55.66210719999999
              ],
              [
                37.8395998,
                55.6640071
              ],
              [
                37.8345286,
                55.67788999999999
              ],
              [
                37.830383,
                55.67727589999999
              ],
              [
                37.82671669999999,
                55.6792656
              ],
              [
                37.82595049999999,
                55.678924099999996
              ],
              [
                37.825023599999994,
                55.67951049999999
              ],
              [
                37.8235593,
                55.6787817
              ],
              [
                37.8231628,
                55.6789478
              ],
              [
                37.8219979,
                55.6782862
              ],
              [
                37.8180946,
                55.680369500000005
              ],
              [
                37.8100267,
                55.675904900000006
              ],
              [
                37.81226699999999,
                55.674732899999995
              ],
              [
                37.81196069999999,
                55.674558399999995
              ],
              [
                37.8098178,
                55.6757765
              ],
              [
                37.8079326,
                55.674636099999994
              ],
              [
                37.8055758,
                55.676229
              ],
              [
                37.805673399999996,
                55.67674989999999
              ],
              [
                37.80541269999999,
                55.6769937
              ],
              [
                37.8044943,
                55.67741959999999
              ],
              [
                37.8043913,
                55.67793739999999
              ],
              [
                37.8053178,
                55.6802812
              ],
              [
                37.8025289,
                55.68048689999999
              ],
              [
                37.79832929999999,
                55.680187499999995
              ],
              [
                37.7935212,
                55.68287699999999
              ],
              [
                37.792502199999994,
                55.683121099999994
              ],
              [
                37.78888009999999,
                55.681295799999994
              ],
              [
                37.7850256,
                55.68341299999999
              ],
              [
                37.76704349999999,
                55.68724869999999
              ],
              [
                37.7664647,
                55.6875234
              ],
              [
                37.76469089999999,
                55.687873999999994
              ],
              [
                37.7641678,
                55.68843809999999
              ],
              [
                37.762633699999995,
                55.68812779999998
              ],
              [
                37.7611915,
                55.68874089999999
              ],
              [
                37.76072409999999,
                55.689739999999986
              ],
              [
                37.76112069999999,
                55.690589599999996
              ],
              [
                37.760854,
                55.691025599999996
              ],
              [
                37.7604254,
                55.69097029999999
              ],
              [
                37.7600933,
                55.69052309999999
              ],
              [
                37.7590921,
                55.6904198
              ],
              [
                37.759118699999995,
                55.69021209999999
              ],
              [
                37.7582611,
                55.6903268
              ],
              [
                37.757314599999994,
                55.6906156
              ],
              [
                37.7556934,
                55.6907633
              ],
              [
                37.754248999999994,
                55.68895849999999
              ],
              [
                37.74734649999999,
                55.690253999999996
              ],
              [
                37.7468315,
                55.6902298
              ],
              [
                37.7460762,
                55.6903991
              ],
              [
                37.74564699999999,
                55.6902395
              ],
              [
                37.7418876,
                55.690070199999994
              ],
              [
                37.73884919999999,
                55.6916183
              ],
              [
                37.7359481,
                55.691889199999984
              ],
              [
                37.733015099999996,
                55.6919342
              ],
              [
                37.7338069,
                55.6911177
              ],
              [
                37.734449999999995,
                55.68995639999999
              ],
              [
                37.7348795,
                55.6882069
              ],
              [
                37.73489300000001,
                55.687427499999984
              ],
              [
                37.734428099999995,
                55.686185599999995
              ],
              [
                37.7324918,
                55.682472099999984
              ],
              [
                37.731264599999996,
                55.6795086
              ],
              [
                37.72660079999999,
                55.67130199999999
              ],
              [
                37.7252036,
                55.6689559
              ],
              [
                37.72211029999999,
                55.6651326
              ],
              [
                37.7131287,
                55.658519999999996
              ]
            ]
          ]
        ]
      }
    },
    {
      "type": "Feature",
      "properties": {
        "id": 455208,
        "level": "district",
        "name_ru": "район Капотня",
        "parent_id": 1278703,
        "bbox": [
          37.783447,
          55.6229597,
          37.8413901,
          55.658498099999996
        ]
      },
      "geometry": {
        "type": "MultiPolygon",
        "coordinates": [
          [
            [
              [
                37.783447,
                55.6485454
              ],
              [
                37.78533529999999,
                55.6473346
              ],
              [
                37.785506899999994,
                55.6451066
              ],
              [
                37.78383319999999,
                55.6425879
              ],
              [
                37.7842624,
                55.638325
              ],
              [
                37.7850349,
                55.633262299999984
              ],
              [
                37.78670859999999,
                55.6302582
              ],
              [
                37.78975559999999,
                55.6257517
              ],
              [
                37.793561,
                55.6229597
              ],
              [
                37.7958476,
                55.62422639999999
              ],
              [
                37.80060219999999,
                55.627459599999995
              ],
              [
                37.800647399999995,
                55.6276939
              ],
              [
                37.8061648,
                55.631261
              ],
              [
                37.8073572,
                55.6319629
              ],
              [
                37.80747379999999,
                55.63193069999999
              ],
              [
                37.808391,
                55.6325296
              ],
              [
                37.80866389999999,
                55.632911
              ],
              [
                37.8181167,
                55.63909249999999
              ],
              [
                37.8185441,
                55.6392663
              ],
              [
                37.8207199,
                55.6394263
              ],
              [
                37.8217579,
                55.63908159999998
              ],
              [
                37.822929,
                55.639321499999994
              ],
              [
                37.82351059999999,
                55.6396749
              ],
              [
                37.8241523,
                55.64023519999999
              ],
              [
                37.8241147,
                55.64058529999999
              ],
              [
                37.8225401,
                55.641510399999994
              ],
              [
                37.82483189999999,
                55.64339069999999
              ],
              [
                37.8320939,
                55.6480497
              ],
              [
                37.8348972,
                55.65005929999999
              ],
              [
                37.8372124,
                55.652617899999996
              ],
              [
                37.83909979999999,
                55.65546619999999
              ],
              [
                37.839514,
                55.655523499999994
              ],
              [
                37.8411397,
                55.65519159999999
              ],
              [
                37.841265899999996,
                55.6553475
              ],
              [
                37.840962,
                55.6555593
              ],
              [
                37.8413901,
                55.6567029
              ],
              [
                37.8369335,
                55.657123299999995
              ],
              [
                37.833244799999996,
                55.6569927
              ],
              [
                37.823282899999995,
                55.6570959
              ],
              [
                37.8129472,
                55.6574081
              ],
              [
                37.7941161,
                55.65757339999998
              ],
              [
                37.7888756,
                55.6582973
              ],
              [
                37.787963299999994,
                55.658498099999996
              ],
              [
                37.784486199999996,
                55.65115169999999
              ],
              [
                37.783447,
                55.6485454
              ]
            ]
          ]
        ]
      }
    },
    {
      "type": "Feature",
      "properties": {
        "id": 455222,
        "level": "district",
        "name_ru": "район Марьино",
        "parent_id": 1278703,
        "bbox": [
          37.692906099999995,
          55.6394575,
          37.787963299999994,
          55.6688607
        ]
      },
      "geometry": {
        "type": "MultiPolygon",
        "coordinates": [
          [
            [
              [
                37.692906099999995,
                55.6438288
              ],
              [
                37.6944815,
                55.64328429999999
              ],
              [
                37.6994168,
                55.64212179999999
              ],
              [
                37.7132784,
                55.6394575
              ],
              [
                37.7295024,
                55.6408925
              ],
              [
                37.7453811,
                55.6398994
              ],
              [
                37.749586799999996,
                55.64062599999999
              ],
              [
                37.766194999999996,
                55.64544570000001
              ],
              [
                37.7797992,
                55.6487391
              ],
              [
                37.783447,
                55.6485454
              ],
              [
                37.784486199999996,
                55.65115169999999
              ],
              [
                37.787963299999994,
                55.658498099999996
              ],
              [
                37.78226269999999,
                55.663619399999995
              ],
              [
                37.7760239,
                55.66687759999999
              ],
              [
                37.7749483,
                55.6671603
              ],
              [
                37.7742588,
                55.66723439999999
              ],
              [
                37.7712169,
                55.667528499999996
              ],
              [
                37.77069589999999,
                55.66733829999999
              ],
              [
                37.7701014,
                55.6675166
              ],
              [
                37.767832,
                55.66769649999999
              ],
              [
                37.7639101,
                55.6688607
              ],
              [
                37.75908059999999,
                55.6675039
              ],
              [
                37.752302199999995,
                55.66648539999999
              ],
              [
                37.75023509999999,
                55.6659897
              ],
              [
                37.7429791,
                55.662684099999986
              ],
              [
                37.7401361,
                55.66179879999999
              ],
              [
                37.7373817,
                55.6601351
              ],
              [
                37.7338773,
                55.6591936
              ],
              [
                37.7273028,
                55.656475199999996
              ],
              [
                37.7265126,
                55.656642999999995
              ],
              [
                37.720323799999996,
                55.66031699999999
              ],
              [
                37.719983799999994,
                55.66028039999999
              ],
              [
                37.7154677,
                55.6582403
              ],
              [
                37.714226,
                55.658188199999984
              ],
              [
                37.7131287,
                55.658519999999996
              ],
              [
                37.6993295,
                55.6482306
              ],
              [
                37.69546439999999,
                55.6460511
              ],
              [
                37.692906099999995,
                55.6438288
              ]
            ]
          ]
        ]
      }
    },
    {
      "type": "Feature",
      "properties": {
        "id": 455451,
        "level": "district",
        "name_ru": "район Печатники",
        "parent_id": 1278703,
        "bbox": [
          37.6716027,
          55.6438288,
          37.73489300000001,
          55.72353619999999
        ]
      },
      "geometry": {
        "type": "MultiPolygon",
        "coordinates": [
          [
            [
              [
                37.6716027,
                55.656363799999994
              ],
              [
                37.6716505,
                55.6543508
              ],
              [
                37.67259469999999,
                55.6532128
              ],
              [
                37.6745688,
                55.651759999999996
              ],
              [
                37.678044899999996,
                55.649944
              ],
              [
                37.688945399999994,
                55.64522179999999
              ],
              [
                37.692906099999995,
                55.6438288
              ],
              [
                37.6951732,
                55.6458388
              ],
              [
                37.6993295,
                55.6482306
              ],
              [
                37.72211029999999,
                55.6651326
              ],
              [
                37.7252036,
                55.6689559
              ],
              [
                37.731264599999996,
                55.6795086
              ],
              [
                37.73301609999999,
                55.68361550000001
              ],
              [
                37.734428099999995,
                55.686185599999995
              ],
              [
                37.73489300000001,
                55.687427499999984
              ],
              [
                37.7348795,
                55.6882069
              ],
              [
                37.73417859999999,
                55.6905766
              ],
              [
                37.7325765,
                55.6923785
              ],
              [
                37.73161629999999,
                55.6939762
              ],
              [
                37.7313125,
                55.6951225
              ],
              [
                37.7300937,
                55.70124609999999
              ],
              [
                37.7293204,
                55.709787
              ],
              [
                37.7288973,
                55.71124349999999
              ],
              [
                37.72823699999999,
                55.71222189999999
              ],
              [
                37.7263897,
                55.71418529999998
              ],
              [
                37.7150397,
                55.72353619999999
              ],
              [
                37.70527059999999,
                55.7207063
              ],
              [
                37.702245299999994,
                55.719738500000005
              ],
              [
                37.7000288,
                55.720744499999995
              ],
              [
                37.6952614,
                55.7192355
              ],
              [
                37.6933444,
                55.71887689999999
              ],
              [
                37.67907749999999,
                55.7147847
              ],
              [
                37.6816946,
                55.711273
              ],
              [
                37.6862771,
                55.70617829999999
              ],
              [
                37.6877361,
                55.706347799999996
              ],
              [
                37.69056779999999,
                55.70635889999999
              ],
              [
                37.6911722,
                55.70607179999998
              ],
              [
                37.68696009999999,
                55.700175
              ],
              [
                37.6842701,
                55.69742229999999
              ],
              [
                37.6947839,
                55.69535059999999
              ],
              [
                37.7075727,
                55.69327049999998
              ],
              [
                37.71212169999999,
                55.68845679999999
              ],
              [
                37.7123792,
                55.68465859999999
              ],
              [
                37.711949999999995,
                55.68131979999999
              ],
              [
                37.7047617,
                55.6773626
              ],
              [
                37.7026565,
                55.6765772
              ],
              [
                37.70034139999999,
                55.67588649999999
              ],
              [
                37.69074749999999,
                55.67323969999999
              ],
              [
                37.6893415,
                55.6727019
              ],
              [
                37.68740249999999,
                55.6711564
              ],
              [
                37.6824243,
                55.670623899999995
              ],
              [
                37.6781327,
                55.6690508
              ],
              [
                37.6750428,
                55.6676469
              ],
              [
                37.6732404,
                55.6651055
              ],
              [
                37.67238209999999,
                55.6619828
              ],
              [
                37.6716027,
                55.656363799999994
              ]
            ]
          ]
        ]
      }
    },
    {
      "type": "Feature",
      "properties": {
        "id": 455460,
        "level": "district",
        "name_ru": "район Нагатинский Затон",
        "parent_id": 1282181,
        "bbox": [
          37.6534884,
          55.6501701,
          37.7123792,
          55.70074149999999
        ]
      },
      "geometry": {
        "type": "MultiPolygon",
        "coordinates": [
          [
            [
              [
                37.65943729999999,
                55.650638099999995
              ],
              [
                37.6605859,
                55.6501701
              ],
              [
                37.6644751,
                55.6533749
              ],
              [
                37.669898399999994,
                55.65624629999999
              ],
              [
                37.6716027,
                55.656363799999994
              ],
              [
                37.67238209999999,
                55.6619828
              ],
              [
                37.6732404,
                55.6651055
              ],
              [
                37.6750428,
                55.6676469
              ],
              [
                37.6781327,
                55.6690508
              ],
              [
                37.6824243,
                55.670623899999995
              ],
              [
                37.68740249999999,
                55.6711564
              ],
              [
                37.6893415,
                55.6727019
              ],
              [
                37.69074749999999,
                55.67323969999999
              ],
              [
                37.7026565,
                55.6765772
              ],
              [
                37.7047617,
                55.6773626
              ],
              [
                37.711949999999995,
                55.68131979999999
              ],
              [
                37.7123792,
                55.68465859999999
              ],
              [
                37.71212169999999,
                55.68845679999999
              ],
              [
                37.7075727,
                55.69327049999998
              ],
              [
                37.6947839,
                55.69535059999999
              ],
              [
                37.6842701,
                55.69742229999999
              ],
              [
                37.67901129999999,
                55.698191699999995
              ],
              [
                37.674485499999996,
                55.6985085
              ],
              [
                37.672933799999996,
                55.699676899999986
              ],
              [
                37.67095479999999,
                55.70050069999999
              ],
              [
                37.6672891,
                55.70074149999999
              ],
              [
                37.6644865,
                55.680688999999994
              ],
              [
                37.661869,
                55.669345899999996
              ],
              [
                37.6614042,
                55.668399499999985
              ],
              [
                37.65441599999999,
                55.659822999999996
              ],
              [
                37.654025,
                55.65878419999999
              ],
              [
                37.6534884,
                55.65618239999999
              ],
              [
                37.6536033,
                55.65480399999999
              ],
              [
                37.65393559999999,
                55.65413129999998
              ],
              [
                37.6545943,
                55.65342149999999
              ],
              [
                37.6556925,
                55.65261689999999
              ],
              [
                37.65943729999999,
                55.650638099999995
              ]
            ]
          ]
        ]
      }
    },
    {
      "type": "Feature",
      "properties": {
        "id": 455528,
        "level": "district",
        "name_ru": "район Москворечье-Сабурово",
        "parent_id": 1282181,
        "bbox": [
          37.6221414,
          55.6279121,
          37.72957389999999,
          55.65839169999999
        ]
      },
      "geometry": {
        "type": "MultiPolygon",
        "coordinates": [
          [
            [
              [
                37.6224611,
                55.6575337
              ],
              [
                37.6221414,
                55.6518394
              ],
              [
                37.622246,
                55.6510431
              ],
              [
                37.6250668,
                55.639978199999995
              ],
              [
                37.6258692,
                55.64003449999999
              ],
              [
                37.627117,
                55.6399601
              ],
              [
                37.6282905,
                55.6397611
              ],
              [
                37.6286049,
                55.639591299999985
              ],
              [
                37.6292105,
                55.639626
              ],
              [
                37.6294154,
                55.639748099999984
              ],
              [
                37.630634799999996,
                55.63978749999999
              ],
              [
                37.6314874,
                55.63962589999999
              ],
              [
                37.632521499999996,
                55.6396716
              ],
              [
                37.63588729999999,
                55.6401868
              ],
              [
                37.63613,
                55.64035549999999
              ],
              [
                37.63774589999999,
                55.64037669999999
              ],
              [
                37.63873009999999,
                55.640705800000006
              ],
              [
                37.6396337,
                55.6407416
              ],
              [
                37.6398759,
                55.640716499999996
              ],
              [
                37.64002059999999,
                55.640561899999994
              ],
              [
                37.640445299999996,
                55.64057129999999
              ],
              [
                37.6417705,
                55.6408549
              ],
              [
                37.64125609999999,
                55.63859579999999
              ],
              [
                37.644367700000004,
                55.638310999999995
              ],
              [
                37.6547667,
                55.63755299999999
              ],
              [
                37.6546922,
                55.6384152
              ],
              [
                37.6818354,
                55.63654309999999
              ],
              [
                37.6828127,
                55.636604399999996
              ],
              [
                37.68695459999999,
                55.636341200000004
              ],
              [
                37.687069099999995,
                55.6366408
              ],
              [
                37.687742,
                55.63669449999998
              ],
              [
                37.6885917,
                55.63511119999999
              ],
              [
                37.6894311,
                55.634544099999985
              ],
              [
                37.6902867,
                55.6342724
              ],
              [
                37.69042879999999,
                55.6340975
              ],
              [
                37.690396699999994,
                55.63399909999998
              ],
              [
                37.6893926,
                55.6336546
              ],
              [
                37.68934159999999,
                55.6333564
              ],
              [
                37.6899768,
                55.63186799999999
              ],
              [
                37.689662,
                55.6289624
              ],
              [
                37.68978049999999,
                55.62846479999999
              ],
              [
                37.690402399999996,
                55.628051899999996
              ],
              [
                37.69264209999999,
                55.6279121
              ],
              [
                37.693636999999995,
                55.6279496
              ],
              [
                37.6945548,
                55.6282575
              ],
              [
                37.695178799999994,
                55.62866809999999
              ],
              [
                37.69609229999999,
                55.62897869999998
              ],
              [
                37.7023572,
                55.629716699999996
              ],
              [
                37.70442409999999,
                55.629783499999995
              ],
              [
                37.70734529999999,
                55.6307468
              ],
              [
                37.709500199999994,
                55.63094279999999
              ],
              [
                37.7158954,
                55.63120369999999
              ],
              [
                37.7283728,
                55.63086499999999
              ],
              [
                37.729099399999996,
                55.6307643
              ],
              [
                37.72957389999999,
                55.631738600000006
              ],
              [
                37.72956949999999,
                55.63211509999999
              ],
              [
                37.7292758,
                55.63267319999999
              ],
              [
                37.7285796,
                55.63292349999999
              ],
              [
                37.7277089,
                55.6334171
              ],
              [
                37.72767689999999,
                55.6338166
              ],
              [
                37.7272558,
                55.634203899999996
              ],
              [
                37.7271206,
                55.6352984
              ],
              [
                37.7277539,
                55.63528639999999
              ],
              [
                37.7295024,
                55.6408925
              ],
              [
                37.7132784,
                55.6394575
              ],
              [
                37.6994168,
                55.64212179999999
              ],
              [
                37.6944815,
                55.64328429999999
              ],
              [
                37.688945399999994,
                55.64522179999999
              ],
              [
                37.678044899999996,
                55.649944
              ],
              [
                37.6745688,
                55.651759999999996
              ],
              [
                37.67259469999999,
                55.6532128
              ],
              [
                37.6716505,
                55.6543508
              ],
              [
                37.6716027,
                55.656363799999994
              ],
              [
                37.669898399999994,
                55.65624629999999
              ],
              [
                37.6644751,
                55.6533749
              ],
              [
                37.6605859,
                55.6501701
              ],
              [
                37.6568895,
                55.651543399999994
              ],
              [
                37.64171449999999,
                55.65839169999999
              ],
              [
                37.6417715,
                55.65823809999999
              ],
              [
                37.63704,
                55.6549614
              ],
              [
                37.63425889999999,
                55.65653
              ],
              [
                37.633499099999995,
                55.6564578
              ],
              [
                37.633603,
                55.65617809999999
              ],
              [
                37.6320434,
                55.6558577
              ],
              [
                37.631831399999996,
                55.65619499999998
              ],
              [
                37.624753999999996,
                55.6574338
              ],
              [
                37.6242343,
                55.6572276
              ],
              [
                37.6224611,
                55.6575337
              ]
            ]
          ]
        ]
      }
    },
    {
      "type": "Feature",
      "properties": {
        "id": 455539,
        "level": "district",
        "name_ru": "район Орехово-Борисово Северное",
        "parent_id": 1282181,
        "bbox": [
          37.671285299999994,
          55.60566659999999,
          37.73036979999999,
          55.63669449999998
        ]
      },
      "geometry": {
        "type": "MultiPolygon",
        "coordinates": [
          [
            [
              [
                37.6713878,
                55.61998259999999
              ],
              [
                37.6724234,
                55.61952929999999
              ],
              [
                37.6730482,
                55.619692
              ],
              [
                37.6750147,
                55.621544099999994
              ],
              [
                37.675967199999995,
                55.62192399999999
              ],
              [
                37.67684289999999,
                55.6219882
              ],
              [
                37.6801071,
                55.62167639999999
              ],
              [
                37.68034409999999,
                55.62145509999999
              ],
              [
                37.67974949999999,
                55.6206725
              ],
              [
                37.67923009999999,
                55.619290799999995
              ],
              [
                37.678293399999994,
                55.61839829999999
              ],
              [
                37.677853799999994,
                55.6182163
              ],
              [
                37.6777359,
                55.6178977
              ],
              [
                37.678128,
                55.615814900000004
              ],
              [
                37.6778832,
                55.61424939999999
              ],
              [
                37.67988489999999,
                55.6116928
              ],
              [
                37.680530999999995,
                55.610099
              ],
              [
                37.68192069999999,
                55.6097709
              ],
              [
                37.6845546,
                55.6088419
              ],
              [
                37.6865524,
                55.60779369999999
              ],
              [
                37.68694309999999,
                55.607882599999996
              ],
              [
                37.6870003,
                55.6076585
              ],
              [
                37.6874303,
                55.60744229999999
              ],
              [
                37.68791199999999,
                55.6075737
              ],
              [
                37.6883463,
                55.607413199999996
              ],
              [
                37.6886674,
                55.607581799999984
              ],
              [
                37.68949849999999,
                55.60720169999999
              ],
              [
                37.689906199999996,
                55.60730040000001
              ],
              [
                37.6900914,
                55.6071889
              ],
              [
                37.6905493,
                55.607224599999995
              ],
              [
                37.690570099999995,
                55.60697679999999
              ],
              [
                37.691325799999994,
                55.6070776
              ],
              [
                37.691405499999995,
                55.60690679999998
              ],
              [
                37.6918851,
                55.6069887
              ],
              [
                37.6925288,
                55.60617659999999
              ],
              [
                37.6935481,
                55.6057524
              ],
              [
                37.6945547,
                55.60566659999999
              ],
              [
                37.6954673,
                55.60571660000001
              ],
              [
                37.695809,
                55.6058734
              ],
              [
                37.695540099999995,
                55.60625949999999
              ],
              [
                37.696644899999995,
                55.6065036
              ],
              [
                37.69750100000001,
                55.6064937
              ],
              [
                37.697195199999996,
                55.60679089999999
              ],
              [
                37.697316799999996,
                55.606934
              ],
              [
                37.6972348,
                55.6072993
              ],
              [
                37.6974777,
                55.6074419
              ],
              [
                37.698014,
                55.6072263
              ],
              [
                37.69879319999999,
                55.6076147
              ],
              [
                37.698635499999995,
                55.6077234
              ],
              [
                37.699137099999994,
                55.6079533
              ],
              [
                37.69977399999999,
                55.6074749
              ],
              [
                37.7017837,
                55.60824219999999
              ],
              [
                37.7037659,
                55.6087209
              ],
              [
                37.73036979999999,
                55.61301509999999
              ],
              [
                37.72839999999999,
                55.6170293
              ],
              [
                37.7278346,
                55.6189584
              ],
              [
                37.72767710000001,
                55.62052679999999
              ],
              [
                37.727838999999996,
                55.624298899999985
              ],
              [
                37.7286838,
                55.62459849999999
              ],
              [
                37.7287641,
                55.62572519999999
              ],
              [
                37.72844229999999,
                55.62592509999999
              ],
              [
                37.7274859,
                55.6259615
              ],
              [
                37.72734659999999,
                55.6269613
              ],
              [
                37.72875229999999,
                55.6292856
              ],
              [
                37.7291348,
                55.62953879999999
              ],
              [
                37.7295929,
                55.629524399999994
              ],
              [
                37.7297811,
                55.6300948
              ],
              [
                37.729662999999995,
                55.6305066
              ],
              [
                37.7290039,
                55.630678
              ],
              [
                37.729099399999996,
                55.6307643
              ],
              [
                37.7283728,
                55.63086499999999
              ],
              [
                37.7158954,
                55.63120369999999
              ],
              [
                37.709500199999994,
                55.63094279999999
              ],
              [
                37.70734529999999,
                55.6307468
              ],
              [
                37.70442409999999,
                55.629783499999995
              ],
              [
                37.7023572,
                55.629716699999996
              ],
              [
                37.69609229999999,
                55.62897869999998
              ],
              [
                37.695178799999994,
                55.62866809999999
              ],
              [
                37.6945548,
                55.6282575
              ],
              [
                37.693636999999995,
                55.6279496
              ],
              [
                37.69264209999999,
                55.6279121
              ],
              [
                37.690402399999996,
                55.628051899999996
              ],
              [
                37.68978049999999,
                55.62846479999999
              ],
              [
                37.689662,
                55.6289624
              ],
              [
                37.6899768,
                55.63186799999999
              ],
              [
                37.68934159999999,
                55.6333564
              ],
              [
                37.6893926,
                55.6336546
              ],
              [
                37.690396699999994,
                55.63399909999998
              ],
              [
                37.69042879999999,
                55.6340975
              ],
              [
                37.6902867,
                55.6342724
              ],
              [
                37.6894311,
                55.634544099999985
              ],
              [
                37.6885917,
                55.63511119999999
              ],
              [
                37.687742,
                55.63669449999998
              ],
              [
                37.687069099999995,
                55.6366408
              ],
              [
                37.6855598,
                55.632285599999996
              ],
              [
                37.68466339999999,
                55.63066810000001
              ],
              [
                37.6809152,
                55.62739959999999
              ],
              [
                37.6756685,
                55.62316789999999
              ],
              [
                37.671285299999994,
                55.6200284
              ],
              [
                37.6713878,
                55.61998259999999
              ]
            ]
          ]
        ]
      }
    },
    {
      "type": "Feature",
      "properties": {
        "id": 456807,
        "level": "district",
        "name_ru": "район Орехово-Борисово Южное",
        "parent_id": 1282181,
        "bbox": [
          37.691405499999995,
          55.588797299999996,
          37.785092199999994,
          55.6191478
        ]
      },
      "geometry": {
        "type": "MultiPolygon",
        "coordinates": [
          [
            [
              [
                37.691405499999995,
                55.60690679999998
              ],
              [
                37.6919224,
                55.606076099999996
              ],
              [
                37.6917012,
                55.605736199999996
              ],
              [
                37.6921419,
                55.60533449999999
              ],
              [
                37.693461899999996,
                55.604782500000006
              ],
              [
                37.69569069999999,
                55.6041195
              ],
              [
                37.6956049,
                55.6038741
              ],
              [
                37.69617889999999,
                55.6037104
              ],
              [
                37.6963559,
                55.6028263
              ],
              [
                37.69784179999999,
                55.602419499999996
              ],
              [
                37.6985338,
                55.6023437
              ],
              [
                37.69935989999999,
                55.6020315
              ],
              [
                37.699983,
                55.602230899999995
              ],
              [
                37.700139099999994,
                55.602192200000005
              ],
              [
                37.7003509,
                55.602030299999996
              ],
              [
                37.700149499999995,
                55.601908599999994
              ],
              [
                37.7002315,
                55.601718299999995
              ],
              [
                37.700856699999996,
                55.60138529999999
              ],
              [
                37.70091949999999,
                55.60111339999999
              ],
              [
                37.7018008,
                55.6007132
              ],
              [
                37.70185159999999,
                55.60017279999999
              ],
              [
                37.7016727,
                55.5998287
              ],
              [
                37.70251639999999,
                55.59930790000001
              ],
              [
                37.7025746,
                55.59915309999999
              ],
              [
                37.70344029999999,
                55.59912329999999
              ],
              [
                37.70362029999999,
                55.5989397
              ],
              [
                37.704162499999995,
                55.598820100000005
              ],
              [
                37.7041547,
                55.59856429999999
              ],
              [
                37.704817899999995,
                55.59851609999999
              ],
              [
                37.704905399999994,
                55.598307999999996
              ],
              [
                37.7051911,
                55.59838489999999
              ],
              [
                37.7066609,
                55.59826199999999
              ],
              [
                37.7075069,
                55.5983525
              ],
              [
                37.7077428,
                55.598324999999996
              ],
              [
                37.7077988,
                55.5981821
              ],
              [
                37.7087799,
                55.598161299999994
              ],
              [
                37.7090856,
                55.5980264
              ],
              [
                37.7094196,
                55.5982491
              ],
              [
                37.7096253,
                55.59824079999999
              ],
              [
                37.70987,
                55.597823899999995
              ],
              [
                37.710636,
                55.5977067
              ],
              [
                37.71251349999999,
                55.59682769999999
              ],
              [
                37.71446619999999,
                55.5965367
              ],
              [
                37.714920000000006,
                55.596724599999995
              ],
              [
                37.7170434,
                55.595718699999985
              ],
              [
                37.71955289999999,
                55.5937311
              ],
              [
                37.7245037,
                55.58931309999999
              ],
              [
                37.7263489,
                55.59006659999999
              ],
              [
                37.7269732,
                55.5900823
              ],
              [
                37.730436899999994,
                55.5896722
              ],
              [
                37.732173499999995,
                55.588797299999996
              ],
              [
                37.73280419999999,
                55.589167199999984
              ],
              [
                37.73204059999999,
                55.589934899999996
              ],
              [
                37.7320986,
                55.59091439999999
              ],
              [
                37.73254589999999,
                55.59213379999999
              ],
              [
                37.733529,
                55.5929779
              ],
              [
                37.7538314,
                55.601597399999996
              ],
              [
                37.7622711,
                55.60614939999999
              ],
              [
                37.762281699999996,
                55.60624889999999
              ],
              [
                37.775909799999994,
                55.613783899999994
              ],
              [
                37.78007229999999,
                55.6158902
              ],
              [
                37.7827614,
                55.616338999999996
              ],
              [
                37.7840116,
                55.6168207
              ],
              [
                37.78505309999999,
                55.6168196
              ],
              [
                37.785092199999994,
                55.616980099999985
              ],
              [
                37.783504699999995,
                55.6171475
              ],
              [
                37.7810736,
                55.6184415
              ],
              [
                37.780062599999994,
                55.6188287
              ],
              [
                37.7789095,
                55.61899519999999
              ],
              [
                37.774777,
                55.6191478
              ],
              [
                37.775104899999995,
                55.61816219999999
              ],
              [
                37.773950199999994,
                55.6175124
              ],
              [
                37.77273259999999,
                55.61628610000001
              ],
              [
                37.7711637,
                55.61576869999999
              ],
              [
                37.768532,
                55.6154024
              ],
              [
                37.765808199999995,
                55.61465099999998
              ],
              [
                37.76332709999999,
                55.61434619999999
              ],
              [
                37.7620678,
                55.61406029999999
              ],
              [
                37.7605867,
                55.613677499999994
              ],
              [
                37.76004270000001,
                55.613235599999996
              ],
              [
                37.7591557,
                55.6128481
              ],
              [
                37.7560261,
                55.6120659
              ],
              [
                37.754289799999995,
                55.6117398
              ],
              [
                37.7508632,
                55.61141609999999
              ],
              [
                37.7491059,
                55.6110947
              ],
              [
                37.746396399999995,
                55.611062499999996
              ],
              [
                37.7426082,
                55.61151529999999
              ],
              [
                37.7366349,
                55.6114154
              ],
              [
                37.7357911,
                55.61165450000001
              ],
              [
                37.7327019,
                55.6114321
              ],
              [
                37.731302799999995,
                55.6112029
              ],
              [
                37.73036979999999,
                55.61301509999999
              ],
              [
                37.7037659,
                55.6087209
              ],
              [
                37.7017837,
                55.60824219999999
              ],
              [
                37.69977399999999,
                55.6074749
              ],
              [
                37.699137099999994,
                55.6079533
              ],
              [
                37.698635499999995,
                55.6077234
              ],
              [
                37.69879319999999,
                55.6076147
              ],
              [
                37.698014,
                55.6072263
              ],
              [
                37.6974777,
                55.6074419
              ],
              [
                37.6972348,
                55.6072993
              ],
              [
                37.697316799999996,
                55.606934
              ],
              [
                37.697195199999996,
                55.60679089999999
              ],
              [
                37.69750100000001,
                55.6064937
              ],
              [
                37.696644899999995,
                55.6065036
              ],
              [
                37.695540099999995,
                55.60625949999999
              ],
              [
                37.695809,
                55.6058734
              ],
              [
                37.6954673,
                55.60571660000001
              ],
              [
                37.6945547,
                55.60566659999999
              ],
              [
                37.6935481,
                55.6057524
              ],
              [
                37.6925288,
                55.60617659999999
              ],
              [
                37.6918851,
                55.6069887
              ],
              [
                37.691405499999995,
                55.60690679999998
              ]
            ]
          ]
        ]
      }
    },
    {
      "type": "Feature",
      "properties": {
        "id": 531264,
        "level": "district",
        "name_ru": "район Зябликово",
        "parent_id": 1282181,
        "bbox": [
          37.727390099999994,
          55.611062499999996,
          37.775104899999995,
          55.6314312
        ]
      },
      "geometry": {
        "type": "MultiPolygon",
        "coordinates": [
          [
            [
              [
                37.727390099999994,
                55.6270881
              ],
              [
                37.7274859,
                55.6259615
              ],
              [
                37.72844229999999,
                55.62592509999999
              ],
              [
                37.7287641,
                55.62572519999999
              ],
              [
                37.7286838,
                55.62459849999999
              ],
              [
                37.727838999999996,
                55.624298899999985
              ],
              [
                37.72767710000001,
                55.62052679999999
              ],
              [
                37.7278689,
                55.6188039
              ],
              [
                37.7288478,
                55.6159885
              ],
              [
                37.731302799999995,
                55.6112029
              ],
              [
                37.7327019,
                55.6114321
              ],
              [
                37.7357911,
                55.61165450000001
              ],
              [
                37.7366349,
                55.6114154
              ],
              [
                37.7426082,
                55.61151529999999
              ],
              [
                37.746396399999995,
                55.611062499999996
              ],
              [
                37.7491059,
                55.6110947
              ],
              [
                37.7508632,
                55.61141609999999
              ],
              [
                37.754289799999995,
                55.6117398
              ],
              [
                37.7560261,
                55.6120659
              ],
              [
                37.7591557,
                55.6128481
              ],
              [
                37.76004270000001,
                55.613235599999996
              ],
              [
                37.7605867,
                55.613677499999994
              ],
              [
                37.7620678,
                55.61406029999999
              ],
              [
                37.76332709999999,
                55.61434619999999
              ],
              [
                37.765808199999995,
                55.61465099999998
              ],
              [
                37.768532,
                55.6154024
              ],
              [
                37.7711637,
                55.61576869999999
              ],
              [
                37.77273259999999,
                55.61628610000001
              ],
              [
                37.773950199999994,
                55.6175124
              ],
              [
                37.775104899999995,
                55.61816219999999
              ],
              [
                37.774777,
                55.6191478
              ],
              [
                37.77123960000001,
                55.6192011
              ],
              [
                37.76944,
                55.619536999999994
              ],
              [
                37.766006,
                55.620876
              ],
              [
                37.7627433,
                55.62194309999999
              ],
              [
                37.759974199999995,
                55.6232199
              ],
              [
                37.7566831,
                55.6250364
              ],
              [
                37.754488499999994,
                55.6265046
              ],
              [
                37.752887099999995,
                55.62810979999999
              ],
              [
                37.7513923,
                55.63096369999998
              ],
              [
                37.7494373,
                55.630799799999984
              ],
              [
                37.7477125,
                55.631000799999995
              ],
              [
                37.7457466,
                55.630896799999995
              ],
              [
                37.7452491,
                55.631208
              ],
              [
                37.74389709999999,
                55.6310758
              ],
              [
                37.7424401,
                55.6311147
              ],
              [
                37.7415273,
                55.6313421
              ],
              [
                37.740328399999996,
                55.6314312
              ],
              [
                37.738785,
                55.6314153
              ],
              [
                37.7374582,
                55.6312676
              ],
              [
                37.7363337,
                55.630703399999994
              ],
              [
                37.7353398,
                55.630998299999995
              ],
              [
                37.7337929,
                55.6307067
              ],
              [
                37.7331805,
                55.6308261
              ],
              [
                37.733231599999996,
                55.6310882
              ],
              [
                37.7330074,
                55.63116749999998
              ],
              [
                37.7315158,
                55.63109219999998
              ],
              [
                37.729617999999995,
                55.6307237
              ],
              [
                37.729099399999996,
                55.6307643
              ],
              [
                37.7290039,
                55.630678
              ],
              [
                37.729662999999995,
                55.6305066
              ],
              [
                37.7297811,
                55.6300948
              ],
              [
                37.7295929,
                55.629524399999994
              ],
              [
                37.7291348,
                55.62953879999999
              ],
              [
                37.72875229999999,
                55.6292856
              ],
              [
                37.727390099999994,
                55.6270881
              ]
            ]
          ]
        ]
      }
    },
    {
      "type": "Feature",
      "properties": {
        "id": 531287,
        "level": "district",
        "name_ru": "район Братеево",
        "parent_id": 1282181,
        "bbox": [
          37.7271206,
          55.61665489999999,
          37.793561,
          55.6487391
        ]
      },
      "geometry": {
        "type": "MultiPolygon",
        "coordinates": [
          [
            [
              [
                37.7271206,
                55.6352984
              ],
              [
                37.7272558,
                55.634203899999996
              ],
              [
                37.72767689999999,
                55.6338166
              ],
              [
                37.7277089,
                55.6334171
              ],
              [
                37.7285796,
                55.63292349999999
              ],
              [
                37.7292758,
                55.63267319999999
              ],
              [
                37.72956949999999,
                55.63211509999999
              ],
              [
                37.72957389999999,
                55.631738600000006
              ],
              [
                37.729099399999996,
                55.6307643
              ],
              [
                37.7294205,
                55.6307061
              ],
              [
                37.7315158,
                55.63109219999998
              ],
              [
                37.7330074,
                55.63116749999998
              ],
              [
                37.733231599999996,
                55.6310882
              ],
              [
                37.7331805,
                55.6308261
              ],
              [
                37.7337929,
                55.6307067
              ],
              [
                37.7353398,
                55.630998299999995
              ],
              [
                37.7363337,
                55.630703399999994
              ],
              [
                37.7374582,
                55.6312676
              ],
              [
                37.738785,
                55.6314153
              ],
              [
                37.7404667,
                55.6314263
              ],
              [
                37.7415273,
                55.6313421
              ],
              [
                37.7424401,
                55.6311147
              ],
              [
                37.7433933,
                55.631080299999994
              ],
              [
                37.7452491,
                55.631208
              ],
              [
                37.7457466,
                55.630896799999995
              ],
              [
                37.7477125,
                55.631000799999995
              ],
              [
                37.7494373,
                55.630799799999984
              ],
              [
                37.7513923,
                55.63096369999998
              ],
              [
                37.753054399999996,
                55.6279089
              ],
              [
                37.754488499999994,
                55.6265046
              ],
              [
                37.7566831,
                55.6250364
              ],
              [
                37.7600731,
                55.6231677
              ],
              [
                37.7627433,
                55.62194309999999
              ],
              [
                37.766006,
                55.620876
              ],
              [
                37.768908999999994,
                55.61970099999999
              ],
              [
                37.769989,
                55.6194
              ],
              [
                37.7715459,
                55.61918189999999
              ],
              [
                37.7750479,
                55.61914399999999
              ],
              [
                37.7797139,
                55.618899299999995
              ],
              [
                37.7810736,
                55.6184415
              ],
              [
                37.783504699999995,
                55.6171475
              ],
              [
                37.785092199999994,
                55.616980099999985
              ],
              [
                37.78505309999999,
                55.6168196
              ],
              [
                37.78692989999999,
                55.61665489999999
              ],
              [
                37.7871859,
                55.616906699999994
              ],
              [
                37.786595399999996,
                55.6172294
              ],
              [
                37.78412850000001,
                55.61754169999999
              ],
              [
                37.7837291,
                55.61788419999999
              ],
              [
                37.7838511,
                55.61822649999999
              ],
              [
                37.7847042,
                55.618667499999994
              ],
              [
                37.7848538,
                55.6185952
              ],
              [
                37.79199239999999,
                55.62230689999999
              ],
              [
                37.7921272,
                55.6221692
              ],
              [
                37.793561,
                55.6229597
              ],
              [
                37.78975559999999,
                55.6257517
              ],
              [
                37.78670859999999,
                55.6302582
              ],
              [
                37.7850349,
                55.633262299999984
              ],
              [
                37.7842624,
                55.638325
              ],
              [
                37.78383319999999,
                55.6425879
              ],
              [
                37.785506899999994,
                55.6451066
              ],
              [
                37.78533529999999,
                55.6473346
              ],
              [
                37.783447,
                55.6485454
              ],
              [
                37.7797992,
                55.6487391
              ],
              [
                37.766194999999996,
                55.64544570000001
              ],
              [
                37.749586799999996,
                55.64062599999999
              ],
              [
                37.7453811,
                55.6398994
              ],
              [
                37.7295024,
                55.6408925
              ],
              [
                37.7277539,
                55.63528639999999
              ],
              [
                37.7271206,
                55.6352984
              ]
            ]
          ]
        ]
      }
    },
    {
      "type": "Feature",
      "properties": {
        "id": 535655,
        "level": "district",
        "name_ru": "район Нагатино-Садовники",
        "parent_id": 1282181,
        "bbox": [
          37.6218603,
          55.650638099999995,
          37.6652416,
          55.69174919999998
        ]
      },
      "geometry": {
        "type": "MultiPolygon",
        "coordinates": [
          [
            [
              [
                37.6218603,
                55.6907301
              ],
              [
                37.623940000000005,
                55.6818638
              ],
              [
                37.6271573,
                55.672614499999995
              ],
              [
                37.625921399999996,
                55.6704746
              ],
              [
                37.6228581,
                55.666844
              ],
              [
                37.6228186,
                55.6630668
              ],
              [
                37.6224611,
                55.6575337
              ],
              [
                37.6242343,
                55.6572276
              ],
              [
                37.624753999999996,
                55.6574338
              ],
              [
                37.631831399999996,
                55.65619499999998
              ],
              [
                37.6320434,
                55.6558577
              ],
              [
                37.633603,
                55.65617809999999
              ],
              [
                37.633499099999995,
                55.6564578
              ],
              [
                37.63425889999999,
                55.65653
              ],
              [
                37.63704,
                55.6549614
              ],
              [
                37.6417715,
                55.65823809999999
              ],
              [
                37.64171449999999,
                55.65839169999999
              ],
              [
                37.6568895,
                55.651543399999994
              ],
              [
                37.65943729999999,
                55.650638099999995
              ],
              [
                37.6556925,
                55.65261689999999
              ],
              [
                37.6545943,
                55.65342149999999
              ],
              [
                37.65393559999999,
                55.65413129999998
              ],
              [
                37.6536033,
                55.65480399999999
              ],
              [
                37.6534884,
                55.65618239999999
              ],
              [
                37.654025,
                55.65878419999999
              ],
              [
                37.65441599999999,
                55.659822999999996
              ],
              [
                37.6614042,
                55.668399499999985
              ],
              [
                37.661869,
                55.669345899999996
              ],
              [
                37.6644865,
                55.680688999999994
              ],
              [
                37.6652416,
                55.686224399999986
              ],
              [
                37.643929199999995,
                55.684489299999996
              ],
              [
                37.63959479999999,
                55.684271499999994
              ],
              [
                37.6361186,
                55.6846102
              ],
              [
                37.63320039999999,
                55.68550539999999
              ],
              [
                37.6315696,
                55.68666659999999
              ],
              [
                37.6296384,
                55.690053400000004
              ],
              [
                37.6288682,
                55.69174919999998
              ],
              [
                37.6218603,
                55.6907301
              ]
            ]
          ]
        ]
      }
    },
    {
      "type": "Feature",
      "properties": {
        "id": 535662,
        "level": "district",
        "name_ru": "Нагорный район",
        "parent_id": 1282181,
        "bbox": [
          37.6035132,
          55.6405441,
          37.6271573,
          55.6907301
        ]
      },
      "geometry": {
        "type": "MultiPolygon",
        "coordinates": [
          [
            [
              [
                37.603738099999994,
                55.6905249
              ],
              [
                37.6035132,
                55.6903468
              ],
              [
                37.6044927,
                55.68979730000001
              ],
              [
                37.6051742,
                55.68900969999999
              ],
              [
                37.6052903,
                55.68807429999998
              ],
              [
                37.6049834,
                55.68697949999999
              ],
              [
                37.6049491,
                55.6860546
              ],
              [
                37.605271699999996,
                55.6854176
              ],
              [
                37.605713,
                55.68495719999999
              ],
              [
                37.607168,
                55.684196
              ],
              [
                37.6086084,
                55.683886699999995
              ],
              [
                37.6106538,
                55.6839671
              ],
              [
                37.613702399999994,
                55.684475799999994
              ],
              [
                37.613970099999996,
                55.683171599999994
              ],
              [
                37.61458040000001,
                55.682689599999996
              ],
              [
                37.614920999999995,
                55.6809259
              ],
              [
                37.6146941,
                55.680555699999985
              ],
              [
                37.6141474,
                55.680381099999984
              ],
              [
                37.6137783,
                55.6799858
              ],
              [
                37.611710699999996,
                55.67860559999999
              ],
              [
                37.6114759,
                55.67832949999999
              ],
              [
                37.6115213,
                55.6775203
              ],
              [
                37.6112922,
                55.6772175
              ],
              [
                37.6101849,
                55.6769658
              ],
              [
                37.6099335,
                55.676735699999995
              ],
              [
                37.6094397,
                55.6766155
              ],
              [
                37.6089553,
                55.67630469999999
              ],
              [
                37.608480899999996,
                55.67567859999999
              ],
              [
                37.6085902,
                55.67533619999999
              ],
              [
                37.6077372,
                55.67471179999999
              ],
              [
                37.6073783,
                55.674668200000006
              ],
              [
                37.6072286,
                55.6741797
              ],
              [
                37.6069148,
                55.67387310000001
              ],
              [
                37.60662469999999,
                55.67286789999999
              ],
              [
                37.60563109999999,
                55.67230049999999
              ],
              [
                37.6059399,
                55.671755299999994
              ],
              [
                37.6066929,
                55.671172099999986
              ],
              [
                37.6057896,
                55.6705589
              ],
              [
                37.605906899999994,
                55.66906579999999
              ],
              [
                37.6070449,
                55.66818909999999
              ],
              [
                37.61164519999999,
                55.66608
              ],
              [
                37.610865499999996,
                55.6654964
              ],
              [
                37.6109155,
                55.66519259999999
              ],
              [
                37.610689199999996,
                55.664966
              ],
              [
                37.609438499999996,
                55.66523509999999
              ],
              [
                37.60883489999999,
                55.66515309999998
              ],
              [
                37.60764639999999,
                55.6640831
              ],
              [
                37.613571799999995,
                55.66347929999999
              ],
              [
                37.606860299999994,
                55.6579294
              ],
              [
                37.6054137,
                55.65653
              ],
              [
                37.6056701,
                55.64137159999999
              ],
              [
                37.619774299999996,
                55.6405441
              ],
              [
                37.61974169999999,
                55.64219099999999
              ],
              [
                37.6244246,
                55.6425363
              ],
              [
                37.6221414,
                55.6518394
              ],
              [
                37.6228186,
                55.6630668
              ],
              [
                37.6228581,
                55.666844
              ],
              [
                37.625921399999996,
                55.6704746
              ],
              [
                37.6271573,
                55.672614499999995
              ],
              [
                37.623940000000005,
                55.6818638
              ],
              [
                37.6218603,
                55.6907301
              ],
              [
                37.6147965,
                55.6893176
              ],
              [
                37.6120201,
                55.6890931
              ],
              [
                37.610424200000004,
                55.6891082
              ],
              [
                37.6081155,
                55.6893299
              ],
              [
                37.605969699999996,
                55.68977979999999
              ],
              [
                37.603738099999994,
                55.6905249
              ]
            ]
          ]
        ]
      }
    },
    {
      "type": "Feature",
      "properties": {
        "id": 548619,
        "level": "district",
        "name_ru": "район Выхино-Жулебино",
        "parent_id": 1278703,
        "bbox": [
          37.7871898,
          55.674558399999995,
          37.864791999999994,
          55.72210559999999
        ]
      },
      "geometry": {
        "type": "MultiPolygon",
        "coordinates": [
          [
            [
              [
                37.7872374,
                55.69031829999999
              ],
              [
                37.7874699,
                55.69026829999999
              ],
              [
                37.7871898,
                55.689512
              ],
              [
                37.787243499999995,
                55.6891162
              ],
              [
                37.7876734,
                55.68860979999999
              ],
              [
                37.7886823,
                55.68810089999999
              ],
              [
                37.7886463,
                55.6879845
              ],
              [
                37.7888294,
                55.688037900000005
              ],
              [
                37.7902945,
                55.6873266
              ],
              [
                37.79112409999999,
                55.687105200000005
              ],
              [
                37.7925847,
                55.687491399999985
              ],
              [
                37.792801399999995,
                55.68768579999998
              ],
              [
                37.79371489999999,
                55.6879754
              ],
              [
                37.7939673,
                55.6879612
              ],
              [
                37.7945234,
                55.688143200000006
              ],
              [
                37.794761199999996,
                55.68798619999999
              ],
              [
                37.7957769,
                55.6884727
              ],
              [
                37.7966481,
                55.6885669
              ],
              [
                37.79857739999999,
                55.6889831
              ],
              [
                37.8016597,
                55.688776399999995
              ],
              [
                37.8055047,
                55.687955
              ],
              [
                37.805378499999996,
                55.687629699999995
              ],
              [
                37.8056978,
                55.6875887
              ],
              [
                37.80545099999999,
                55.6869238
              ],
              [
                37.8025289,
                55.68048689999999
              ],
              [
                37.8053178,
                55.6802812
              ],
              [
                37.8043913,
                55.67793739999999
              ],
              [
                37.8044943,
                55.67741959999999
              ],
              [
                37.80541269999999,
                55.6769937
              ],
              [
                37.805673399999996,
                55.67674989999999
              ],
              [
                37.8055758,
                55.676229
              ],
              [
                37.8079326,
                55.674636099999994
              ],
              [
                37.8098178,
                55.6757765
              ],
              [
                37.81196069999999,
                55.674558399999995
              ],
              [
                37.81226699999999,
                55.674732899999995
              ],
              [
                37.8100267,
                55.675904900000006
              ],
              [
                37.8180946,
                55.680369500000005
              ],
              [
                37.8219979,
                55.6782862
              ],
              [
                37.8231628,
                55.6789478
              ],
              [
                37.8235593,
                55.6787817
              ],
              [
                37.825023599999994,
                55.67951049999999
              ],
              [
                37.82595049999999,
                55.678924099999996
              ],
              [
                37.82671669999999,
                55.6792656
              ],
              [
                37.830383,
                55.67727589999999
              ],
              [
                37.8345286,
                55.67788999999999
              ],
              [
                37.832464,
                55.683037899999995
              ],
              [
                37.8325244,
                55.683650799999995
              ],
              [
                37.8327674,
                55.68403219999999
              ],
              [
                37.833380399999996,
                55.684389799999984
              ],
              [
                37.8346578,
                55.68464349999999
              ],
              [
                37.835848999999996,
                55.6845696
              ],
              [
                37.8368553,
                55.68425799999999
              ],
              [
                37.8433949,
                55.6817314
              ],
              [
                37.8496937,
                55.67906209999999
              ],
              [
                37.8568896,
                55.67570129999999
              ],
              [
                37.8589569,
                55.677211699999994
              ],
              [
                37.8613401,
                55.681601099999995
              ],
              [
                37.864791999999994,
                55.6873501
              ],
              [
                37.8647451,
                55.688264399999994
              ],
              [
                37.8600053,
                55.6910309
              ],
              [
                37.8608128,
                55.691760399999986
              ],
              [
                37.86409329999999,
                55.6936883
              ],
              [
                37.85873899999999,
                55.69736559999998
              ],
              [
                37.85616649999999,
                55.6987648
              ],
              [
                37.858407,
                55.7001245
              ],
              [
                37.85731549999999,
                55.700697599999984
              ],
              [
                37.85817599999999,
                55.7012543
              ],
              [
                37.853409,
                55.703540199999985
              ],
              [
                37.8534354,
                55.70378849999998
              ],
              [
                37.836023899999994,
                55.70977599999999
              ],
              [
                37.7991182,
                55.72210559999999
              ],
              [
                37.7987359,
                55.72052209999999
              ],
              [
                37.7984698,
                55.72032599999999
              ],
              [
                37.797503799999994,
                55.71731129999999
              ],
              [
                37.7895141,
                55.6906717
              ],
              [
                37.7893802,
                55.6903614
              ],
              [
                37.7872589,
                55.690481
              ],
              [
                37.7872374,
                55.69031829999999
              ]
            ]
          ]
        ]
      }
    },
    {
      "type": "Feature",
      "properties": {
        "id": 574667,
        "level": "district",
        "name_ru": "район Вешняки",
        "parent_id": 1320234,
        "bbox": [
          37.767519,
          55.70977599999999,
          37.8426838,
          55.74907299999999
        ]
      },
      "geometry": {
        "type": "MultiPolygon",
        "coordinates": [
          [
            [
              [
                37.767519,
                55.73415429999999
              ],
              [
                37.77589669999999,
                55.729939099999996
              ],
              [
                37.836023899999994,
                55.70977599999999
              ],
              [
                37.8381905,
                55.714009399999995
              ],
              [
                37.838612899999994,
                55.71552
              ],
              [
                37.84164849999999,
                55.740492999999994
              ],
              [
                37.8420082,
                55.7472241
              ],
              [
                37.8425433,
                55.747176100000004
              ],
              [
                37.8426838,
                55.74907299999999
              ],
              [
                37.7980569,
                55.7402577
              ],
              [
                37.7930928,
                55.739377399999995
              ],
              [
                37.7818849,
                55.73700319999999
              ],
              [
                37.769818199999996,
                55.7348072
              ],
              [
                37.767519,
                55.73415429999999
              ]
            ]
          ]
        ]
      }
    },
    {
      "type": "Feature",
      "properties": {
        "id": 950639,
        "level": "district",
        "name_ru": "район Бирюлёво Восточное",
        "parent_id": 1282181,
        "bbox": [
          37.6407213,
          55.5716295,
          37.7245037,
          55.62199469999999
        ]
      },
      "geometry": {
        "type": "MultiPolygon",
        "coordinates": [
          [
            [
              [
                37.6407213,
                55.610502699999984
              ],
              [
                37.6421242,
                55.609576700000005
              ],
              [
                37.64273909999999,
                55.60895819999999
              ],
              [
                37.6431798,
                55.60843909999999
              ],
              [
                37.6446318,
                55.60578849999999
              ],
              [
                37.64826759999999,
                55.602174299999994
              ],
              [
                37.649782599999995,
                55.60001369999999
              ],
              [
                37.6529969,
                55.59428009999999
              ],
              [
                37.65594599999999,
                55.589554799999995
              ],
              [
                37.6593838,
                55.58338629999999
              ],
              [
                37.6599237,
                55.58173179999999
              ],
              [
                37.660660199999995,
                55.577135199999994
              ],
              [
                37.6612884,
                55.576026299999995
              ],
              [
                37.66324529999999,
                55.57383419999999
              ],
              [
                37.6638158,
                55.5729357
              ],
              [
                37.664279,
                55.5716295
              ],
              [
                37.670723599999995,
                55.5716683
              ],
              [
                37.67604939999999,
                55.57208839999999
              ],
              [
                37.680734099999995,
                55.5729178
              ],
              [
                37.68308429999999,
                55.5736685
              ],
              [
                37.68456719999999,
                55.5740546
              ],
              [
                37.6851823,
                55.5741203
              ],
              [
                37.6873881,
                55.57385909999999
              ],
              [
                37.6891553,
                55.57347959999999
              ],
              [
                37.6904333,
                55.572925100000006
              ],
              [
                37.690924599999995,
                55.5723191
              ],
              [
                37.6917206,
                55.572949799999996
              ],
              [
                37.691364099999994,
                55.57426209999998
              ],
              [
                37.6913799,
                55.574784799999996
              ],
              [
                37.69178869999999,
                55.57640739999999
              ],
              [
                37.692564299999994,
                55.57712459999999
              ],
              [
                37.7010582,
                55.58027289999999
              ],
              [
                37.700929,
                55.58039589999999
              ],
              [
                37.70329639999999,
                55.58127989999999
              ],
              [
                37.7034259,
                55.581178699999995
              ],
              [
                37.704747999999995,
                55.581656499999994
              ],
              [
                37.7046441,
                55.581748
              ],
              [
                37.71599809999999,
                55.58589339999998
              ],
              [
                37.7245037,
                55.58931309999999
              ],
              [
                37.71955289999999,
                55.5937311
              ],
              [
                37.7170434,
                55.595718699999985
              ],
              [
                37.714920000000006,
                55.596724599999995
              ],
              [
                37.71446619999999,
                55.5965367
              ],
              [
                37.71251349999999,
                55.59682769999999
              ],
              [
                37.710636,
                55.5977067
              ],
              [
                37.70987,
                55.597823899999995
              ],
              [
                37.7096253,
                55.59824079999999
              ],
              [
                37.7094196,
                55.5982491
              ],
              [
                37.7090856,
                55.5980264
              ],
              [
                37.7087799,
                55.598161299999994
              ],
              [
                37.7077988,
                55.5981821
              ],
              [
                37.7077428,
                55.598324999999996
              ],
              [
                37.7075069,
                55.5983525
              ],
              [
                37.7066609,
                55.59826199999999
              ],
              [
                37.7051911,
                55.59838489999999
              ],
              [
                37.704905399999994,
                55.598307999999996
              ],
              [
                37.704817899999995,
                55.59851609999999
              ],
              [
                37.7041547,
                55.59856429999999
              ],
              [
                37.704162499999995,
                55.598820100000005
              ],
              [
                37.70362029999999,
                55.5989397
              ],
              [
                37.70344029999999,
                55.59912329999999
              ],
              [
                37.7025746,
                55.59915309999999
              ],
              [
                37.70251639999999,
                55.59930790000001
              ],
              [
                37.7016727,
                55.5998287
              ],
              [
                37.70185159999999,
                55.60017279999999
              ],
              [
                37.7018008,
                55.6007132
              ],
              [
                37.70091949999999,
                55.60111339999999
              ],
              [
                37.700856699999996,
                55.60138529999999
              ],
              [
                37.7002315,
                55.601718299999995
              ],
              [
                37.700149499999995,
                55.601908599999994
              ],
              [
                37.7003509,
                55.602030299999996
              ],
              [
                37.700139099999994,
                55.602192200000005
              ],
              [
                37.699983,
                55.602230899999995
              ],
              [
                37.69935989999999,
                55.6020315
              ],
              [
                37.6985338,
                55.6023437
              ],
              [
                37.69784179999999,
                55.602419499999996
              ],
              [
                37.6963559,
                55.6028263
              ],
              [
                37.69617889999999,
                55.6037104
              ],
              [
                37.6956049,
                55.6038741
              ],
              [
                37.69569069999999,
                55.6041195
              ],
              [
                37.693461899999996,
                55.604782500000006
              ],
              [
                37.6923578,
                55.6052039
              ],
              [
                37.6918314,
                55.6055919
              ],
              [
                37.6917012,
                55.605736199999996
              ],
              [
                37.6919224,
                55.606076099999996
              ],
              [
                37.6918715,
                55.606260600000006
              ],
              [
                37.691325799999994,
                55.6070776
              ],
              [
                37.690570099999995,
                55.60697679999999
              ],
              [
                37.6905493,
                55.607224599999995
              ],
              [
                37.6900914,
                55.6071889
              ],
              [
                37.689906199999996,
                55.60730040000001
              ],
              [
                37.68949849999999,
                55.60720169999999
              ],
              [
                37.6886674,
                55.607581799999984
              ],
              [
                37.6883463,
                55.607413199999996
              ],
              [
                37.68791199999999,
                55.6075737
              ],
              [
                37.6874303,
                55.60744229999999
              ],
              [
                37.6870003,
                55.6076585
              ],
              [
                37.68694309999999,
                55.607882599999996
              ],
              [
                37.6865524,
                55.60779369999999
              ],
              [
                37.6845546,
                55.6088419
              ],
              [
                37.68192069999999,
                55.6097709
              ],
              [
                37.680530999999995,
                55.610099
              ],
              [
                37.67988489999999,
                55.6116928
              ],
              [
                37.6778832,
                55.61424939999999
              ],
              [
                37.678128,
                55.615814900000004
              ],
              [
                37.6777359,
                55.6178977
              ],
              [
                37.677853799999994,
                55.6182163
              ],
              [
                37.678293399999994,
                55.61839829999999
              ],
              [
                37.67923009999999,
                55.619290799999995
              ],
              [
                37.67974949999999,
                55.6206725
              ],
              [
                37.68034409999999,
                55.62145509999999
              ],
              [
                37.6801071,
                55.62167639999999
              ],
              [
                37.6766706,
                55.62199469999999
              ],
              [
                37.6756289,
                55.6218417
              ],
              [
                37.67493389999999,
                55.62147929999999
              ],
              [
                37.6730482,
                55.619692
              ],
              [
                37.6724234,
                55.61952929999999
              ],
              [
                37.6713878,
                55.61998259999999
              ],
              [
                37.6694836,
                55.61862589999999
              ],
              [
                37.6682007,
                55.61787749999999
              ],
              [
                37.667221899999994,
                55.61743399999999
              ],
              [
                37.6639971,
                55.616358999999996
              ],
              [
                37.6601927,
                55.6153409
              ],
              [
                37.6468457,
                55.6125372
              ],
              [
                37.64442079999999,
                55.61194529999999
              ],
              [
                37.64206939999999,
                55.6111389
              ],
              [
                37.6407213,
                55.610502699999984
              ]
            ]
          ]
        ]
      }
    },
    {
      "type": "Feature",
      "properties": {
        "id": 950641,
        "level": "district",
        "name_ru": "район Царицыно",
        "parent_id": 1282181,
        "bbox": [
          37.6250668,
          55.610502699999984,
          37.68695459999999,
          55.6408549
        ]
      },
      "geometry": {
        "type": "MultiPolygon",
        "coordinates": [
          [
            [
              [
                37.6250668,
                55.639978199999995
              ],
              [
                37.628857599999996,
                55.6253984
              ],
              [
                37.632677699999995,
                55.6184495
              ],
              [
                37.6348372,
                55.614931199999994
              ],
              [
                37.63610899999999,
                55.61363109999999
              ],
              [
                37.63737209999999,
                55.6125743
              ],
              [
                37.6407213,
                55.610502699999984
              ],
              [
                37.64206939999999,
                55.6111389
              ],
              [
                37.64442079999999,
                55.61194529999999
              ],
              [
                37.6468457,
                55.6125372
              ],
              [
                37.6601927,
                55.6153409
              ],
              [
                37.6639971,
                55.616358999999996
              ],
              [
                37.667221899999994,
                55.61743399999999
              ],
              [
                37.6682007,
                55.61787749999999
              ],
              [
                37.670465,
                55.61929249999999
              ],
              [
                37.6713878,
                55.61998259999999
              ],
              [
                37.671285299999994,
                55.6200284
              ],
              [
                37.6756685,
                55.62316789999999
              ],
              [
                37.684047199999995,
                55.63002209999999
              ],
              [
                37.6852104,
                55.63146209999999
              ],
              [
                37.68695459999999,
                55.636341200000004
              ],
              [
                37.6828127,
                55.636604399999996
              ],
              [
                37.6818354,
                55.63654309999999
              ],
              [
                37.6546922,
                55.6384152
              ],
              [
                37.6547667,
                55.63755299999999
              ],
              [
                37.64125609999999,
                55.63859579999999
              ],
              [
                37.6417705,
                55.6408549
              ],
              [
                37.640445299999996,
                55.64057129999999
              ],
              [
                37.64002059999999,
                55.640561899999994
              ],
              [
                37.6398759,
                55.640716499999996
              ],
              [
                37.6396337,
                55.6407416
              ],
              [
                37.63873009999999,
                55.640705800000006
              ],
              [
                37.63774589999999,
                55.64037669999999
              ],
              [
                37.63613,
                55.64035549999999
              ],
              [
                37.63588729999999,
                55.6401868
              ],
              [
                37.632521499999996,
                55.6396716
              ],
              [
                37.6314874,
                55.63962589999999
              ],
              [
                37.630634799999996,
                55.63978749999999
              ],
              [
                37.6294154,
                55.639748099999984
              ],
              [
                37.6292105,
                55.639626
              ],
              [
                37.6286049,
                55.639591299999985
              ],
              [
                37.6282905,
                55.6397611
              ],
              [
                37.627117,
                55.6399601
              ],
              [
                37.6258692,
                55.64003449999999
              ],
              [
                37.6250668,
                55.639978199999995
              ]
            ]
          ]
        ]
      }
    },
    {
      "type": "Feature",
      "properties": {
        "id": 950658,
        "level": "district",
        "name_ru": "район Бирюлёво Западное",
        "parent_id": 1282181,
        "bbox": [
          37.6131252,
          55.5716295,
          37.664279,
          55.610502699999984
        ]
      },
      "geometry": {
        "type": "MultiPolygon",
        "coordinates": [
          [
            [
              [
                37.6131252,
                55.57463089999999
              ],
              [
                37.632929700000005,
                55.573459299999996
              ],
              [
                37.6329014,
                55.5735341
              ],
              [
                37.6350402,
                55.5734491
              ],
              [
                37.6350319,
                55.573336
              ],
              [
                37.64966489999999,
                55.57247879999999
              ],
              [
                37.6503512,
                55.572285099999995
              ],
              [
                37.65055879999999,
                55.572005399999995
              ],
              [
                37.6504911,
                55.5718316
              ],
              [
                37.6507517,
                55.5717346
              ],
              [
                37.6511323,
                55.5719649
              ],
              [
                37.6528297,
                55.571999399999996
              ],
              [
                37.65389699999999,
                55.572284999999994
              ],
              [
                37.664279,
                55.5716295
              ],
              [
                37.6638158,
                55.5729357
              ],
              [
                37.66324529999999,
                55.57383419999999
              ],
              [
                37.6612884,
                55.576026299999995
              ],
              [
                37.660660199999995,
                55.577135199999994
              ],
              [
                37.6599237,
                55.58173179999999
              ],
              [
                37.6593838,
                55.58338629999999
              ],
              [
                37.65594599999999,
                55.589554799999995
              ],
              [
                37.6529969,
                55.59428009999999
              ],
              [
                37.649782599999995,
                55.60001369999999
              ],
              [
                37.64826759999999,
                55.602174299999994
              ],
              [
                37.6446318,
                55.60578849999999
              ],
              [
                37.6431798,
                55.60843909999999
              ],
              [
                37.64273909999999,
                55.60895819999999
              ],
              [
                37.6421242,
                55.609576700000005
              ],
              [
                37.6407213,
                55.610502699999984
              ],
              [
                37.638735100000005,
                55.60935810000001
              ],
              [
                37.6374588,
                55.60830219999999
              ],
              [
                37.6318794,
                55.60297979999999
              ],
              [
                37.628337599999995,
                55.599344599999995
              ],
              [
                37.6263526,
                55.59820049999999
              ],
              [
                37.6209332,
                55.5957904
              ],
              [
                37.619352799999994,
                55.5949314
              ],
              [
                37.6178009,
                55.5938302
              ],
              [
                37.61710879999999,
                55.593189200000005
              ],
              [
                37.61573669999999,
                55.591315699999996
              ],
              [
                37.61515789999999,
                55.58993169999999
              ],
              [
                37.6131252,
                55.57463089999999
              ]
            ]
          ]
        ]
      }
    },
    {
      "type": "Feature",
      "properties": {
        "id": 950664,
        "level": "district",
        "name_ru": "район Чертаново Южное",
        "parent_id": 1282181,
        "bbox": [
          37.572939899999994,
          55.56637269999999,
          37.633217699999996,
          55.6100728
        ]
      },
      "geometry": {
        "type": "MultiPolygon",
        "coordinates": [
          [
            [
              [
                37.5736777,
                55.5822096
              ],
              [
                37.5738271,
                55.58203579999999
              ],
              [
                37.57374289999999,
                55.58169519999999
              ],
              [
                37.572939899999994,
                55.580966899999986
              ],
              [
                37.5900931,
                55.57689569999999
              ],
              [
                37.5915216,
                55.57607599999999
              ],
              [
                37.5922404,
                55.575399899999994
              ],
              [
                37.59719629999999,
                55.56908309999999
              ],
              [
                37.59755320000001,
                55.5678882
              ],
              [
                37.5974676,
                55.5668718
              ],
              [
                37.598397,
                55.5666055
              ],
              [
                37.6022876,
                55.56637269999999
              ],
              [
                37.60167469999999,
                55.5672282
              ],
              [
                37.6010966,
                55.56841599999999
              ],
              [
                37.6005631,
                55.5707353
              ],
              [
                37.6002004,
                55.57070109999999
              ],
              [
                37.59851209999999,
                55.5721869
              ],
              [
                37.598090899999995,
                55.5728823
              ],
              [
                37.5978046,
                55.5738788
              ],
              [
                37.5984891,
                55.5744262
              ],
              [
                37.60032029999999,
                55.5753745
              ],
              [
                37.60368499999999,
                55.5752108
              ],
              [
                37.6041802,
                55.574758999999986
              ],
              [
                37.6041629,
                55.5744194
              ],
              [
                37.6047305,
                55.5747623
              ],
              [
                37.6055416,
                55.57505739999999
              ],
              [
                37.6131252,
                55.57463089999999
              ],
              [
                37.6145589,
                55.58613209999999
              ],
              [
                37.61515789999999,
                55.58993169999999
              ],
              [
                37.61573669999999,
                55.591315699999996
              ],
              [
                37.61710879999999,
                55.593189200000005
              ],
              [
                37.6178009,
                55.5938302
              ],
              [
                37.619352799999994,
                55.5949314
              ],
              [
                37.6209332,
                55.5957904
              ],
              [
                37.6263526,
                55.59820049999999
              ],
              [
                37.628337599999995,
                55.599344599999995
              ],
              [
                37.633217699999996,
                55.60425359999999
              ],
              [
                37.6249496,
                55.6070677
              ],
              [
                37.621344199999996,
                55.607982699999994
              ],
              [
                37.609300399999995,
                55.6100728
              ],
              [
                37.6059143,
                55.60332969999999
              ],
              [
                37.60377739999999,
                55.6036738
              ],
              [
                37.6035185,
                55.6038377
              ],
              [
                37.6002896,
                55.6043547
              ],
              [
                37.600099099999994,
                55.603984999999994
              ],
              [
                37.595239,
                55.6047669
              ],
              [
                37.5900057,
                55.6049868
              ],
              [
                37.5902164,
                55.605888199999995
              ],
              [
                37.58915389999999,
                55.605940399999994
              ],
              [
                37.587484100000005,
                55.60596009999999
              ],
              [
                37.5858223,
                55.605793
              ],
              [
                37.5816692,
                55.60448969999999
              ],
              [
                37.5815303,
                55.604343
              ],
              [
                37.5817703,
                55.6034936
              ],
              [
                37.5792964,
                55.6010331
              ],
              [
                37.577673399999995,
                55.60016989999999
              ],
              [
                37.5767147,
                55.59928659999999
              ],
              [
                37.576430099999996,
                55.59815499999999
              ],
              [
                37.576663399999994,
                55.59786870000001
              ],
              [
                37.580571000000006,
                55.59776079999999
              ],
              [
                37.580197899999995,
                55.5968987
              ],
              [
                37.5802368,
                55.5958133
              ],
              [
                37.578973999999995,
                55.59591339999999
              ],
              [
                37.578366599999995,
                55.59482140000001
              ],
              [
                37.577868699999996,
                55.593164
              ],
              [
                37.5771393,
                55.5916342
              ],
              [
                37.5768643,
                55.589314899999984
              ],
              [
                37.577621699999995,
                55.589219899999996
              ],
              [
                37.5767866,
                55.58786659999999
              ],
              [
                37.5770668,
                55.587220900000005
              ],
              [
                37.5774765,
                55.5869894
              ],
              [
                37.5774788,
                55.586349599999984
              ],
              [
                37.576074899999995,
                55.58425669999999
              ],
              [
                37.5736777,
                55.5822096
              ]
            ]
          ]
        ]
      }
    },
    {
      "type": "Feature",
      "properties": {
        "id": 951334,
        "level": "district",
        "name_ru": "район Ясенево",
        "parent_id": 1304596,
        "bbox": [
          37.4883331,
          55.581807199999986,
          37.58587539999999,
          55.64946289999999
        ]
      },
      "geometry": {
        "type": "MultiPolygon",
        "coordinates": [
          [
            [
              [
                37.4883331,
                55.60827299999998
              ],
              [
                37.4887893,
                55.608164
              ],
              [
                37.4898454,
                55.60961099999999
              ],
              [
                37.490946099999995,
                55.610174399999984
              ],
              [
                37.491178999999995,
                55.6101003
              ],
              [
                37.4917073,
                55.6097679
              ],
              [
                37.4927469,
                55.60877159999999
              ],
              [
                37.4930981,
                55.60863179999998
              ],
              [
                37.4940975,
                55.60857359999999
              ],
              [
                37.5021825,
                55.60160809999999
              ],
              [
                37.5065527,
                55.5982494
              ],
              [
                37.5118794,
                55.59559609999999
              ],
              [
                37.51808979999999,
                55.59364779999999
              ],
              [
                37.5262906,
                55.5916192
              ],
              [
                37.526885,
                55.59113899999999
              ],
              [
                37.527412899999995,
                55.590362
              ],
              [
                37.5274787,
                55.59003249999999
              ],
              [
                37.5272405,
                55.58966309999999
              ],
              [
                37.5277138,
                55.589546299999995
              ],
              [
                37.5279049,
                55.5896069
              ],
              [
                37.5288024,
                55.589470000000006
              ],
              [
                37.52907909999999,
                55.5895265
              ],
              [
                37.5301569,
                55.5906626
              ],
              [
                37.53042430000001,
                55.590695799999985
              ],
              [
                37.54726579999999,
                55.58666299999999
              ],
              [
                37.547840900000004,
                55.58699429999999
              ],
              [
                37.56955039999999,
                55.581807199999986
              ],
              [
                37.5706579,
                55.58188
              ],
              [
                37.5727265,
                55.5823663
              ],
              [
                37.573114399999994,
                55.58238399999999
              ],
              [
                37.5736777,
                55.5822096
              ],
              [
                37.576074899999995,
                55.58425669999999
              ],
              [
                37.5774788,
                55.586349599999984
              ],
              [
                37.5774765,
                55.5869894
              ],
              [
                37.5770668,
                55.587220900000005
              ],
              [
                37.5767866,
                55.58786659999999
              ],
              [
                37.577621699999995,
                55.589219899999996
              ],
              [
                37.5768643,
                55.589314899999984
              ],
              [
                37.5771393,
                55.5916342
              ],
              [
                37.577868699999996,
                55.593164
              ],
              [
                37.578366599999995,
                55.59482140000001
              ],
              [
                37.578973999999995,
                55.59591339999999
              ],
              [
                37.5802368,
                55.5958133
              ],
              [
                37.580197899999995,
                55.5968987
              ],
              [
                37.580571000000006,
                55.59776079999999
              ],
              [
                37.576663399999994,
                55.59786870000001
              ],
              [
                37.576430099999996,
                55.59815499999999
              ],
              [
                37.5767147,
                55.59928659999999
              ],
              [
                37.577673399999995,
                55.60016989999999
              ],
              [
                37.5792964,
                55.6010331
              ],
              [
                37.5817703,
                55.6034936
              ],
              [
                37.5815648,
                55.60434279999998
              ],
              [
                37.5778221,
                55.6043664
              ],
              [
                37.57576220000001,
                55.606257299999996
              ],
              [
                37.5748996,
                55.606596
              ],
              [
                37.573986299999994,
                55.606651299999996
              ],
              [
                37.573616,
                55.60594999999999
              ],
              [
                37.5718677,
                55.6059887
              ],
              [
                37.571299,
                55.6067179
              ],
              [
                37.5698955,
                55.60724299999999
              ],
              [
                37.5697983,
                55.60806929999999
              ],
              [
                37.5699163,
                55.608469299999996
              ],
              [
                37.5709543,
                55.60851319999999
              ],
              [
                37.5720021,
                55.608360799999986
              ],
              [
                37.5736164,
                55.608360799999986
              ],
              [
                37.5746859,
                55.60881689999999
              ],
              [
                37.57557559999999,
                55.610983499999996
              ],
              [
                37.5757104,
                55.6122829
              ],
              [
                37.5746262,
                55.6132284
              ],
              [
                37.5775274,
                55.6143282
              ],
              [
                37.57808669999999,
                55.61475800000001
              ],
              [
                37.57593440000001,
                55.6155066
              ],
              [
                37.5784625,
                55.618756299999994
              ],
              [
                37.579424700000004,
                55.61969140000001
              ],
              [
                37.5804221,
                55.619329199999996
              ],
              [
                37.5804987,
                55.619386199999994
              ],
              [
                37.5788852,
                55.62009489999999
              ],
              [
                37.577894799999996,
                55.61934500000001
              ],
              [
                37.5775513,
                55.6192541
              ],
              [
                37.5769766,
                55.61930829999999
              ],
              [
                37.57499179999999,
                55.61982330000001
              ],
              [
                37.57474499999999,
                55.6200474
              ],
              [
                37.5750562,
                55.62054419999999
              ],
              [
                37.5763973,
                55.6217558
              ],
              [
                37.57692089999999,
                55.621962899999986
              ],
              [
                37.577934899999995,
                55.62173959999999
              ],
              [
                37.5780789,
                55.621908
              ],
              [
                37.5788428,
                55.6217451
              ],
              [
                37.57830799999999,
                55.62205199999998
              ],
              [
                37.57838129999999,
                55.622213899999984
              ],
              [
                37.57871479999999,
                55.62223629999999
              ],
              [
                37.57966749999999,
                55.6219386
              ],
              [
                37.5799079,
                55.62174209999999
              ],
              [
                37.58053519999999,
                55.6217889
              ],
              [
                37.5826329,
                55.6232446
              ],
              [
                37.582219200000004,
                55.62332769999998
              ],
              [
                37.5816589,
                55.622919399999994
              ],
              [
                37.5815441,
                55.623036199999994
              ],
              [
                37.5818279,
                55.6232463
              ],
              [
                37.5818814,
                55.6233534
              ],
              [
                37.58172079999999,
                55.62338799999999
              ],
              [
                37.5819264,
                55.62363619999999
              ],
              [
                37.5813932,
                55.6240714
              ],
              [
                37.5823542,
                55.62436229999999
              ],
              [
                37.5820298,
                55.6245849
              ],
              [
                37.5827831,
                55.62516509999999
              ],
              [
                37.5832427,
                55.6262311
              ],
              [
                37.58363539999999,
                55.626329
              ],
              [
                37.5838164,
                55.626912299999994
              ],
              [
                37.58435049999999,
                55.626683599999986
              ],
              [
                37.5846823,
                55.62770389999999
              ],
              [
                37.5841914,
                55.62758459999999
              ],
              [
                37.5840258,
                55.6277789
              ],
              [
                37.5840882,
                55.627994999999984
              ],
              [
                37.584740499999995,
                55.6279252
              ],
              [
                37.5850272,
                55.628722999999994
              ],
              [
                37.5848357,
                55.6287675
              ],
              [
                37.5846721,
                55.6284764
              ],
              [
                37.58435049999999,
                55.628562799999976
              ],
              [
                37.5842215,
                55.6284348
              ],
              [
                37.5841652,
                55.628693199999994
              ],
              [
                37.5851468,
                55.6292006
              ],
              [
                37.58587539999999,
                55.63087139999999
              ],
              [
                37.5858587,
                55.6311686
              ],
              [
                37.5855818,
                55.63141009999998
              ],
              [
                37.5852426,
                55.63148639999999
              ],
              [
                37.58382,
                55.6314728
              ],
              [
                37.5772657,
                55.63267689999999
              ],
              [
                37.57740600000001,
                55.6343603
              ],
              [
                37.5777814,
                55.63469889999999
              ],
              [
                37.5781387,
                55.6347388
              ],
              [
                37.5787979,
                55.635358
              ],
              [
                37.579058,
                55.635405199999994
              ],
              [
                37.5792798,
                55.6357807
              ],
              [
                37.58015759999999,
                55.63556359999999
              ],
              [
                37.580594399999995,
                55.63591099999999
              ],
              [
                37.5798446,
                55.6360226
              ],
              [
                37.5803197,
                55.636567500000005
              ],
              [
                37.5808298,
                55.636814699999995
              ],
              [
                37.5811043,
                55.63727839999999
              ],
              [
                37.5816659,
                55.637200299999996
              ],
              [
                37.5822546,
                55.638467
              ],
              [
                37.581490699999996,
                55.63895999999999
              ],
              [
                37.58144769999999,
                55.63948709999999
              ],
              [
                37.58205679999999,
                55.63954439999999
              ],
              [
                37.582155300000004,
                55.639652299999995
              ],
              [
                37.5816158,
                55.63996530000001
              ],
              [
                37.58126179999999,
                55.640895099999994
              ],
              [
                37.58192309999999,
                55.6409
              ],
              [
                37.58200109999999,
                55.64122220000001
              ],
              [
                37.5807067,
                55.642333199999996
              ],
              [
                37.5792904,
                55.642801199999994
              ],
              [
                37.5793622,
                55.64361519999999
              ],
              [
                37.58000309999999,
                55.643821900000006
              ],
              [
                37.58011470000001,
                55.644940999999996
              ],
              [
                37.5804124,
                55.64492249999999
              ],
              [
                37.58038839999999,
                55.645326199999985
              ],
              [
                37.5767999,
                55.64642889999999
              ],
              [
                37.571700799999995,
                55.6477612
              ],
              [
                37.563997799999996,
                55.64946289999999
              ],
              [
                37.5609288,
                55.6455182
              ],
              [
                37.5599322,
                55.644658899999996
              ],
              [
                37.558895,
                55.64405629999999
              ],
              [
                37.55756889999999,
                55.6435005
              ],
              [
                37.549493299999995,
                55.640952299999995
              ],
              [
                37.5464268,
                55.639556500000005
              ],
              [
                37.5453262,
                55.6387456
              ],
              [
                37.5441098,
                55.6373637
              ],
              [
                37.540383,
                55.631487799999995
              ],
              [
                37.540054899999994,
                55.63023819999999
              ],
              [
                37.54055859999999,
                55.628642199999994
              ],
              [
                37.5374335,
                55.62780759999999
              ],
              [
                37.5361686,
                55.6268352
              ],
              [
                37.5323468,
                55.62580189999999
              ],
              [
                37.5312703,
                55.6259386
              ],
              [
                37.531055,
                55.6254828
              ],
              [
                37.5244332,
                55.62363229999998
              ],
              [
                37.514218799999995,
                55.625413599999995
              ],
              [
                37.512652499999994,
                55.625775299999994
              ],
              [
                37.5046081,
                55.6188216
              ],
              [
                37.5012058,
                55.6163152
              ],
              [
                37.4981704,
                55.614444799999994
              ],
              [
                37.490601,
                55.6104479
              ],
              [
                37.4893164,
                55.60951609999998
              ],
              [
                37.4883331,
                55.60827299999998
              ]
            ]
          ]
        ]
      }
    },
    {
      "type": "Feature",
      "properties": {
        "id": 951336,
        "level": "district",
        "name_ru": "район Тёплый Стан",
        "parent_id": 1304596,
        "bbox": [
          37.45571869999999,
          55.60827299999998,
          37.52048969999999,
          55.649460499999996
        ]
      },
      "geometry": {
        "type": "MultiPolygon",
        "coordinates": [
          [
            [
              [
                37.45571869999999,
                55.6370488
              ],
              [
                37.4560027,
                55.636874999999996
              ],
              [
                37.4568828,
                55.6372406
              ],
              [
                37.45795869999999,
                55.637384999999995
              ],
              [
                37.4607823,
                55.63706379999999
              ],
              [
                37.4618966,
                55.6361154
              ],
              [
                37.462036299999994,
                55.6361223
              ],
              [
                37.462088699999995,
                55.635951899999995
              ],
              [
                37.4638722,
                55.63443349999999
              ],
              [
                37.46376789999999,
                55.63433069999999
              ],
              [
                37.4644825,
                55.63369579999999
              ],
              [
                37.4646666,
                55.633756999999996
              ],
              [
                37.4659737,
                55.63313899999999
              ],
              [
                37.466832999999994,
                55.6323657
              ],
              [
                37.467492099999994,
                55.63136159999999
              ],
              [
                37.4693924,
                55.629715299999994
              ],
              [
                37.481533000000006,
                55.61930809999999
              ],
              [
                37.4876936,
                55.61435439999999
              ],
              [
                37.4888953,
                55.6132759
              ],
              [
                37.4888054,
                55.6130303
              ],
              [
                37.4890191,
                55.61244429999999
              ],
              [
                37.4891195,
                55.61072240000001
              ],
              [
                37.4887752,
                55.6098379
              ],
              [
                37.487842,
                55.6083904
              ],
              [
                37.4883331,
                55.60827299999998
              ],
              [
                37.4893164,
                55.60951609999998
              ],
              [
                37.490601,
                55.6104479
              ],
              [
                37.499975199999994,
                55.615494699999985
              ],
              [
                37.5046081,
                55.6188216
              ],
              [
                37.51709819999999,
                55.6296323
              ],
              [
                37.52048969999999,
                55.6343014
              ],
              [
                37.5175633,
                55.6349476
              ],
              [
                37.5149052,
                55.635783399999994
              ],
              [
                37.4869566,
                55.6466385
              ],
              [
                37.4824662,
                55.649460499999996
              ],
              [
                37.45571869999999,
                55.6370488
              ]
            ]
          ]
        ]
      }
    },
    {
      "type": "Feature",
      "properties": {
        "id": 952191,
        "level": "district",
        "name_ru": "район Коньково",
        "parent_id": 1304596,
        "bbox": [
          37.4985134,
          55.62363229999998,
          37.563997799999996,
          55.65730679999999
        ]
      },
      "geometry": {
        "type": "MultiPolygon",
        "coordinates": [
          [
            [
              [
                37.4985134,
                55.6421875
              ],
              [
                37.515468299999995,
                55.6355763
              ],
              [
                37.5175633,
                55.6349476
              ],
              [
                37.52048969999999,
                55.6343014
              ],
              [
                37.51709819999999,
                55.6296323
              ],
              [
                37.512652499999994,
                55.625775299999994
              ],
              [
                37.514218799999995,
                55.625413599999995
              ],
              [
                37.5244332,
                55.62363229999998
              ],
              [
                37.531055,
                55.6254828
              ],
              [
                37.5312703,
                55.6259386
              ],
              [
                37.5323468,
                55.62580189999999
              ],
              [
                37.5361686,
                55.6268352
              ],
              [
                37.5374335,
                55.62780759999999
              ],
              [
                37.54055859999999,
                55.628642199999994
              ],
              [
                37.540054899999994,
                55.63023819999999
              ],
              [
                37.540383,
                55.631487799999995
              ],
              [
                37.5441098,
                55.6373637
              ],
              [
                37.5453262,
                55.6387456
              ],
              [
                37.5464268,
                55.639556500000005
              ],
              [
                37.549493299999995,
                55.640952299999995
              ],
              [
                37.55756889999999,
                55.6435005
              ],
              [
                37.558895,
                55.64405629999999
              ],
              [
                37.5599322,
                55.644658899999996
              ],
              [
                37.5609288,
                55.6455182
              ],
              [
                37.563997799999996,
                55.64946289999999
              ],
              [
                37.55123929999999,
                55.65132169999998
              ],
              [
                37.5482279,
                55.652075999999994
              ],
              [
                37.54531459999999,
                55.653089
              ],
              [
                37.540505599999996,
                55.6552879
              ],
              [
                37.5384134,
                55.65588189999998
              ],
              [
                37.53561950000001,
                55.6562986
              ],
              [
                37.52536609999999,
                55.65730679999999
              ],
              [
                37.522779699999994,
                55.65529829999999
              ],
              [
                37.521547399999996,
                55.655848899999995
              ],
              [
                37.5213425,
                55.655702999999995
              ],
              [
                37.52101069999999,
                55.6558513
              ],
              [
                37.5200721,
                55.655182599999996
              ],
              [
                37.520587199999994,
                55.65495249999999
              ],
              [
                37.5208231,
                55.655120499999995
              ],
              [
                37.5218936,
                55.65464219999999
              ],
              [
                37.5132541,
                55.648094799999996
              ],
              [
                37.5088282,
                55.64996889999999
              ],
              [
                37.4985134,
                55.6421875
              ]
            ]
          ]
        ]
      }
    },
    {
      "type": "Feature",
      "properties": {
        "id": 1250526,
        "level": "district",
        "name_ru": "Алексеевский район",
        "parent_id": 1252558,
        "bbox": [
          37.63499999999999,
          55.78936,
          37.67069409999999,
          55.83328029999999
        ]
      },
      "geometry": {
        "type": "MultiPolygon",
        "coordinates": [
          [
            [
              [
                37.63499999999999,
                55.797170300000005
              ],
              [
                37.63567599999999,
                55.79673199999999
              ],
              [
                37.6388082,
                55.7954812
              ],
              [
                37.6401684,
                55.7947911
              ],
              [
                37.64611920000001,
                55.7909534
              ],
              [
                37.647731099999994,
                55.790380699999986
              ],
              [
                37.651542,
                55.78936
              ],
              [
                37.650709199999994,
                55.7909339
              ],
              [
                37.6501162,
                55.7927927
              ],
              [
                37.650489099999994,
                55.7987596
              ],
              [
                37.65072,
                55.79941879999999
              ],
              [
                37.651284,
                55.8004205
              ],
              [
                37.6538241,
                55.8038637
              ],
              [
                37.6548995,
                55.805110899999995
              ],
              [
                37.65781849999999,
                55.80802189999999
              ],
              [
                37.6680768,
                55.81987399999999
              ],
              [
                37.6690882,
                55.82133559999999
              ],
              [
                37.670468899999996,
                55.82419199999999
              ],
              [
                37.67069409999999,
                55.82439359999999
              ],
              [
                37.6696414,
                55.8245523
              ],
              [
                37.66845430000001,
                55.824929
              ],
              [
                37.667374,
                55.824937399999996
              ],
              [
                37.6671425,
                55.8256148
              ],
              [
                37.666835299999995,
                55.8258965
              ],
              [
                37.6661857,
                55.8263029
              ],
              [
                37.6653016,
                55.82658519999999
              ],
              [
                37.6607955,
                55.8275452
              ],
              [
                37.65820649999999,
                55.8277889
              ],
              [
                37.6552162,
                55.8283457
              ],
              [
                37.654399,
                55.828642599999995
              ],
              [
                37.6537391,
                55.82917789999999
              ],
              [
                37.65348689999999,
                55.83011809999999
              ],
              [
                37.6534989,
                55.830390399999985
              ],
              [
                37.6538108,
                55.83077579999999
              ],
              [
                37.654868199999996,
                55.83166669999999
              ],
              [
                37.655154,
                55.832127
              ],
              [
                37.65505509999999,
                55.832614699999986
              ],
              [
                37.6542744,
                55.83328029999999
              ],
              [
                37.6404897,
                55.820087799999996
              ],
              [
                37.63929529999999,
                55.818588399999996
              ],
              [
                37.638871699999996,
                55.817535799999995
              ],
              [
                37.637570399999994,
                55.8113805
              ],
              [
                37.6372758,
                55.8084987
              ],
              [
                37.63499999999999,
                55.797170300000005
              ]
            ]
          ]
        ]
      }
    },
    {
      "type": "Feature",
      "properties": {
        "id": 1250618,
        "level": "district",
        "name_ru": "район Свиблово",
        "parent_id": 1252558,
        "bbox": [
          37.625088500000004,
          55.84082469999999,
          37.6719431,
          55.8653231
        ]
      },
      "geometry": {
        "type": "MultiPolygon",
        "coordinates": [
          [
            [
              [
                37.625088500000004,
                55.85741149999999
              ],
              [
                37.6251203,
                55.8567717
              ],
              [
                37.6262443,
                55.855125
              ],
              [
                37.626713,
                55.846076499999995
              ],
              [
                37.6400949,
                55.845570599999995
              ],
              [
                37.6482566,
                55.8449474
              ],
              [
                37.65055699999999,
                55.8446206
              ],
              [
                37.6537062,
                55.8438367
              ],
              [
                37.663447,
                55.84082469999999
              ],
              [
                37.6714545,
                55.84680869999998
              ],
              [
                37.6719431,
                55.85042539999999
              ],
              [
                37.6712112,
                55.8504482
              ],
              [
                37.6705854,
                55.8511322
              ],
              [
                37.6641878,
                55.855219999999996
              ],
              [
                37.6628389,
                55.8561303
              ],
              [
                37.66190099999999,
                55.856950699999985
              ],
              [
                37.66103089999999,
                55.8568476
              ],
              [
                37.6528969,
                55.857624099999995
              ],
              [
                37.64638049999999,
                55.861283599999986
              ],
              [
                37.6459964,
                55.86159
              ],
              [
                37.6447417,
                55.8633366
              ],
              [
                37.64221559999999,
                55.86432359999999
              ],
              [
                37.641905599999994,
                55.8647268
              ],
              [
                37.6417319,
                55.8653231
              ],
              [
                37.6409029,
                55.865250499999995
              ],
              [
                37.6401648,
                55.8650189
              ],
              [
                37.63930779999999,
                55.8641212
              ],
              [
                37.6383497,
                55.86363909999999
              ],
              [
                37.6380439,
                55.863260499999996
              ],
              [
                37.633854799999995,
                55.86061389999998
              ],
              [
                37.63321789999999,
                55.8598928
              ],
              [
                37.632874699999995,
                55.85917589999999
              ],
              [
                37.633053999999994,
                55.8576837
              ],
              [
                37.632900799999994,
                55.85735669999999
              ],
              [
                37.6319754,
                55.85729849999999
              ],
              [
                37.6318139,
                55.85750709999999
              ],
              [
                37.6315044,
                55.85757699999999
              ],
              [
                37.6311589,
                55.85748149999999
              ],
              [
                37.6307842,
                55.8569752
              ],
              [
                37.6292322,
                55.856884799999996
              ],
              [
                37.6270714,
                55.85698959999999
              ],
              [
                37.625088500000004,
                55.85741149999999
              ]
            ]
          ]
        ]
      }
    },
    {
      "type": "Feature",
      "properties": {
        "id": 1250619,
        "level": "district",
        "name_ru": "Останкинский район",
        "parent_id": 1252558,
        "bbox": [
          37.5804063,
          55.79694529999999,
          37.6496267,
          55.859264499999995
        ]
      },
      "geometry": {
        "type": "MultiPolygon",
        "coordinates": [
          [
            [
              [
                37.5804063,
                55.8338744
              ],
              [
                37.585961,
                55.83316829999999
              ],
              [
                37.586035,
                55.83296429999999
              ],
              [
                37.5915559,
                55.83360919999999
              ],
              [
                37.5907996,
                55.83559299999999
              ],
              [
                37.5907792,
                55.8364945
              ],
              [
                37.5913856,
                55.83576939999999
              ],
              [
                37.5952977,
                55.8334352
              ],
              [
                37.600328499999996,
                55.8308024
              ],
              [
                37.6008604,
                55.830279999999995
              ],
              [
                37.601268299999994,
                55.829530299999995
              ],
              [
                37.60348989999999,
                55.81860889999998
              ],
              [
                37.603590499999996,
                55.8179876
              ],
              [
                37.60294499999999,
                55.81765539999999
              ],
              [
                37.634957,
                55.79694529999999
              ],
              [
                37.6372758,
                55.8084987
              ],
              [
                37.637570399999994,
                55.8113805
              ],
              [
                37.6390787,
                55.8181246
              ],
              [
                37.6395595,
                55.81899519999999
              ],
              [
                37.6404897,
                55.820087799999996
              ],
              [
                37.6496267,
                55.828942699999985
              ],
              [
                37.64907149999999,
                55.829210899999985
              ],
              [
                37.6406572,
                55.83204099999999
              ],
              [
                37.6369539,
                55.8335111
              ],
              [
                37.6367306,
                55.8334752
              ],
              [
                37.6366684,
                55.8338244
              ],
              [
                37.6342529,
                55.8338081
              ],
              [
                37.6342293,
                55.83532399999999
              ],
              [
                37.6330376,
                55.835949899999996
              ],
              [
                37.63201519999999,
                55.835949899999996
              ],
              [
                37.63201519999999,
                55.83824010000001
              ],
              [
                37.63237079999999,
                55.838620799999994
              ],
              [
                37.6343624,
                55.83842299999999
              ],
              [
                37.6366978,
                55.83781549999999
              ],
              [
                37.6358304,
                55.84574489999999
              ],
              [
                37.626713,
                55.846076499999995
              ],
              [
                37.6262443,
                55.855125
              ],
              [
                37.6251203,
                55.8567717
              ],
              [
                37.62516709999999,
                55.857712299999996
              ],
              [
                37.62499129999999,
                55.857882100000005
              ],
              [
                37.6232793,
                55.8582061
              ],
              [
                37.62035809999999,
                55.859264499999995
              ],
              [
                37.6203755,
                55.85513099999999
              ],
              [
                37.620091499999994,
                55.854404499999994
              ],
              [
                37.612321,
                55.84648229999999
              ],
              [
                37.6100772,
                55.846659499999994
              ],
              [
                37.592823,
                55.84731459999998
              ],
              [
                37.5925979,
                55.84711639999999
              ],
              [
                37.592574,
                55.846310599999995
              ],
              [
                37.5905079,
                55.8457172
              ],
              [
                37.5910197,
                55.845389
              ],
              [
                37.5904576,
                55.844855599999995
              ],
              [
                37.5871731,
                55.8448303
              ],
              [
                37.58699789999999,
                55.84371019999998
              ],
              [
                37.5863308,
                55.84353759999999
              ],
              [
                37.5868591,
                55.842833399999996
              ],
              [
                37.58692119999999,
                55.842353799999984
              ],
              [
                37.58891030000001,
                55.840082299999985
              ],
              [
                37.5894925,
                55.83899279999999
              ],
              [
                37.5887407,
                55.83887769999999
              ],
              [
                37.5884466,
                55.83935739999999
              ],
              [
                37.5877533,
                55.83920139999999
              ],
              [
                37.5874453,
                55.839570299999984
              ],
              [
                37.5871076,
                55.8394864
              ],
              [
                37.5858689,
                55.840229599999994
              ],
              [
                37.5820902,
                55.8383122
              ],
              [
                37.581274799999996,
                55.8388073
              ],
              [
                37.5805283,
                55.83884169999999
              ],
              [
                37.5804063,
                55.8338744
              ]
            ]
          ]
        ]
      }
    },
    {
      "type": "Feature",
      "properties": {
        "id": 1250724,
        "level": "district",
        "name_ru": "район Марфино",
        "parent_id": 1252558,
        "bbox": [
          37.5737717,
          55.81765539999999,
          37.603590499999996,
          55.84847629999999
        ]
      },
      "geometry": {
        "type": "MultiPolygon",
        "coordinates": [
          [
            [
              [
                37.5737717,
                55.84847629999999
              ],
              [
                37.57541400000001,
                55.843930199999996
              ],
              [
                37.5780233,
                55.841025699999996
              ],
              [
                37.5786726,
                55.8394438
              ],
              [
                37.57873949999999,
                55.8386144
              ],
              [
                37.578361699999995,
                55.8371429
              ],
              [
                37.57739959999999,
                55.835901799999995
              ],
              [
                37.5761106,
                55.8348039
              ],
              [
                37.5804891,
                55.8317478
              ],
              [
                37.5845328,
                55.82969809999999
              ],
              [
                37.585891,
                55.828886999999995
              ],
              [
                37.589091399999994,
                55.82658719999999
              ],
              [
                37.60294499999999,
                55.81765539999999
              ],
              [
                37.603590499999996,
                55.8179876
              ],
              [
                37.60348989999999,
                55.81860889999998
              ],
              [
                37.601268299999994,
                55.829530299999995
              ],
              [
                37.6008604,
                55.830279999999995
              ],
              [
                37.600328499999996,
                55.8308024
              ],
              [
                37.5952977,
                55.8334352
              ],
              [
                37.5913856,
                55.83576939999999
              ],
              [
                37.5907792,
                55.8364945
              ],
              [
                37.5907996,
                55.83559299999999
              ],
              [
                37.5915559,
                55.83360919999999
              ],
              [
                37.586035,
                55.83296429999999
              ],
              [
                37.585961,
                55.83316829999999
              ],
              [
                37.5804063,
                55.8338744
              ],
              [
                37.5805283,
                55.83884169999999
              ],
              [
                37.581274799999996,
                55.8388073
              ],
              [
                37.5820902,
                55.8383122
              ],
              [
                37.5858689,
                55.840229599999994
              ],
              [
                37.5871076,
                55.8394864
              ],
              [
                37.5874453,
                55.839570299999984
              ],
              [
                37.5877533,
                55.83920139999999
              ],
              [
                37.5884466,
                55.83935739999999
              ],
              [
                37.5887407,
                55.83887769999999
              ],
              [
                37.5894925,
                55.83899279999999
              ],
              [
                37.58891030000001,
                55.840082299999985
              ],
              [
                37.58692119999999,
                55.842353799999984
              ],
              [
                37.5868591,
                55.842833399999996
              ],
              [
                37.5863308,
                55.84353759999999
              ],
              [
                37.58699789999999,
                55.84371019999998
              ],
              [
                37.5871731,
                55.8448303
              ],
              [
                37.5904576,
                55.844855599999995
              ],
              [
                37.5910197,
                55.845389
              ],
              [
                37.5905079,
                55.8457172
              ],
              [
                37.592574,
                55.846310599999995
              ],
              [
                37.5925979,
                55.84711639999999
              ],
              [
                37.592823,
                55.84731459999998
              ],
              [
                37.5773909,
                55.8479324
              ],
              [
                37.5737717,
                55.84847629999999
              ]
            ]
          ]
        ]
      }
    },
    {
      "type": "Feature",
      "properties": {
        "id": 1252407,
        "level": "district",
        "name_ru": "район Марьина Роща",
        "parent_id": 1252558,
        "bbox": [
          37.5889044,
          55.7825481,
          37.634957,
          55.810706800000006
        ]
      },
      "geometry": {
        "type": "MultiPolygon",
        "coordinates": [
          [
            [
              [
                37.5889044,
                55.7924632
              ],
              [
                37.5933114,
                55.7924291
              ],
              [
                37.5958899,
                55.7922257
              ],
              [
                37.5992958,
                55.7924817
              ],
              [
                37.6006396,
                55.78780179999999
              ],
              [
                37.60171989999999,
                55.7851689
              ],
              [
                37.604608299999995,
                55.78531169999999
              ],
              [
                37.6067507,
                55.7844089
              ],
              [
                37.6124492,
                55.7825481
              ],
              [
                37.6129804,
                55.783355699999994
              ],
              [
                37.61319129999999,
                55.78342189999999
              ],
              [
                37.61483549999999,
                55.783478699999996
              ],
              [
                37.6153517,
                55.782836599999996
              ],
              [
                37.6152868,
                55.7834989
              ],
              [
                37.6167159,
                55.78613409999999
              ],
              [
                37.6167978,
                55.7868239
              ],
              [
                37.6163097,
                55.79311599999999
              ],
              [
                37.6279594,
                55.79250780000001
              ],
              [
                37.6324314,
                55.7918625
              ],
              [
                37.63463769999999,
                55.791892299999994
              ],
              [
                37.6344313,
                55.7944611
              ],
              [
                37.634957,
                55.79694529999999
              ],
              [
                37.613589,
                55.810706800000006
              ],
              [
                37.61179679999999,
                55.80989449999999
              ],
              [
                37.6113472,
                55.80998550000001
              ],
              [
                37.609277999999996,
                55.809121999999995
              ],
              [
                37.6014904,
                55.80682970000001
              ],
              [
                37.5997357,
                55.8065964
              ],
              [
                37.596122599999994,
                55.805281199999996
              ],
              [
                37.5953894,
                55.80532279999999
              ],
              [
                37.5958881,
                55.8027395
              ],
              [
                37.59612440000001,
                55.802485
              ],
              [
                37.59637699999999,
                55.801275299999986
              ],
              [
                37.5962362,
                55.79889189999999
              ],
              [
                37.596374999999995,
                55.7986749
              ],
              [
                37.59371079999999,
                55.7972378
              ],
              [
                37.5920679,
                55.7960952
              ],
              [
                37.58918959999999,
                55.79314889999999
              ],
              [
                37.5889044,
                55.7924632
              ]
            ]
          ]
        ]
      }
    },
    {
      "type": "Feature",
      "properties": {
        "id": 1252424,
        "level": "district",
        "name_ru": "Бутырский район",
        "parent_id": 1252558,
        "bbox": [
          37.57359360000001,
          55.7924632,
          37.613589,
          55.8348039
        ]
      },
      "geometry": {
        "type": "MultiPolygon",
        "coordinates": [
          [
            [
              [
                37.5761106,
                55.8348039
              ],
              [
                37.57505629999999,
                55.83399719999999
              ],
              [
                37.574408999999996,
                55.8333122
              ],
              [
                37.5738693,
                55.8323965
              ],
              [
                37.57359360000001,
                55.83147279999999
              ],
              [
                37.5739482,
                55.82279689999999
              ],
              [
                37.5741424,
                55.821959099999994
              ],
              [
                37.5745532,
                55.82111609999999
              ],
              [
                37.5778185,
                55.81664059999998
              ],
              [
                37.5788313,
                55.8126214
              ],
              [
                37.5793077,
                55.8118077
              ],
              [
                37.5804261,
                55.81085239999999
              ],
              [
                37.5847301,
                55.808682399999995
              ],
              [
                37.5831369,
                55.80862149999999
              ],
              [
                37.580652199999996,
                55.8082874
              ],
              [
                37.5823396,
                55.80552109999999
              ],
              [
                37.5835067,
                55.801021799999994
              ],
              [
                37.58447089999999,
                55.79490309999999
              ],
              [
                37.5850046,
                55.794369499999995
              ],
              [
                37.5877997,
                55.79263659999999
              ],
              [
                37.5889044,
                55.7924632
              ],
              [
                37.58918959999999,
                55.79314889999999
              ],
              [
                37.5920679,
                55.7960952
              ],
              [
                37.59371079999999,
                55.7972378
              ],
              [
                37.596374999999995,
                55.7986749
              ],
              [
                37.5962362,
                55.79889189999999
              ],
              [
                37.59637699999999,
                55.801275299999986
              ],
              [
                37.59612440000001,
                55.802485
              ],
              [
                37.5958881,
                55.8027395
              ],
              [
                37.5953894,
                55.80532279999999
              ],
              [
                37.596122599999994,
                55.805281199999996
              ],
              [
                37.5997357,
                55.8065964
              ],
              [
                37.6014904,
                55.80682970000001
              ],
              [
                37.609277999999996,
                55.809121999999995
              ],
              [
                37.6113472,
                55.80998550000001
              ],
              [
                37.61179679999999,
                55.80989449999999
              ],
              [
                37.613589,
                55.810706800000006
              ],
              [
                37.610287,
                55.812984900000004
              ],
              [
                37.589091399999994,
                55.82658719999999
              ],
              [
                37.585891,
                55.828886999999995
              ],
              [
                37.5845328,
                55.82969809999999
              ],
              [
                37.5804891,
                55.8317478
              ],
              [
                37.5761106,
                55.8348039
              ]
            ]
          ]
        ]
      }
    },
    {
      "type": "Feature",
      "properties": {
        "id": 1252448,
        "level": "district",
        "name_ru": "Лосиноостровский район",
        "parent_id": 1252558,
        "bbox": [
          37.67511089999999,
          55.861562799999994,
          37.7197072,
          55.89519989999999
        ]
      },
      "geometry": {
        "type": "MultiPolygon",
        "coordinates": [
          [
            [
              [
                37.67511089999999,
                55.8836915
              ],
              [
                37.67534129999999,
                55.8831165
              ],
              [
                37.67839849999999,
                55.8810911
              ],
              [
                37.6806623,
                55.876881299999994
              ],
              [
                37.67604639999999,
                55.8707632
              ],
              [
                37.6753153,
                55.8679693
              ],
              [
                37.6769359,
                55.867576699999994
              ],
              [
                37.6834915,
                55.864376899999996
              ],
              [
                37.68158009999999,
                55.863098199999996
              ],
              [
                37.6811055,
                55.8619082
              ],
              [
                37.6818282,
                55.861562799999994
              ],
              [
                37.6868087,
                55.8648392
              ],
              [
                37.71451819999999,
                55.882377399999996
              ],
              [
                37.7197072,
                55.88591019999999
              ],
              [
                37.7112059,
                55.8901495
              ],
              [
                37.70758179999999,
                55.89176609999999
              ],
              [
                37.7075862,
                55.8921464
              ],
              [
                37.7071883,
                55.89233109999999
              ],
              [
                37.7064346,
                55.89225839999999
              ],
              [
                37.7030517,
                55.8934116
              ],
              [
                37.6987201,
                55.89433599999999
              ],
              [
                37.69428799999999,
                55.8948748
              ],
              [
                37.6851245,
                55.89519989999999
              ],
              [
                37.685258499999996,
                55.89510380000001
              ],
              [
                37.68525879999999,
                55.8940634
              ],
              [
                37.6849756,
                55.89175839999999
              ],
              [
                37.6842814,
                55.8905777
              ],
              [
                37.68190359999999,
                55.887966999999996
              ],
              [
                37.681660099999995,
                55.88751739999999
              ],
              [
                37.6815789,
                55.88669469999999
              ],
              [
                37.6817168,
                55.88642359999999
              ],
              [
                37.68119359999999,
                55.88574229999998
              ],
              [
                37.679117999999995,
                55.88411469999999
              ],
              [
                37.6782185,
                55.8832515
              ],
              [
                37.6773714,
                55.8830827
              ],
              [
                37.6767325,
                55.8830941
              ],
              [
                37.6759326,
                55.88351699999999
              ],
              [
                37.67511089999999,
                55.8836915
              ]
            ]
          ]
        ]
      }
    },
    {
      "type": "Feature",
      "properties": {
        "id": 1252465,
        "level": "district",
        "name_ru": "Бабушкинский район",
        "parent_id": 1252558,
        "bbox": [
          37.64172189999999,
          55.85042539999999,
          37.6834915,
          55.8838541
        ]
      },
      "geometry": {
        "type": "MultiPolygon",
        "coordinates": [
          [
            [
              [
                37.64172189999999,
                55.865311999999996
              ],
              [
                37.64221559999999,
                55.86432359999999
              ],
              [
                37.6447417,
                55.8633366
              ],
              [
                37.6459964,
                55.86159
              ],
              [
                37.64638049999999,
                55.861283599999986
              ],
              [
                37.6528969,
                55.857624099999995
              ],
              [
                37.66103089999999,
                55.8568476
              ],
              [
                37.66190099999999,
                55.856950699999985
              ],
              [
                37.6628389,
                55.8561303
              ],
              [
                37.6641878,
                55.855219999999996
              ],
              [
                37.6705854,
                55.8511322
              ],
              [
                37.6712112,
                55.8504482
              ],
              [
                37.6719431,
                55.85042539999999
              ],
              [
                37.67252439999999,
                55.853510899999996
              ],
              [
                37.67310839999999,
                55.8546502
              ],
              [
                37.6738512,
                55.85567579999999
              ],
              [
                37.6745956,
                55.8564391
              ],
              [
                37.67604349999999,
                55.8575876
              ],
              [
                37.6793981,
                55.8599931
              ],
              [
                37.6818282,
                55.861562799999994
              ],
              [
                37.6811055,
                55.8619082
              ],
              [
                37.68158009999999,
                55.863098199999996
              ],
              [
                37.6834915,
                55.864376899999996
              ],
              [
                37.6769359,
                55.867576699999994
              ],
              [
                37.6753153,
                55.8679693
              ],
              [
                37.67604639999999,
                55.8707632
              ],
              [
                37.6806623,
                55.876881299999994
              ],
              [
                37.67839849999999,
                55.8810911
              ],
              [
                37.67534129999999,
                55.8831165
              ],
              [
                37.67511089999999,
                55.8836915
              ],
              [
                37.67485539999999,
                55.8836554
              ],
              [
                37.67394209999999,
                55.8838541
              ],
              [
                37.6731886,
                55.883684499999994
              ],
              [
                37.672903399999996,
                55.88354439999999
              ],
              [
                37.6729361,
                55.8832911
              ],
              [
                37.6730745,
                55.883160899999986
              ],
              [
                37.67376049999999,
                55.88296879999999
              ],
              [
                37.673728,
                55.882872899999995
              ],
              [
                37.671699499999995,
                55.88208869999999
              ],
              [
                37.6684932,
                55.8819111
              ],
              [
                37.6664258,
                55.8820256
              ],
              [
                37.66535449999999,
                55.882358200000006
              ],
              [
                37.6650665,
                55.88236359999999
              ],
              [
                37.6639969,
                55.8820577
              ],
              [
                37.6626594,
                55.881973699999996
              ],
              [
                37.65964629999999,
                55.881132199999996
              ],
              [
                37.6588094,
                55.88080089999999
              ],
              [
                37.657858299999994,
                55.88020929999999
              ],
              [
                37.6574787,
                55.87981869999999
              ],
              [
                37.6572169,
                55.8786482
              ],
              [
                37.6574259,
                55.87501889999999
              ],
              [
                37.65779609999999,
                55.8745735
              ],
              [
                37.65841369999999,
                55.874301799999984
              ],
              [
                37.6586782,
                55.873591999999995
              ],
              [
                37.6586625,
                55.8733271
              ],
              [
                37.6580911,
                55.87268039999999
              ],
              [
                37.6573616,
                55.872165800000005
              ],
              [
                37.656200999999996,
                55.871879
              ],
              [
                37.65607969999999,
                55.8713578
              ],
              [
                37.6556686,
                55.87132329999999
              ],
              [
                37.6537428,
                55.8707316
              ],
              [
                37.6528206,
                55.870647399999996
              ],
              [
                37.651602700000005,
                55.8703214
              ],
              [
                37.650814,
                55.8696582
              ],
              [
                37.65053449999999,
                55.8691396
              ],
              [
                37.64897059999999,
                55.8682009
              ],
              [
                37.64847399999999,
                55.867771899999994
              ],
              [
                37.6482863,
                55.86729979999999
              ],
              [
                37.64851899999999,
                55.8670009
              ],
              [
                37.64899799999999,
                55.8668413
              ],
              [
                37.6488306,
                55.8666706
              ],
              [
                37.6476199,
                55.8665361
              ],
              [
                37.6467923,
                55.865975399999996
              ],
              [
                37.6451631,
                55.86548019999999
              ],
              [
                37.64172189999999,
                55.865311999999996
              ]
            ]
          ]
        ]
      }
    },
    {
      "type": "Feature",
      "properties": {
        "id": 1255563,
        "level": "district",
        "name_ru": "Рязанский район",
        "parent_id": 1278703,
        "bbox": [
          37.73565789999999,
          55.707373999999994,
          37.7991182,
          55.73415429999999
        ]
      },
      "geometry": {
        "type": "MultiPolygon",
        "coordinates": [
          [
            [
              [
                37.73565789999999,
                55.7250641
              ],
              [
                37.7375248,
                55.72505999999999
              ],
              [
                37.7389705,
                55.72460569999999
              ],
              [
                37.739565999999996,
                55.7241571
              ],
              [
                37.7408802,
                55.7224304
              ],
              [
                37.7417188,
                55.7218737
              ],
              [
                37.7423946,
                55.721623799999996
              ],
              [
                37.7425849,
                55.72064209999999
              ],
              [
                37.7490007,
                55.7103029
              ],
              [
                37.7743975,
                55.7168426
              ],
              [
                37.77829779999999,
                55.71196069999999
              ],
              [
                37.7806651,
                55.70924180000001
              ],
              [
                37.7945449,
                55.707373999999994
              ],
              [
                37.797503799999994,
                55.71731129999999
              ],
              [
                37.7984698,
                55.72032599999999
              ],
              [
                37.7987359,
                55.72052209999999
              ],
              [
                37.7991182,
                55.72210559999999
              ],
              [
                37.77589669999999,
                55.729939099999996
              ],
              [
                37.767519,
                55.73415429999999
              ],
              [
                37.7666538,
                55.73411999999999
              ],
              [
                37.7619153,
                55.73317699999999
              ],
              [
                37.761261499999996,
                55.7318061
              ],
              [
                37.76027820000001,
                55.73078679999999
              ],
              [
                37.758421899999995,
                55.7296068
              ],
              [
                37.75666170000001,
                55.72890499999998
              ],
              [
                37.7553475,
                55.728599799999984
              ],
              [
                37.73565789999999,
                55.7250641
              ]
            ]
          ]
        ]
      }
    },
    {
      "type": "Feature",
      "properties": {
        "id": 1255576,
        "level": "district",
        "name_ru": "район Косино-Ухтомский",
        "parent_id": 1320234,
        "bbox": [
          37.836023899999994,
          55.6952975,
          37.9456503,
          55.7325603
        ]
      },
      "geometry": {
        "type": "MultiPolygon",
        "coordinates": [
          [
            [
              [
                37.836023899999994,
                55.70977599999999
              ],
              [
                37.8534354,
                55.70378849999998
              ],
              [
                37.853409,
                55.703540199999985
              ],
              [
                37.8587815,
                55.7009951
              ],
              [
                37.8589515,
                55.70110409999999
              ],
              [
                37.859528899999994,
                55.7008246
              ],
              [
                37.8600534,
                55.70113679999999
              ],
              [
                37.87153219999999,
                55.6952975
              ],
              [
                37.8753042,
                55.69751849999999
              ],
              [
                37.8794724,
                55.70026809999999
              ],
              [
                37.8811401,
                55.700861599999996
              ],
              [
                37.8805731,
                55.7011496
              ],
              [
                37.882306,
                55.70246089999999
              ],
              [
                37.8824966,
                55.702356200000004
              ],
              [
                37.883870599999995,
                55.703285799999996
              ],
              [
                37.8840147,
                55.7032255
              ],
              [
                37.8869711,
                55.7052153
              ],
              [
                37.8928973,
                55.705506199999995
              ],
              [
                37.89724379999999,
                55.7062547
              ],
              [
                37.9054419,
                55.7069928
              ],
              [
                37.90701179999999,
                55.706991099999996
              ],
              [
                37.9192451,
                55.707606399999996
              ],
              [
                37.9219165,
                55.707961299999994
              ],
              [
                37.9247941,
                55.71111729999999
              ],
              [
                37.9256924,
                55.711981899999984
              ],
              [
                37.92611459999999,
                55.71218679999998
              ],
              [
                37.92625379999999,
                55.715149699999984
              ],
              [
                37.92806989999999,
                55.71615899999998
              ],
              [
                37.93658719999999,
                55.716238399999995
              ],
              [
                37.94510879999999,
                55.720871499999994
              ],
              [
                37.9456503,
                55.7208385
              ],
              [
                37.944547799999995,
                55.7215375
              ],
              [
                37.9443308,
                55.721326899999994
              ],
              [
                37.9440665,
                55.72139719999999
              ],
              [
                37.9440868,
                55.7215073
              ],
              [
                37.9435793,
                55.721449699999994
              ],
              [
                37.9433354,
                55.721913999999984
              ],
              [
                37.9426104,
                55.72205189999998
              ],
              [
                37.9422726,
                55.722991799999996
              ],
              [
                37.941810200000006,
                55.723170200000006
              ],
              [
                37.9408193,
                55.724337600000005
              ],
              [
                37.9405223,
                55.72449240000001
              ],
              [
                37.94064959999999,
                55.72455789999999
              ],
              [
                37.9401397,
                55.72468539999999
              ],
              [
                37.9376829,
                55.72653369999999
              ],
              [
                37.9376089,
                55.726887
              ],
              [
                37.936336399999995,
                55.727131299999996
              ],
              [
                37.9342897,
                55.7278764
              ],
              [
                37.932951700000004,
                55.72869049999999
              ],
              [
                37.9313791,
                55.7293736
              ],
              [
                37.9308738,
                55.729755
              ],
              [
                37.93041360000001,
                55.7298581
              ],
              [
                37.929963599999994,
                55.7294527
              ],
              [
                37.928522799999996,
                55.729353599999996
              ],
              [
                37.9280221,
                55.73000319999999
              ],
              [
                37.9274801,
                55.73022679999999
              ],
              [
                37.9265295,
                55.730542
              ],
              [
                37.9251996,
                55.7305099
              ],
              [
                37.9235854,
                55.731225499999994
              ],
              [
                37.922866199999994,
                55.731230700000005
              ],
              [
                37.9211623,
                55.73085819999999
              ],
              [
                37.9206051,
                55.7308776
              ],
              [
                37.9180394,
                55.730621899999996
              ],
              [
                37.916927799999996,
                55.7283571
              ],
              [
                37.91639549999999,
                55.728159999999995
              ],
              [
                37.9161753,
                55.7277098
              ],
              [
                37.9154673,
                55.72746789999999
              ],
              [
                37.915047699999995,
                55.72698379999999
              ],
              [
                37.9138057,
                55.726580999999996
              ],
              [
                37.9118339,
                55.725744500000005
              ],
              [
                37.90778809999999,
                55.7248027
              ],
              [
                37.906355999999995,
                55.724790899999995
              ],
              [
                37.905047599999996,
                55.72496989999999
              ],
              [
                37.905050700000004,
                55.7250997
              ],
              [
                37.9035256,
                55.7253344
              ],
              [
                37.9024213,
                55.725250900000006
              ],
              [
                37.9018232,
                55.7244186
              ],
              [
                37.90018479999999,
                55.7243431
              ],
              [
                37.89932979999999,
                55.724026900000005
              ],
              [
                37.899317599999996,
                55.723619099999986
              ],
              [
                37.89230839999999,
                55.72318709999999
              ],
              [
                37.890633199999996,
                55.722309
              ],
              [
                37.889850499999994,
                55.723701199999994
              ],
              [
                37.8874435,
                55.723768599999985
              ],
              [
                37.8854775,
                55.724191600000005
              ],
              [
                37.88415619999999,
                55.723396199999996
              ],
              [
                37.886080799999995,
                55.722369699999994
              ],
              [
                37.8871291,
                55.721652999999996
              ],
              [
                37.8869204,
                55.7202606
              ],
              [
                37.88612319999999,
                55.7195938
              ],
              [
                37.8824863,
                55.7190029
              ],
              [
                37.8810045,
                55.719099199999995
              ],
              [
                37.8765345,
                55.72047090000001
              ],
              [
                37.8769962,
                55.7216165
              ],
              [
                37.8761077,
                55.72338519999999
              ],
              [
                37.8724504,
                55.72337699999999
              ],
              [
                37.8702706,
                55.72658609999998
              ],
              [
                37.8721668,
                55.727705099999994
              ],
              [
                37.8734123,
                55.72964759999999
              ],
              [
                37.8715704,
                55.73084779999999
              ],
              [
                37.8712339,
                55.730838599999984
              ],
              [
                37.869536,
                55.73238619999999
              ],
              [
                37.8621875,
                55.7325603
              ],
              [
                37.8613031,
                55.7305231
              ],
              [
                37.84766629999999,
                55.73118259999999
              ],
              [
                37.8434212,
                55.7310324
              ],
              [
                37.8419472,
                55.73088169999999
              ],
              [
                37.840415699999994,
                55.7304867
              ],
              [
                37.838612899999994,
                55.71552
              ],
              [
                37.8381905,
                55.714009399999995
              ],
              [
                37.836023899999994,
                55.70977599999999
              ]
            ]
          ]
        ]
      }
    },
    {
      "type": "Feature",
      "properties": {
        "id": 1255577,
        "level": "district",
        "name_ru": "район Некрасовка",
        "parent_id": 1278703,
        "bbox": [
          37.90612759999999,
          55.673655999999994,
          37.967427699999995,
          55.720871499999994
        ]
      },
      "geometry": {
        "type": "MultiPolygon",
        "coordinates": [
          [
            [
              [
                37.90701179999999,
                55.706991099999996
              ],
              [
                37.90612759999999,
                55.70625849999998
              ],
              [
                37.9072539,
                55.7047089
              ],
              [
                37.90780569999999,
                55.70463410000001
              ],
              [
                37.909273,
                55.70494409999999
              ],
              [
                37.91137719999999,
                55.7047767
              ],
              [
                37.912240700000005,
                55.7034207
              ],
              [
                37.9122059,
                55.70296989999999
              ],
              [
                37.913464899999994,
                55.702170399999986
              ],
              [
                37.9134366,
                55.697865199999995
              ],
              [
                37.91516669999999,
                55.6970473
              ],
              [
                37.9189383,
                55.6994252
              ],
              [
                37.9193762,
                55.6993521
              ],
              [
                37.924743,
                55.6970422
              ],
              [
                37.9266095,
                55.69822109999999
              ],
              [
                37.93980669999999,
                55.698014599999986
              ],
              [
                37.9397555,
                55.696607599999986
              ],
              [
                37.939876999999996,
                55.696504
              ],
              [
                37.939126,
                55.69649869999999
              ],
              [
                37.93587109999999,
                55.696811
              ],
              [
                37.9282528,
                55.69499929999999
              ],
              [
                37.92740499999999,
                55.69405750000001
              ],
              [
                37.92758309999999,
                55.69397979999999
              ],
              [
                37.9231927,
                55.6892714
              ],
              [
                37.922434599999995,
                55.68880829999998
              ],
              [
                37.91860309999999,
                55.68825999999999
              ],
              [
                37.91772509999999,
                55.6876942
              ],
              [
                37.917387399999996,
                55.687134999999984
              ],
              [
                37.91725819999999,
                55.68626739999999
              ],
              [
                37.91329079999999,
                55.68331679999999
              ],
              [
                37.9142673,
                55.68300769999999
              ],
              [
                37.9137928,
                55.6816045
              ],
              [
                37.91854039999999,
                55.680795999999994
              ],
              [
                37.9189453,
                55.68051909999999
              ],
              [
                37.9197535,
                55.6785385
              ],
              [
                37.9204717,
                55.676143
              ],
              [
                37.92712649999999,
                55.675952399999986
              ],
              [
                37.928111099999995,
                55.67602369999999
              ],
              [
                37.9316044,
                55.67596429999999
              ],
              [
                37.9355974,
                55.67577709999999
              ],
              [
                37.9486257,
                55.67550229999999
              ],
              [
                37.949650899999995,
                55.6751617
              ],
              [
                37.9633779,
                55.673655999999994
              ],
              [
                37.9637963,
                55.673904199999996
              ],
              [
                37.9634687,
                55.674424499999986
              ],
              [
                37.9626019,
                55.6748992
              ],
              [
                37.9617389,
                55.6751315
              ],
              [
                37.9613556,
                55.6756369
              ],
              [
                37.9618771,
                55.67696029999998
              ],
              [
                37.96185909999999,
                55.6777142
              ],
              [
                37.9626295,
                55.6782131
              ],
              [
                37.963263399999995,
                55.6789184
              ],
              [
                37.9642771,
                55.67960289999999
              ],
              [
                37.9644024,
                55.67981459999999
              ],
              [
                37.96435029999999,
                55.68005269999999
              ],
              [
                37.96360589999999,
                55.68053989999999
              ],
              [
                37.963379599999996,
                55.68090699999999
              ],
              [
                37.96358789999999,
                55.68157579999998
              ],
              [
                37.963065699999994,
                55.6823177
              ],
              [
                37.9630378,
                55.68281629999999
              ],
              [
                37.96349109999999,
                55.683351299999984
              ],
              [
                37.9636633,
                55.6839601
              ],
              [
                37.963546199999996,
                55.684181599999995
              ],
              [
                37.9637986,
                55.684518299999986
              ],
              [
                37.9629849,
                55.68503579999999
              ],
              [
                37.9628732,
                55.6856636
              ],
              [
                37.963205499999994,
                55.68593849999999
              ],
              [
                37.96477000000001,
                55.68606019999999
              ],
              [
                37.964771299999995,
                55.686174300000005
              ],
              [
                37.9645395,
                55.686377099999994
              ],
              [
                37.9635973,
                55.686441099999996
              ],
              [
                37.9632451,
                55.6865588
              ],
              [
                37.963570399999995,
                55.687042399999996
              ],
              [
                37.9634548,
                55.6873656
              ],
              [
                37.96161819999999,
                55.6877957
              ],
              [
                37.9611673,
                55.6880814
              ],
              [
                37.9609437,
                55.6884701
              ],
              [
                37.9611844,
                55.68902709999998
              ],
              [
                37.9607325,
                55.6892341
              ],
              [
                37.9596251,
                55.6893352
              ],
              [
                37.959145799999995,
                55.6895692
              ],
              [
                37.9581243,
                55.6893998
              ],
              [
                37.95788009999999,
                55.689450799999996
              ],
              [
                37.960203899999996,
                55.69277400000001
              ],
              [
                37.9575785,
                55.6938492
              ],
              [
                37.956354299999994,
                55.6927429
              ],
              [
                37.953929499999994,
                55.69272599999999
              ],
              [
                37.9556123,
                55.6945131
              ],
              [
                37.950876699999995,
                55.6961866
              ],
              [
                37.9497773,
                55.695242099999994
              ],
              [
                37.9486602,
                55.695072499999995
              ],
              [
                37.9462308,
                55.69667269999999
              ],
              [
                37.9450608,
                55.6968562
              ],
              [
                37.944716099999994,
                55.6971238
              ],
              [
                37.9448393,
                55.697767
              ],
              [
                37.9455387,
                55.698089800000005
              ],
              [
                37.945237,
                55.6991227
              ],
              [
                37.9463598,
                55.699554099999986
              ],
              [
                37.9466318,
                55.700009399999985
              ],
              [
                37.9471254,
                55.7002776
              ],
              [
                37.9494124,
                55.70000739999999
              ],
              [
                37.95169889999999,
                55.70065959999999
              ],
              [
                37.9533496,
                55.700609099999994
              ],
              [
                37.9531583,
                55.701228099999994
              ],
              [
                37.9529031,
                55.7013629
              ],
              [
                37.9532141,
                55.7017179
              ],
              [
                37.9532962,
                55.7020756
              ],
              [
                37.9542086,
                55.7027752
              ],
              [
                37.9546132,
                55.702875
              ],
              [
                37.95575589999999,
                55.7027316
              ],
              [
                37.9565075,
                55.70220659999999
              ],
              [
                37.9560377,
                55.701103599999996
              ],
              [
                37.957009799999994,
                55.7008737
              ],
              [
                37.9589259,
                55.70261339999998
              ],
              [
                37.9582197,
                55.702939799999996
              ],
              [
                37.9597448,
                55.704508399999995
              ],
              [
                37.95791069999999,
                55.70594009999999
              ],
              [
                37.95439519999999,
                55.706938199999996
              ],
              [
                37.954194199999996,
                55.70668260000001
              ],
              [
                37.94730199999999,
                55.708596499999985
              ],
              [
                37.9496668,
                55.711341099999984
              ],
              [
                37.9530979,
                55.7112623
              ],
              [
                37.964077,
                55.709310599999995
              ],
              [
                37.96676969999999,
                55.7102269
              ],
              [
                37.96670629999999,
                55.7104986
              ],
              [
                37.9598592,
                55.7140911
              ],
              [
                37.9606662,
                55.71475409999999
              ],
              [
                37.9650216,
                55.715439800000006
              ],
              [
                37.96731669999999,
                55.71604029999999
              ],
              [
                37.967427699999995,
                55.716248999999976
              ],
              [
                37.96205299999999,
                55.717164499999996
              ],
              [
                37.9584742,
                55.717616799999995
              ],
              [
                37.95551259999999,
                55.720222
              ],
              [
                37.94982340000001,
                55.720004
              ],
              [
                37.948041,
                55.72025029999998
              ],
              [
                37.94747509999999,
                55.7200604
              ],
              [
                37.9456503,
                55.7208385
              ],
              [
                37.94510879999999,
                55.720871499999994
              ],
              [
                37.93658719999999,
                55.716238399999995
              ],
              [
                37.92806989999999,
                55.71615899999998
              ],
              [
                37.92625379999999,
                55.715149699999984
              ],
              [
                37.92611459999999,
                55.71218679999998
              ],
              [
                37.9256924,
                55.711981899999984
              ],
              [
                37.9247941,
                55.71111729999999
              ],
              [
                37.9219165,
                55.707961299999994
              ],
              [
                37.9192451,
                55.707606399999996
              ],
              [
                37.90701179999999,
                55.706991099999996
              ]
            ]
          ]
        ]
      }
    },
    {
      "type": "Feature",
      "properties": {
        "id": 1255602,
        "level": "district",
        "name_ru": "район Новокосино",
        "parent_id": 1320234,
        "bbox": [
          37.840415699999994,
          55.7304867,
          37.8909533,
          55.7493396
        ]
      },
      "geometry": {
        "type": "MultiPolygon",
        "coordinates": [
          [
            [
              [
                37.840415699999994,
                55.7304867
              ],
              [
                37.8419472,
                55.73088169999999
              ],
              [
                37.8434212,
                55.7310324
              ],
              [
                37.84766629999999,
                55.73118259999999
              ],
              [
                37.8613031,
                55.7305231
              ],
              [
                37.8621875,
                55.7325603
              ],
              [
                37.869536,
                55.73238619999999
              ],
              [
                37.8688922,
                55.7329729
              ],
              [
                37.865471,
                55.733158499999995
              ],
              [
                37.864238,
                55.73471680000001
              ],
              [
                37.8667051,
                55.73618179999999
              ],
              [
                37.86653939999999,
                55.736296399999986
              ],
              [
                37.8684891,
                55.7372895
              ],
              [
                37.87316109999999,
                55.7381569
              ],
              [
                37.878008699999995,
                55.737869499999995
              ],
              [
                37.8800331,
                55.741746499999984
              ],
              [
                37.8801347,
                55.74229279999999
              ],
              [
                37.881749899999996,
                55.742731
              ],
              [
                37.8858291,
                55.7426129
              ],
              [
                37.8900854,
                55.74160359999999
              ],
              [
                37.8900847,
                55.7418706
              ],
              [
                37.8904033,
                55.74208469999999
              ],
              [
                37.8909533,
                55.74219459999999
              ],
              [
                37.8900278,
                55.743627799999985
              ],
              [
                37.88824569999999,
                55.74846419999999
              ],
              [
                37.88771049999999,
                55.7485772
              ],
              [
                37.8873468,
                55.7484574
              ],
              [
                37.882540899999995,
                55.7493396
              ],
              [
                37.863232999999994,
                55.74557299999999
              ],
              [
                37.8605434,
                55.74524339999999
              ],
              [
                37.8539206,
                55.7449497
              ],
              [
                37.8479957,
                55.7444999
              ],
              [
                37.8468046,
                55.74458709999999
              ],
              [
                37.84570649999999,
                55.74487169999999
              ],
              [
                37.843677899999996,
                55.745903
              ],
              [
                37.84265489999999,
                55.746734499999995
              ],
              [
                37.8425433,
                55.747176100000004
              ],
              [
                37.8420082,
                55.7472241
              ],
              [
                37.84164849999999,
                55.740492999999994
              ],
              [
                37.840415699999994,
                55.7304867
              ]
            ]
          ]
        ]
      }
    },
    {
      "type": "Feature",
      "properties": {
        "id": 1255680,
        "level": "district",
        "name_ru": "район Северное Измайлово",
        "parent_id": 1320234,
        "bbox": [
          37.750848299999994,
          55.8021699,
          37.84376159999999,
          55.814972199999985
        ]
      },
      "geometry": {
        "type": "MultiPolygon",
        "coordinates": [
          [
            [
              [
                37.750848299999994,
                55.8021699
              ],
              [
                37.780260199999994,
                55.802635499999994
              ],
              [
                37.8188585,
                55.8030549
              ],
              [
                37.832107099999995,
                55.80333579999999
              ],
              [
                37.8326167,
                55.803473000000004
              ],
              [
                37.8404123,
                55.80368599999999
              ],
              [
                37.8397912,
                55.8117392
              ],
              [
                37.8400458,
                55.81207839999998
              ],
              [
                37.8414487,
                55.8128949
              ],
              [
                37.843043599999994,
                55.8143651
              ],
              [
                37.84376159999999,
                55.81477379999999
              ],
              [
                37.8435518,
                55.814972199999985
              ],
              [
                37.84146079999999,
                55.814320599999995
              ],
              [
                37.83622239999999,
                55.813569400000006
              ],
              [
                37.829497399999994,
                55.8129457
              ],
              [
                37.81176,
                55.81064610000001
              ],
              [
                37.8098773,
                55.8105297
              ],
              [
                37.7825076,
                55.8097806
              ],
              [
                37.78056759999999,
                55.809615199999996
              ],
              [
                37.778502599999996,
                55.8092981
              ],
              [
                37.776385,
                55.808772499999996
              ],
              [
                37.7549958,
                55.803056899999994
              ],
              [
                37.750848299999994,
                55.8021699
              ]
            ]
          ]
        ]
      }
    },
    {
      "type": "Feature",
      "properties": {
        "id": 1255704,
        "level": "district",
        "name_ru": "район Восточное Измайлово",
        "parent_id": 1320234,
        "bbox": [
          37.79943279999999,
          55.7876543,
          37.8420251,
          55.80368599999999
        ]
      },
      "geometry": {
        "type": "MultiPolygon",
        "coordinates": [
          [
            [
              [
                37.79943279999999,
                55.7932386
              ],
              [
                37.79959339999999,
                55.78990339999999
              ],
              [
                37.79945819999999,
                55.789871000000005
              ],
              [
                37.7994657,
                55.7896989
              ],
              [
                37.799932,
                55.7882733
              ],
              [
                37.81070880000001,
                55.7885248
              ],
              [
                37.812945799999994,
                55.788701200000006
              ],
              [
                37.8135724,
                55.78858569999999
              ],
              [
                37.8181157,
                55.7886247
              ],
              [
                37.8188555,
                55.78884419999999
              ],
              [
                37.82318289999999,
                55.78895099999999
              ],
              [
                37.8234342,
                55.78899880000001
              ],
              [
                37.8236005,
                55.789209699999994
              ],
              [
                37.8235357,
                55.790218499999995
              ],
              [
                37.8299659,
                55.7893253
              ],
              [
                37.8341552,
                55.7876543
              ],
              [
                37.8420251,
                55.7889634
              ],
              [
                37.8404123,
                55.80368599999999
              ],
              [
                37.8326167,
                55.803473000000004
              ],
              [
                37.832107099999995,
                55.80333579999999
              ],
              [
                37.8291221,
                55.8032606
              ],
              [
                37.80511679999999,
                55.80286649999999
              ],
              [
                37.8055777,
                55.793344399999995
              ],
              [
                37.79943279999999,
                55.7932386
              ]
            ]
          ]
        ]
      }
    },
    {
      "type": "Feature",
      "properties": {
        "id": 1255775,
        "level": "district",
        "name_ru": "район Восточный",
        "parent_id": 1320234,
        "bbox": [
          37.790034299999995,
          55.80420800000001,
          37.8993112,
          56.0097028
        ]
      },
      "geometry": {
        "type": "MultiPolygon",
        "coordinates": [
          [
            [
              [
                37.849809,
                55.810466199999986
              ],
              [
                37.848871499999994,
                55.8094232
              ],
              [
                37.8502374,
                55.80855699999999
              ],
              [
                37.850469399999994,
                55.80867189999999
              ],
              [
                37.850691499999996,
                55.80854959999999
              ],
              [
                37.8512996,
                55.808833599999986
              ],
              [
                37.852185199999994,
                55.80896039999999
              ],
              [
                37.85601079999999,
                55.8065884
              ],
              [
                37.8561187,
                55.806648499999994
              ],
              [
                37.85636949999999,
                55.80604139999999
              ],
              [
                37.8606871,
                55.807540599999996
              ],
              [
                37.86003379999999,
                55.80842669999999
              ],
              [
                37.86027180000001,
                55.80857579999999
              ],
              [
                37.861697299999996,
                55.80869019999999
              ],
              [
                37.8628232,
                55.8073119
              ],
              [
                37.863264699999995,
                55.8074211
              ],
              [
                37.865743099999996,
                55.80420800000001
              ],
              [
                37.8665868,
                55.80421069999999
              ],
              [
                37.8711986,
                55.80632920000001
              ],
              [
                37.8700807,
                55.80776069999998
              ],
              [
                37.87358249999999,
                55.8086963
              ],
              [
                37.87412779999999,
                55.8106937
              ],
              [
                37.8773566,
                55.811467199999996
              ],
              [
                37.8781481,
                55.81142919999999
              ],
              [
                37.8796416,
                55.813267299999985
              ],
              [
                37.8794843,
                55.81347199999999
              ],
              [
                37.8798248,
                55.81420459999999
              ],
              [
                37.88084249999999,
                55.8143186
              ],
              [
                37.880831799999996,
                55.8145808
              ],
              [
                37.881639899999996,
                55.81501499999999
              ],
              [
                37.8830652,
                55.8162984
              ],
              [
                37.88412859999999,
                55.816660799999994
              ],
              [
                37.8853211,
                55.816661999999994
              ],
              [
                37.8861402,
                55.81616629999999
              ],
              [
                37.8868742,
                55.8165315
              ],
              [
                37.8879025,
                55.8159417
              ],
              [
                37.888152399999996,
                55.81567519999999
              ],
              [
                37.88888599999999,
                55.81547869999999
              ],
              [
                37.8892963,
                55.8151759
              ],
              [
                37.89139709999999,
                55.815121999999995
              ],
              [
                37.8923994,
                55.814573599999996
              ],
              [
                37.894541,
                55.813939899999994
              ],
              [
                37.89672989999999,
                55.8139771
              ],
              [
                37.898548999999996,
                55.81438659999999
              ],
              [
                37.8993002,
                55.8150981
              ],
              [
                37.8993112,
                55.816291099999994
              ],
              [
                37.8985819,
                55.81748040000001
              ],
              [
                37.8978239,
                55.817922
              ],
              [
                37.8890935,
                55.8194231
              ],
              [
                37.887907999999996,
                55.82079029999999
              ],
              [
                37.8851643,
                55.8206244
              ],
              [
                37.8842776,
                55.8199606
              ],
              [
                37.88396769999999,
                55.820339399999995
              ],
              [
                37.8805382,
                55.819513499999985
              ],
              [
                37.8797221,
                55.819573399999996
              ],
              [
                37.8789454,
                55.819896899999996
              ],
              [
                37.8783391,
                55.8206528
              ],
              [
                37.876441,
                55.820471299999994
              ],
              [
                37.87379769999999,
                55.8200036
              ],
              [
                37.8722162,
                55.8225388
              ],
              [
                37.8685139,
                55.8218817
              ],
              [
                37.86871549999999,
                55.82149889999999
              ],
              [
                37.8662082,
                55.8209341
              ],
              [
                37.8662311,
                55.82085949999999
              ],
              [
                37.8622608,
                55.820018299999994
              ],
              [
                37.8623186,
                55.8199379
              ],
              [
                37.86001160000001,
                55.81939799999999
              ],
              [
                37.8594399,
                55.8194823
              ],
              [
                37.8591727,
                55.819978600000006
              ],
              [
                37.85764629999999,
                55.819597099999996
              ],
              [
                37.8581098,
                55.8187889
              ],
              [
                37.8572656,
                55.818339599999995
              ],
              [
                37.8573206,
                55.817911099999996
              ],
              [
                37.852883,
                55.81672059999998
              ],
              [
                37.84532709999999,
                55.81356219999999
              ],
              [
                37.849809,
                55.810466199999986
              ]
            ]
          ],
          [
            [
              [
                37.8717278,
                55.8246505
              ],
              [
                37.868496199999996,
                55.82377859999998
              ],
              [
                37.8689418,
                55.82286969999999
              ],
              [
                37.8730967,
                55.8237936
              ],
              [
                37.8760016,
                55.8249027
              ],
              [
                37.8756653,
                55.82534239999998
              ],
              [
                37.87297529999999,
                55.825125899999996
              ],
              [
                37.8717278,
                55.8246505
              ]
            ]
          ],
          [
            [
              [
                37.790034299999995,
                56.0029214
              ],
              [
                37.7904761,
                56.0024768
              ],
              [
                37.79163299999999,
                56.0028753
              ],
              [
                37.7921011,
                56.0024925
              ],
              [
                37.79409390000001,
                56.0031557
              ],
              [
                37.7934895,
                56.003726699999994
              ],
              [
                37.7928913,
                56.00388149999999
              ],
              [
                37.790034299999995,
                56.0029214
              ]
            ]
          ],
          [
            [
              [
                37.791489199999994,
                56.00747719999998
              ],
              [
                37.7912235,
                56.0072852
              ],
              [
                37.793149799999995,
                56.0055432
              ],
              [
                37.7968376,
                56.00476089999999
              ],
              [
                37.7973464,
                56.005409599999986
              ],
              [
                37.7994322,
                56.0061526
              ],
              [
                37.7981439,
                56.00744340000001
              ],
              [
                37.799,
                56.0076888
              ],
              [
                37.79870679999999,
                56.0079388
              ],
              [
                37.798900399999994,
                56.00824399999998
              ],
              [
                37.7984641,
                56.00871179999999
              ],
              [
                37.79798559999999,
                56.0087675
              ],
              [
                37.79811759999999,
                56.0089876
              ],
              [
                37.7989795,
                56.0092752
              ],
              [
                37.7985143,
                56.0097028
              ],
              [
                37.79797469999999,
                56.0095523
              ],
              [
                37.7948968,
                56.0093202
              ],
              [
                37.795318599999995,
                56.009024199999985
              ],
              [
                37.79295799999999,
                56.00825359999999
              ],
              [
                37.7931919,
                56.0080413
              ],
              [
                37.791489199999994,
                56.00747719999998
              ]
            ]
          ]
        ]
      }
    },
    {
      "type": "Feature",
      "properties": {
        "id": 1255942,
        "level": "district",
        "name_ru": "район Замоскворечье",
        "parent_id": 2162196,
        "bbox": [
          37.6150768,
          55.72028909999999,
          37.6542108,
          55.7492168
        ]
      },
      "geometry": {
        "type": "MultiPolygon",
        "coordinates": [
          [
            [
              [
                37.6150768,
                55.726944399999994
              ],
              [
                37.6166457,
                55.7235332
              ],
              [
                37.61775539999999,
                55.72028909999999
              ],
              [
                37.6225369,
                55.72092779999999
              ],
              [
                37.6278928,
                55.72136489999999
              ],
              [
                37.6330619,
                55.722564599999984
              ],
              [
                37.63580209999999,
                55.72201999999999
              ],
              [
                37.636424399999996,
                55.723543299999996
              ],
              [
                37.6400073,
                55.72290089999999
              ],
              [
                37.6417645,
                55.7222109
              ],
              [
                37.64374229999999,
                55.722403799999995
              ],
              [
                37.644911099999995,
                55.72801189999999
              ],
              [
                37.645995,
                55.729465
              ],
              [
                37.65155349999999,
                55.728144199999996
              ],
              [
                37.65212559999999,
                55.7281997
              ],
              [
                37.65228569999999,
                55.7280661
              ],
              [
                37.6542108,
                55.728821399999994
              ],
              [
                37.65049449999999,
                55.731275700000005
              ],
              [
                37.648017499999995,
                55.73495839999998
              ],
              [
                37.64487329999999,
                55.74113359999999
              ],
              [
                37.6428134,
                55.743476899999976
              ],
              [
                37.6413066,
                55.7450064
              ],
              [
                37.6392718,
                55.7465835
              ],
              [
                37.6377065,
                55.747365999999985
              ],
              [
                37.6341874,
                55.74842879999999
              ],
              [
                37.631194,
                55.749014499999994
              ],
              [
                37.6283133,
                55.7492168
              ],
              [
                37.6250593,
                55.749084499999995
              ],
              [
                37.62511069999999,
                55.74864839999999
              ],
              [
                37.625631299999995,
                55.7478915
              ],
              [
                37.6263845,
                55.74598149999999
              ],
              [
                37.624682,
                55.7457441
              ],
              [
                37.624573,
                55.745504499999996
              ],
              [
                37.6250342,
                55.7424802
              ],
              [
                37.624539,
                55.7393996
              ],
              [
                37.62431349999999,
                55.7365315
              ],
              [
                37.6242604,
                55.732171799999996
              ],
              [
                37.6238257,
                55.7295767
              ],
              [
                37.622350399999995,
                55.72956560000001
              ],
              [
                37.619613,
                55.7292455
              ],
              [
                37.6199362,
                55.727311199999995
              ],
              [
                37.6150768,
                55.726944399999994
              ]
            ]
          ]
        ]
      }
    },
    {
      "type": "Feature",
      "properties": {
        "id": 1255987,
        "level": "district",
        "name_ru": "район Хамовники",
        "parent_id": 2162196,
        "bbox": [
          37.5410812,
          55.71028019999999,
          37.612196899999994,
          55.75039619999999
        ]
      },
      "geometry": {
        "type": "MultiPolygon",
        "coordinates": [
          [
            [
              [
                37.5477856,
                55.7280681
              ],
              [
                37.54490259999999,
                55.727055699999994
              ],
              [
                37.5430747,
                55.7255663
              ],
              [
                37.5418635,
                55.72403959999999
              ],
              [
                37.5411815,
                55.72205580000001
              ],
              [
                37.5410812,
                55.72012509999999
              ],
              [
                37.5418853,
                55.717594599999984
              ],
              [
                37.5433307,
                55.7156172
              ],
              [
                37.5459418,
                55.71368699999999
              ],
              [
                37.54851589999999,
                55.71226279999999
              ],
              [
                37.552897,
                55.7109726
              ],
              [
                37.556872899999995,
                55.71034259999999
              ],
              [
                37.5592321,
                55.71028019999999
              ],
              [
                37.560995399999996,
                55.7103378
              ],
              [
                37.5654006,
                55.7107574
              ],
              [
                37.5696101,
                55.711617299999986
              ],
              [
                37.57492799999999,
                55.713117699999984
              ],
              [
                37.5776083,
                55.71420579999999
              ],
              [
                37.5787512,
                55.7147801
              ],
              [
                37.5820802,
                55.71674149999998
              ],
              [
                37.5855103,
                55.71934309999999
              ],
              [
                37.59317949999999,
                55.726259899999995
              ],
              [
                37.59630409999999,
                55.7310404
              ],
              [
                37.5980293,
                55.73293730000001
              ],
              [
                37.6000268,
                55.73458609999999
              ],
              [
                37.606740499999994,
                55.73808569999999
              ],
              [
                37.607136,
                55.73896229999998
              ],
              [
                37.6083235,
                55.74311819999999
              ],
              [
                37.61011189999999,
                55.745264499999976
              ],
              [
                37.612196899999994,
                55.746766
              ],
              [
                37.6107792,
                55.748484899999994
              ],
              [
                37.610543299999996,
                55.74866740000001
              ],
              [
                37.6095072,
                55.749002799999985
              ],
              [
                37.604291999999994,
                55.75039619999999
              ],
              [
                37.6029388,
                55.74860449999999
              ],
              [
                37.5997189,
                55.748891699999994
              ],
              [
                37.599339799999996,
                55.7470712
              ],
              [
                37.5957114,
                55.747645299999995
              ],
              [
                37.58781379999999,
                55.7468074
              ],
              [
                37.5858125,
                55.74630410000001
              ],
              [
                37.5874233,
                55.744098
              ],
              [
                37.58379899999999,
                55.74375179999999
              ],
              [
                37.5830409,
                55.7454913
              ],
              [
                37.58233499999999,
                55.745409699999996
              ],
              [
                37.579391799999996,
                55.74582910000001
              ],
              [
                37.5768779,
                55.7455197
              ],
              [
                37.5741284,
                55.745430999999996
              ],
              [
                37.5738914,
                55.7447089
              ],
              [
                37.56832669999999,
                55.7385525
              ],
              [
                37.5657503,
                55.736401
              ],
              [
                37.5636326,
                55.73509539999999
              ],
              [
                37.5590625,
                55.73306869999998
              ],
              [
                37.5530345,
                55.7299466
              ],
              [
                37.5477856,
                55.7280681
              ]
            ]
          ]
        ]
      }
    },
    {
      "type": "Feature",
      "properties": {
        "id": 1257218,
        "level": "district",
        "name_ru": "Красносельский район",
        "parent_id": 2162196,
        "bbox": [
          37.628351599999995,
          55.7598288,
          37.68826669999999,
          55.7930115
        ]
      },
      "geometry": {
        "type": "MultiPolygon",
        "coordinates": [
          [
            [
              [
                37.628351599999995,
                55.75986429999998
              ],
              [
                37.6288346,
                55.7598288
              ],
              [
                37.6299554,
                55.75997999999999
              ],
              [
                37.63121319999999,
                55.76025699999999
              ],
              [
                37.6321256,
                55.76106029999999
              ],
              [
                37.6347192,
                55.76256289999999
              ],
              [
                37.6372925,
                55.7651344
              ],
              [
                37.6382689,
                55.76543180000001
              ],
              [
                37.6415119,
                55.767082499999994
              ],
              [
                37.6446919,
                55.7684735
              ],
              [
                37.6481493,
                55.7685552
              ],
              [
                37.65066149999999,
                55.768891599999996
              ],
              [
                37.6530829,
                55.76941109999999
              ],
              [
                37.65447149999999,
                55.76958479999999
              ],
              [
                37.6629987,
                55.76973219999999
              ],
              [
                37.6644256,
                55.7733076
              ],
              [
                37.6679933,
                55.7745286
              ],
              [
                37.673154499999995,
                55.77694429999999
              ],
              [
                37.6758868,
                55.77838619999999
              ],
              [
                37.676381,
                55.77831789999999
              ],
              [
                37.6790611,
                55.77734589999999
              ],
              [
                37.6801021,
                55.77711949999999
              ],
              [
                37.684842,
                55.780811299999996
              ],
              [
                37.6847167,
                55.781603
              ],
              [
                37.68826669999999,
                55.781899
              ],
              [
                37.6858873,
                55.7824453
              ],
              [
                37.685813,
                55.7825747
              ],
              [
                37.65181629999999,
                55.7890984
              ],
              [
                37.651542,
                55.78936
              ],
              [
                37.647731099999994,
                55.790380699999986
              ],
              [
                37.64611920000001,
                55.7909534
              ],
              [
                37.64295700000001,
                55.7930115
              ],
              [
                37.6402463,
                55.792451399999976
              ],
              [
                37.6414437,
                55.7913059
              ],
              [
                37.6420771,
                55.79016099999999
              ],
              [
                37.642222,
                55.7884291
              ],
              [
                37.6416643,
                55.7884601
              ],
              [
                37.6417328,
                55.78812609999999
              ],
              [
                37.64484010000001,
                55.779843299999996
              ],
              [
                37.643852,
                55.7797219
              ],
              [
                37.6412894,
                55.7797075
              ],
              [
                37.640006699999994,
                55.7771587
              ],
              [
                37.6393949,
                55.777133499999984
              ],
              [
                37.638179,
                55.77478549999999
              ],
              [
                37.63812049999999,
                55.7736233
              ],
              [
                37.637267,
                55.77206149999999
              ],
              [
                37.6325778,
                55.772651
              ],
              [
                37.63240369999999,
                55.770382999999995
              ],
              [
                37.6314796,
                55.7665279
              ],
              [
                37.630858,
                55.7655196
              ],
              [
                37.62972439999999,
                55.7644416
              ],
              [
                37.6286781,
                55.7631076
              ],
              [
                37.6299117,
                55.76287099999998
              ],
              [
                37.6302397,
                55.7634502
              ],
              [
                37.630607399999995,
                55.76341259999999
              ],
              [
                37.63014989999999,
                55.7620381
              ],
              [
                37.6295151,
                55.76107659999999
              ],
              [
                37.6300531,
                55.760829599999994
              ],
              [
                37.628351599999995,
                55.75986429999998
              ]
            ]
          ]
        ]
      }
    },
    {
      "type": "Feature",
      "properties": {
        "id": 1257403,
        "level": "district",
        "name_ru": "район Южное Бутово",
        "parent_id": 1304596,
        "bbox": [
          37.47018979999999,
          55.516683999999984,
          37.5893029,
          55.560406199999996
        ]
      },
      "geometry": {
        "type": "MultiPolygon",
        "coordinates": [
          [
            [
              [
                37.47018979999999,
                55.534052099999975
              ],
              [
                37.470700099999995,
                55.5318364
              ],
              [
                37.4708997,
                55.529604799999994
              ],
              [
                37.471282599999995,
                55.5295634
              ],
              [
                37.4712249,
                55.52933759999999
              ],
              [
                37.4709252,
                55.52937639999999
              ],
              [
                37.4709829,
                55.5288439
              ],
              [
                37.4712978,
                55.529021699999994
              ],
              [
                37.47230869999999,
                55.5288203
              ],
              [
                37.4728247,
                55.5281769
              ],
              [
                37.473602899999996,
                55.52788329999999
              ],
              [
                37.4741501,
                55.527348100000005
              ],
              [
                37.47627979999999,
                55.5265603
              ],
              [
                37.4763788,
                55.52642049999999
              ],
              [
                37.4767803,
                55.526417
              ],
              [
                37.477389,
                55.52615629999999
              ],
              [
                37.4782102,
                55.52616899999999
              ],
              [
                37.4785757,
                55.5264929
              ],
              [
                37.4789075,
                55.5265167
              ],
              [
                37.479194,
                55.5263453
              ],
              [
                37.4797349,
                55.52624180000001
              ],
              [
                37.48041589999999,
                55.5262448
              ],
              [
                37.481572199999995,
                55.526686399999996
              ],
              [
                37.4819903,
                55.5269731
              ],
              [
                37.4824558,
                55.52697489999999
              ],
              [
                37.4827989,
                55.52709379999999
              ],
              [
                37.4829693,
                55.52721899999999
              ],
              [
                37.48279629999999,
                55.527814799999994
              ],
              [
                37.48316179999999,
                55.5282629
              ],
              [
                37.4831153,
                55.528604699999995
              ],
              [
                37.48495,
                55.529169599999996
              ],
              [
                37.4854807,
                55.5296237
              ],
              [
                37.48666529999999,
                55.529800699999996
              ],
              [
                37.487219,
                55.5295843
              ],
              [
                37.487688999999996,
                55.5296399
              ],
              [
                37.4882321,
                55.52945749999999
              ],
              [
                37.4887107,
                55.5296081
              ],
              [
                37.48915709999999,
                55.5299606
              ],
              [
                37.48943059999999,
                55.5299904
              ],
              [
                37.4893674,
                55.52967279999999
              ],
              [
                37.4895575,
                55.5295794
              ],
              [
                37.4899095,
                55.5296032
              ],
              [
                37.4902945,
                55.5293308
              ],
              [
                37.49073039999999,
                55.52931299999999
              ],
              [
                37.4908562,
                55.52917889999999
              ],
              [
                37.4917548,
                55.528994700000005
              ],
              [
                37.49226709999999,
                55.5291595
              ],
              [
                37.49261309999999,
                55.528689199999995
              ],
              [
                37.49294870000001,
                55.528689199999995
              ],
              [
                37.4930923,
                55.528561
              ],
              [
                37.49350869999999,
                55.5286535
              ],
              [
                37.49401799999999,
                55.5284414
              ],
              [
                37.49389669999999,
                55.528243599999996
              ],
              [
                37.49409159999999,
                55.5281068
              ],
              [
                37.494379,
                55.52813729999999
              ],
              [
                37.49480299999999,
                55.527532099999995
              ],
              [
                37.4950696,
                55.52760339999999
              ],
              [
                37.4962723,
                55.527389599999985
              ],
              [
                37.4967591,
                55.5271994
              ],
              [
                37.49731169999999,
                55.527308899999994
              ],
              [
                37.497521299999995,
                55.52682839999999
              ],
              [
                37.4977189,
                55.5267656
              ],
              [
                37.49790469999999,
                55.5269294
              ],
              [
                37.4981774,
                55.5268285
              ],
              [
                37.498358399999994,
                55.5269245
              ],
              [
                37.4986679,
                55.5267888
              ],
              [
                37.4991688,
                55.5267545
              ],
              [
                37.5019197,
                55.527684199999996
              ],
              [
                37.50229769999999,
                55.52760790000001
              ],
              [
                37.502223799999996,
                55.5270756
              ],
              [
                37.502579399999995,
                55.526913999999984
              ],
              [
                37.5025317,
                55.5266753
              ],
              [
                37.5028845,
                55.52673730000001
              ],
              [
                37.503069499999995,
                55.52694709999999
              ],
              [
                37.5033177,
                55.5269621
              ],
              [
                37.5034134,
                55.526854099999994
              ],
              [
                37.5036729,
                55.526892700000005
              ],
              [
                37.5037986,
                55.526721099999996
              ],
              [
                37.5041282,
                55.5268588
              ],
              [
                37.50448109999999,
                55.5267416
              ],
              [
                37.50449569999999,
                55.5264095
              ],
              [
                37.5056018,
                55.526750999999976
              ],
              [
                37.5067542,
                55.52694949999999
              ],
              [
                37.5069331,
                55.5271171
              ],
              [
                37.5072615,
                55.52696399999999
              ],
              [
                37.5073969,
                55.5271102
              ],
              [
                37.5075787,
                55.5269243
              ],
              [
                37.507932499999995,
                55.526883199999986
              ],
              [
                37.5082003,
                55.527086700000005
              ],
              [
                37.50841119999999,
                55.52704399999999
              ],
              [
                37.508564,
                55.52683419999999
              ],
              [
                37.50894399999999,
                55.526917399999995
              ],
              [
                37.5094146,
                55.526754299999986
              ],
              [
                37.5097617,
                55.5269356
              ],
              [
                37.510028,
                55.52689569999999
              ],
              [
                37.5101081,
                55.52681439999999
              ],
              [
                37.509921399999996,
                55.5266562
              ],
              [
                37.5102671,
                55.52662980000001
              ],
              [
                37.5104543,
                55.5264815
              ],
              [
                37.511103799999994,
                55.52650659999998
              ],
              [
                37.51236039999999,
                55.5263246
              ],
              [
                37.5126784,
                55.52640149999999
              ],
              [
                37.5130957,
                55.52631530000001
              ],
              [
                37.5132556,
                55.5263957
              ],
              [
                37.5134767,
                55.5263558
              ],
              [
                37.513555,
                55.526208499999996
              ],
              [
                37.5143092,
                55.5262546
              ],
              [
                37.515880499999994,
                55.5259069
              ],
              [
                37.519368699999994,
                55.525496699999984
              ],
              [
                37.5194014,
                55.524994
              ],
              [
                37.5202022,
                55.5238681
              ],
              [
                37.5202854,
                55.52288919999999
              ],
              [
                37.5201236,
                55.52248439999999
              ],
              [
                37.52280989999999,
                55.521634199999994
              ],
              [
                37.5274982,
                55.5211929
              ],
              [
                37.5295791,
                55.520545199999994
              ],
              [
                37.5326508,
                55.518760199999996
              ],
              [
                37.5351234,
                55.5179618
              ],
              [
                37.534419,
                55.520075299999995
              ],
              [
                37.53436239999999,
                55.5218509
              ],
              [
                37.53454399999999,
                55.522819099999985
              ],
              [
                37.5353177,
                55.524400699999994
              ],
              [
                37.5360308,
                55.52532149999999
              ],
              [
                37.537966999999995,
                55.52693849999999
              ],
              [
                37.54029609999999,
                55.52816839999999
              ],
              [
                37.54261029999999,
                55.529038499999984
              ],
              [
                37.54365800000001,
                55.5293622
              ],
              [
                37.5456205,
                55.52976659999999
              ],
              [
                37.54927059999999,
                55.5300782
              ],
              [
                37.5524825,
                55.529955199999996
              ],
              [
                37.5538239,
                55.52975639999999
              ],
              [
                37.556465599999996,
                55.529186499999994
              ],
              [
                37.55937999999999,
                55.52814209999999
              ],
              [
                37.560847599999995,
                55.5273329
              ],
              [
                37.56232409999999,
                55.52627700000001
              ],
              [
                37.5633054,
                55.52531179999999
              ],
              [
                37.564203,
                55.5240451
              ],
              [
                37.564958,
                55.52201459999999
              ],
              [
                37.56480109999999,
                55.52060680000001
              ],
              [
                37.564099199999994,
                55.51849479999999
              ],
              [
                37.5647788,
                55.51841099999999
              ],
              [
                37.5653604,
                55.52043669999999
              ],
              [
                37.56687509999999,
                55.5202911
              ],
              [
                37.56617889999999,
                55.517080599999986
              ],
              [
                37.5676921,
                55.516683999999984
              ],
              [
                37.5771272,
                55.5172033
              ],
              [
                37.58032209999999,
                55.52776029999999
              ],
              [
                37.58071999999999,
                55.5277172
              ],
              [
                37.5822123,
                55.5316397
              ],
              [
                37.5839151,
                55.5371993
              ],
              [
                37.5833174,
                55.53786159999999
              ],
              [
                37.58544499999999,
                55.5453421
              ],
              [
                37.5859327,
                55.54626189999999
              ],
              [
                37.58714549999999,
                55.5502236
              ],
              [
                37.58811889999999,
                55.552732799999994
              ],
              [
                37.5882062,
                55.553690999999986
              ],
              [
                37.5893029,
                55.5571995
              ],
              [
                37.57739529999999,
                55.54910879999999
              ],
              [
                37.5758594,
                55.549812
              ],
              [
                37.575950999999996,
                55.5518488
              ],
              [
                37.5756773,
                55.552360699999994
              ],
              [
                37.5738918,
                55.55353579999999
              ],
              [
                37.5721962,
                55.554024799999986
              ],
              [
                37.5705136,
                55.554278499999995
              ],
              [
                37.5691507,
                55.554268
              ],
              [
                37.559989,
                55.55380649999999
              ],
              [
                37.55945,
                55.55581889999999
              ],
              [
                37.559676,
                55.5564434
              ],
              [
                37.559953,
                55.55667759999999
              ],
              [
                37.5599731,
                55.5570905
              ],
              [
                37.560371399999994,
                55.55716329999999
              ],
              [
                37.56043069999999,
                55.55781729999999
              ],
              [
                37.5594411,
                55.5595399
              ],
              [
                37.5586492,
                55.560406199999996
              ],
              [
                37.5579476,
                55.560302799999995
              ],
              [
                37.5554162,
                55.559360700000006
              ],
              [
                37.5542632,
                55.559492199999994
              ],
              [
                37.552968699999994,
                55.5562265
              ],
              [
                37.5521474,
                55.55486899999998
              ],
              [
                37.5494658,
                55.554131399999996
              ],
              [
                37.5488225,
                55.552625899999995
              ],
              [
                37.544878,
                55.55202
              ],
              [
                37.5365076,
                55.55367209999999
              ],
              [
                37.52918809999999,
                55.55524549999999
              ],
              [
                37.528579,
                55.554864699999996
              ],
              [
                37.5181868,
                55.5503233
              ],
              [
                37.5144961,
                55.54850499999999
              ],
              [
                37.51111499999999,
                55.544985999999994
              ],
              [
                37.5077676,
                55.5429454
              ],
              [
                37.49467649999999,
                55.5400015
              ],
              [
                37.4934494,
                55.539645799999995
              ],
              [
                37.4910662,
                55.53953169999999
              ],
              [
                37.4887675,
                55.5396281
              ],
              [
                37.4878655,
                55.5397681
              ],
              [
                37.48774809999999,
                55.5400867
              ],
              [
                37.487480399999995,
                55.54009200000001
              ],
              [
                37.48746729999999,
                55.5399085
              ],
              [
                37.4861751,
                55.539792999999996
              ],
              [
                37.47551649999999,
                55.5372951
              ],
              [
                37.475708999999995,
                55.5353874
              ],
              [
                37.47268119999999,
                55.534910899999986
              ],
              [
                37.47261759999999,
                55.5345989
              ],
              [
                37.47018979999999,
                55.534052099999975
              ]
            ]
          ]
        ]
      }
    },
    {
      "type": "Feature",
      "properties": {
        "id": 1257455,
        "level": "district",
        "name_ru": "район Северное Бутово",
        "parent_id": 1304596,
        "bbox": [
          37.53684619999999,
          55.54910879999999,
          37.60357669999999,
          55.58699429999999
        ]
      },
      "geometry": {
        "type": "MultiPolygon",
        "coordinates": [
          [
            [
              [
                37.5447308,
                55.57018119999999
              ],
              [
                37.5461161,
                55.5699389
              ],
              [
                37.5469486,
                55.57044869999999
              ],
              [
                37.5475033,
                55.570399599999995
              ],
              [
                37.54887829999999,
                55.56993789999999
              ],
              [
                37.5478851,
                55.568923299999994
              ],
              [
                37.550135,
                55.568316499999995
              ],
              [
                37.5534945,
                55.567624499999994
              ],
              [
                37.5534487,
                55.5649232
              ],
              [
                37.55315749999999,
                55.56405969999999
              ],
              [
                37.5525068,
                55.5636521
              ],
              [
                37.5517352,
                55.56351829999999
              ],
              [
                37.55058739999999,
                55.56360349999999
              ],
              [
                37.5503542,
                55.56292869999999
              ],
              [
                37.55201219999999,
                55.561846
              ],
              [
                37.554799,
                55.5614779
              ],
              [
                37.5542632,
                55.559492199999994
              ],
              [
                37.5554162,
                55.559360700000006
              ],
              [
                37.5579476,
                55.560302799999995
              ],
              [
                37.5586492,
                55.560406199999996
              ],
              [
                37.5594411,
                55.5595399
              ],
              [
                37.56043069999999,
                55.55781729999999
              ],
              [
                37.560371399999994,
                55.55716329999999
              ],
              [
                37.5599731,
                55.5570905
              ],
              [
                37.559953,
                55.55667759999999
              ],
              [
                37.559676,
                55.5564434
              ],
              [
                37.55945,
                55.55581889999999
              ],
              [
                37.559989,
                55.55380649999999
              ],
              [
                37.5691507,
                55.554268
              ],
              [
                37.5705136,
                55.554278499999995
              ],
              [
                37.5721962,
                55.554024799999986
              ],
              [
                37.5738918,
                55.55353579999999
              ],
              [
                37.5756773,
                55.552360699999994
              ],
              [
                37.575950999999996,
                55.5518488
              ],
              [
                37.5758594,
                55.549812
              ],
              [
                37.57739529999999,
                55.54910879999999
              ],
              [
                37.5893029,
                55.5571995
              ],
              [
                37.589454,
                55.55768299999998
              ],
              [
                37.5942413,
                55.560876199999996
              ],
              [
                37.59552759999999,
                55.56148329999999
              ],
              [
                37.5988327,
                55.56272449999999
              ],
              [
                37.6009257,
                55.5633246
              ],
              [
                37.60357669999999,
                55.56459159999999
              ],
              [
                37.6022876,
                55.56637269999999
              ],
              [
                37.598397,
                55.5666055
              ],
              [
                37.5974676,
                55.5668718
              ],
              [
                37.59755320000001,
                55.5678882
              ],
              [
                37.59719629999999,
                55.56908309999999
              ],
              [
                37.5922404,
                55.575399899999994
              ],
              [
                37.5915216,
                55.57607599999999
              ],
              [
                37.5900931,
                55.57689569999999
              ],
              [
                37.572939899999994,
                55.580966899999986
              ],
              [
                37.57382979999999,
                55.58187609999999
              ],
              [
                37.5735156,
                55.5823023
              ],
              [
                37.5727265,
                55.5823663
              ],
              [
                37.5706579,
                55.58188
              ],
              [
                37.56955039999999,
                55.581807199999986
              ],
              [
                37.547840900000004,
                55.58699429999999
              ],
              [
                37.54567130000001,
                55.585582599999995
              ],
              [
                37.54575710000001,
                55.58540769999999
              ],
              [
                37.5454146,
                55.584939799999994
              ],
              [
                37.545911499999995,
                55.5848254
              ],
              [
                37.546139399999994,
                55.584584799999995
              ],
              [
                37.5462463,
                55.58411219999999
              ],
              [
                37.547274599999994,
                55.583894799999996
              ],
              [
                37.5479889,
                55.5833942
              ],
              [
                37.5483947,
                55.5832147
              ],
              [
                37.54870530000001,
                55.583248999999995
              ],
              [
                37.5488349,
                55.58299729999999
              ],
              [
                37.5491709,
                55.5829504
              ],
              [
                37.54949669999999,
                55.5822502
              ],
              [
                37.549105299999994,
                55.582513099999986
              ],
              [
                37.5489921,
                55.58246489999999
              ],
              [
                37.54955089999999,
                55.5820858
              ],
              [
                37.5496407,
                55.581415099999994
              ],
              [
                37.5499878,
                55.58126200000001
              ],
              [
                37.5504209,
                55.580659299999986
              ],
              [
                37.5506603,
                55.580649699999995
              ],
              [
                37.5511787,
                55.58032129999999
              ],
              [
                37.5479303,
                55.578997
              ],
              [
                37.545742,
                55.57835730000001
              ],
              [
                37.544251599999996,
                55.5785155
              ],
              [
                37.5429333,
                55.5784362
              ],
              [
                37.541901599999996,
                55.578553499999984
              ],
              [
                37.540912999999996,
                55.5788372
              ],
              [
                37.540787699999996,
                55.57905449999999
              ],
              [
                37.5410234,
                55.5792324
              ],
              [
                37.5386505,
                55.57955979999999
              ],
              [
                37.53684619999999,
                55.577289
              ],
              [
                37.53929639999999,
                55.576720299999984
              ],
              [
                37.5387246,
                55.5759206
              ],
              [
                37.539947,
                55.576043199999994
              ],
              [
                37.5395031,
                55.5744015
              ],
              [
                37.5395423,
                55.573263
              ],
              [
                37.53691109999999,
                55.57315199999999
              ],
              [
                37.5372358,
                55.5723867
              ],
              [
                37.5389077,
                55.5722054
              ],
              [
                37.54031989999999,
                55.5716706
              ],
              [
                37.54068629999999,
                55.57112729999999
              ],
              [
                37.54367899999999,
                55.57075269999999
              ],
              [
                37.5447308,
                55.57018119999999
              ]
            ]
          ]
        ]
      }
    },
    {
      "type": "Feature",
      "properties": {
        "id": 1257472,
        "level": "district",
        "name_ru": "Можайский район",
        "parent_id": 226149,
        "bbox": [
          37.3262279,
          55.67629889999999,
          37.45496179999999,
          55.729920899999996
        ]
      },
      "geometry": {
        "type": "MultiPolygon",
        "coordinates": [
          [
            [
              [
                37.3262279,
                55.682759999999995
              ],
              [
                37.32915940000001,
                55.6819169
              ],
              [
                37.3295949,
                55.68188399999998
              ],
              [
                37.3299632,
                55.68164789999999
              ],
              [
                37.3311843,
                55.68132469999999
              ],
              [
                37.3312805,
                55.6814171
              ],
              [
                37.3333559,
                55.68067899999999
              ],
              [
                37.3336914,
                55.68042449999999
              ],
              [
                37.3460859,
                55.67629889999999
              ],
              [
                37.3489862,
                55.678562
              ],
              [
                37.3542991,
                55.6763211
              ],
              [
                37.3574845,
                55.67924319999998
              ],
              [
                37.3580956,
                55.6790776
              ],
              [
                37.3611,
                55.6820978
              ],
              [
                37.3550715,
                55.68552319999999
              ],
              [
                37.3556746,
                55.6861406
              ],
              [
                37.3566586,
                55.68770629999999
              ],
              [
                37.3558015,
                55.6874558
              ],
              [
                37.35624589999999,
                55.6886278
              ],
              [
                37.3567062,
                55.6893346
              ],
              [
                37.3567538,
                55.68996080000001
              ],
              [
                37.357261699999995,
                55.69040809999999
              ],
              [
                37.357973,
                55.6917385
              ],
              [
                37.3592205,
                55.69137959999999
              ],
              [
                37.359125799999994,
                55.69093749999998
              ],
              [
                37.3610831,
                55.6900911
              ],
              [
                37.361096,
                55.689988199999995
              ],
              [
                37.3596676,
                55.6890355
              ],
              [
                37.363950800000005,
                55.687769399999986
              ],
              [
                37.3643424,
                55.68821659999999
              ],
              [
                37.3626871,
                55.688776399999995
              ],
              [
                37.3633645,
                55.689963899999995
              ],
              [
                37.3643209,
                55.69069149999999
              ],
              [
                37.36536439999999,
                55.6902529
              ],
              [
                37.36606919999999,
                55.69010319999999
              ],
              [
                37.3666553,
                55.6907832
              ],
              [
                37.3679036,
                55.6917278
              ],
              [
                37.372857999999994,
                55.69106649999999
              ],
              [
                37.37150199999999,
                55.69004009999999
              ],
              [
                37.3748651,
                55.6889363
              ],
              [
                37.3771988,
                55.6906146
              ],
              [
                37.3810709,
                55.692636099999994
              ],
              [
                37.38133409999999,
                55.692470799999995
              ],
              [
                37.3828033,
                55.693221699999995
              ],
              [
                37.38337539999999,
                55.6932199
              ],
              [
                37.383496599999994,
                55.69307940000001
              ],
              [
                37.383693199999996,
                55.69307259999999
              ],
              [
                37.38413839999999,
                55.693826099999995
              ],
              [
                37.3901959,
                55.69677589999999
              ],
              [
                37.3936964,
                55.69481309999998
              ],
              [
                37.3941394,
                55.69515919999999
              ],
              [
                37.39409069999999,
                55.69578739999999
              ],
              [
                37.3943217,
                55.6963587
              ],
              [
                37.3954737,
                55.6965981
              ],
              [
                37.3966154,
                55.696523
              ],
              [
                37.3961619,
                55.69781719999999
              ],
              [
                37.39581199999999,
                55.6983311
              ],
              [
                37.39508299999999,
                55.698922499999995
              ],
              [
                37.3952772,
                55.69899809999999
              ],
              [
                37.3961249,
                55.69821559999999
              ],
              [
                37.3968641,
                55.6965214
              ],
              [
                37.397246300000006,
                55.6965515
              ],
              [
                37.3975527,
                55.696670700000006
              ],
              [
                37.397908,
                55.697122
              ],
              [
                37.3983354,
                55.697371899999986
              ],
              [
                37.4008323,
                55.6979391
              ],
              [
                37.4022826,
                55.69892269999999
              ],
              [
                37.4030644,
                55.69929119999999
              ],
              [
                37.403602299999996,
                55.699366000000005
              ],
              [
                37.403831100000005,
                55.69950349999999
              ],
              [
                37.4040938,
                55.699482499999995
              ],
              [
                37.4056495,
                55.700247499999996
              ],
              [
                37.4059676,
                55.7007091
              ],
              [
                37.4056276,
                55.701558799999994
              ],
              [
                37.4054088,
                55.70176730000001
              ],
              [
                37.404616,
                55.7020733
              ],
              [
                37.4043728,
                55.70249569999999
              ],
              [
                37.4044611,
                55.70267749999999
              ],
              [
                37.4080196,
                55.7044343
              ],
              [
                37.4108467,
                55.7062357
              ],
              [
                37.4119535,
                55.706712100000004
              ],
              [
                37.412021100000004,
                55.70756759999999
              ],
              [
                37.4196314,
                55.70468009999999
              ],
              [
                37.420495,
                55.70455199999999
              ],
              [
                37.42127969999999,
                55.7080662
              ],
              [
                37.42394949999999,
                55.7071225
              ],
              [
                37.42404549999999,
                55.7069938
              ],
              [
                37.4305886,
                55.7041643
              ],
              [
                37.43336849999999,
                55.70449459999999
              ],
              [
                37.43551819999999,
                55.705738299999986
              ],
              [
                37.44451110000001,
                55.70612229999999
              ],
              [
                37.44786980000001,
                55.70700970000001
              ],
              [
                37.4487234,
                55.7094928
              ],
              [
                37.45496179999999,
                55.70910359999999
              ],
              [
                37.4543739,
                55.711398599999995
              ],
              [
                37.4476114,
                55.726911199999996
              ],
              [
                37.440094,
                55.72680909999999
              ],
              [
                37.4128741,
                55.7270669
              ],
              [
                37.3937499,
                55.7296279
              ],
              [
                37.39085380000001,
                55.729920899999996
              ],
              [
                37.3888771,
                55.729884599999984
              ],
              [
                37.387254299999995,
                55.7297079
              ],
              [
                37.3835869,
                55.7289426
              ],
              [
                37.381908900000006,
                55.72870399999999
              ],
              [
                37.3797597,
                55.7287091
              ],
              [
                37.3772042,
                55.7290798
              ],
              [
                37.3792684,
                55.7250186
              ],
              [
                37.3792148,
                55.72419489999999
              ],
              [
                37.3788459,
                55.72381499999999
              ],
              [
                37.37847829999999,
                55.723752499999996
              ],
              [
                37.37845399999999,
                55.72333839999999
              ],
              [
                37.3793277,
                55.7229619
              ],
              [
                37.381123499999994,
                55.72138339999999
              ],
              [
                37.38430989999999,
                55.715165899999995
              ],
              [
                37.3837149,
                55.71444749999999
              ],
              [
                37.382223399999994,
                55.71343389999999
              ],
              [
                37.381352,
                55.713094299999995
              ],
              [
                37.381562300000006,
                55.712603300000005
              ],
              [
                37.3826351,
                55.7126392
              ],
              [
                37.3854092,
                55.7117403
              ],
              [
                37.38666099999999,
                55.7111475
              ],
              [
                37.3897062,
                55.7081228
              ],
              [
                37.3924774,
                55.70591929999998
              ],
              [
                37.387941299999994,
                55.7043201
              ],
              [
                37.3885622,
                55.703556199999994
              ],
              [
                37.388239299999995,
                55.7032332
              ],
              [
                37.39048369999999,
                55.70243649999999
              ],
              [
                37.388645800000006,
                55.7007934
              ],
              [
                37.3921625,
                55.69842319999999
              ],
              [
                37.389829799999994,
                55.69694919999999
              ],
              [
                37.3878858,
                55.69810449999999
              ],
              [
                37.3854471,
                55.69696909999999
              ],
              [
                37.382014,
                55.69853669999999
              ],
              [
                37.37903419999999,
                55.69731269999999
              ],
              [
                37.3795116,
                55.696922699999995
              ],
              [
                37.3791575,
                55.69675039999999
              ],
              [
                37.378658599999994,
                55.697125299999996
              ],
              [
                37.3781937,
                55.69684329999999
              ],
              [
                37.37761089999999,
                55.70425459999999
              ],
              [
                37.3774809,
                55.709397199999984
              ],
              [
                37.3767396,
                55.710674299999994
              ],
              [
                37.376059999999995,
                55.710720099999996
              ],
              [
                37.37546689999999,
                55.7114978
              ],
              [
                37.3718947,
                55.710955599999984
              ],
              [
                37.36944449999999,
                55.71036329999999
              ],
              [
                37.3644213,
                55.70890469999999
              ],
              [
                37.365192699999994,
                55.7080444
              ],
              [
                37.3675067,
                55.70797179999999
              ],
              [
                37.3675802,
                55.7082587
              ],
              [
                37.3683517,
                55.70822299999999
              ],
              [
                37.3684833,
                55.70853989999999
              ],
              [
                37.369347399999995,
                55.70849509999999
              ],
              [
                37.3690857,
                55.70741149999999
              ],
              [
                37.3682256,
                55.7074588
              ],
              [
                37.36615509999999,
                55.70700349999999
              ],
              [
                37.36800759999999,
                55.7045431
              ],
              [
                37.368481,
                55.703689899999986
              ],
              [
                37.3704149,
                55.7041782
              ],
              [
                37.3709402,
                55.70369249999999
              ],
              [
                37.36878219999999,
                55.703176999999975
              ],
              [
                37.3686399,
                55.703477
              ],
              [
                37.36774,
                55.7032986
              ],
              [
                37.367951399999995,
                55.7026652
              ],
              [
                37.369005,
                55.70276119999999
              ],
              [
                37.3691059,
                55.702474999999986
              ],
              [
                37.3668194,
                55.70212909999999
              ],
              [
                37.3664989,
                55.703085099999996
              ],
              [
                37.36591399999999,
                55.7029208
              ],
              [
                37.3656043,
                55.702050899999996
              ],
              [
                37.3652691,
                55.7018604
              ],
              [
                37.3646683,
                55.70186199999999
              ],
              [
                37.3655936,
                55.70131790000001
              ],
              [
                37.365595,
                55.7009431
              ],
              [
                37.364439,
                55.7008773
              ],
              [
                37.3637315,
                55.701351499999994
              ],
              [
                37.3634392,
                55.70162959999999
              ],
              [
                37.3634412,
                55.7018211
              ],
              [
                37.3633127,
                55.7018251
              ],
              [
                37.3633195,
                55.7007325
              ],
              [
                37.3573203,
                55.700548899999994
              ],
              [
                37.357435499999994,
                55.69952349999999
              ],
              [
                37.355769,
                55.699460099999996
              ],
              [
                37.35563019999999,
                55.7005218
              ],
              [
                37.3533615,
                55.70045029999999
              ],
              [
                37.3531138,
                55.7017954
              ],
              [
                37.3541338,
                55.702340099999994
              ],
              [
                37.353968,
                55.7031365
              ],
              [
                37.3563797,
                55.70460229999999
              ],
              [
                37.3560893,
                55.7047715
              ],
              [
                37.3514621,
                55.7022513
              ],
              [
                37.3514358,
                55.70187430000001
              ],
              [
                37.3516525,
                55.7018744
              ],
              [
                37.3518141,
                55.70016579999999
              ],
              [
                37.347376,
                55.69764929999999
              ],
              [
                37.34496519999999,
                55.6983969
              ],
              [
                37.344568499999994,
                55.6969048
              ],
              [
                37.3438154,
                55.6961412
              ],
              [
                37.3429431,
                55.6946987
              ],
              [
                37.3423737,
                55.6932191
              ],
              [
                37.34235159999999,
                55.6925536
              ],
              [
                37.3439443,
                55.69059409999999
              ],
              [
                37.3437926,
                55.6901985
              ],
              [
                37.34403639999999,
                55.68943549999999
              ],
              [
                37.3438553,
                55.689222499999985
              ],
              [
                37.3423024,
                55.68908759999999
              ],
              [
                37.3424181,
                55.68872169999999
              ],
              [
                37.3397625,
                55.6881671
              ],
              [
                37.33973309999999,
                55.68796449999999
              ],
              [
                37.3393663,
                55.68775360000001
              ],
              [
                37.3394208,
                55.6873443
              ],
              [
                37.338542399999994,
                55.68728819999999
              ],
              [
                37.33881389999999,
                55.687639499999996
              ],
              [
                37.3387602,
                55.688654099999994
              ],
              [
                37.33785989999999,
                55.69014979999999
              ],
              [
                37.338699999999996,
                55.691365099999985
              ],
              [
                37.3386913,
                55.692567399999994
              ],
              [
                37.337969599999994,
                55.693372999999994
              ],
              [
                37.3376329,
                55.693515599999984
              ],
              [
                37.33065299999999,
                55.68707259999999
              ],
              [
                37.3307451,
                55.68704079999999
              ],
              [
                37.3294276,
                55.6857865
              ],
              [
                37.3339095,
                55.68419999999999
              ],
              [
                37.333953699999995,
                55.68393669999998
              ],
              [
                37.3336066,
                55.683228599999985
              ],
              [
                37.3348231,
                55.682553299999995
              ],
              [
                37.3348271,
                55.682452899999994
              ],
              [
                37.3341064,
                55.68204779999999
              ],
              [
                37.3325117,
                55.68294079999999
              ],
              [
                37.3309701,
                55.681553099999995
              ],
              [
                37.32687109999999,
                55.68296310000001
              ],
              [
                37.328424899999995,
                55.6842655
              ],
              [
                37.328588499999995,
                55.6842783
              ],
              [
                37.3298214,
                55.68544259999998
              ],
              [
                37.3292925,
                55.68565259999999
              ],
              [
                37.3262279,
                55.682759999999995
              ]
            ]
          ]
        ]
      }
    },
    {
      "type": "Feature",
      "properties": {
        "id": 1257484,
        "level": "district",
        "name_ru": "район Арбат",
        "parent_id": 2162196,
        "bbox": [
          37.5720599,
          55.74375179999999,
          37.6122435,
          55.7581108
        ]
      },
      "geometry": {
        "type": "MultiPolygon",
        "coordinates": [
          [
            [
              [
                37.5720599,
                55.7520197
              ],
              [
                37.5730331,
                55.751472
              ],
              [
                37.5740201,
                55.7503369
              ],
              [
                37.5744922,
                55.748863500000006
              ],
              [
                37.57444929999999,
                55.74632729999999
              ],
              [
                37.5741284,
                55.745430999999996
              ],
              [
                37.5768779,
                55.7455197
              ],
              [
                37.579391799999996,
                55.74582910000001
              ],
              [
                37.58233499999999,
                55.745409699999996
              ],
              [
                37.5830409,
                55.7454913
              ],
              [
                37.58379899999999,
                55.74375179999999
              ],
              [
                37.5874233,
                55.744098
              ],
              [
                37.5858125,
                55.74630410000001
              ],
              [
                37.58766839999999,
                55.746783699999995
              ],
              [
                37.5958163,
                55.747650300000004
              ],
              [
                37.599339799999996,
                55.7470712
              ],
              [
                37.5997189,
                55.748891699999994
              ],
              [
                37.6029388,
                55.74860449999999
              ],
              [
                37.604291999999994,
                55.75039619999999
              ],
              [
                37.6086213,
                55.749173299999995
              ],
              [
                37.6088812,
                55.749210500000004
              ],
              [
                37.6105426,
                55.7519521
              ],
              [
                37.6111999,
                55.7526507
              ],
              [
                37.6122435,
                55.7545607
              ],
              [
                37.6073565,
                55.7561042
              ],
              [
                37.6065619,
                55.755162599999984
              ],
              [
                37.606006,
                55.75400229999999
              ],
              [
                37.6040621,
                55.75417849999999
              ],
              [
                37.6022721,
                55.753597299999996
              ],
              [
                37.6023069,
                55.753790499999994
              ],
              [
                37.6013066,
                55.753747499999996
              ],
              [
                37.60029459999999,
                55.7539996
              ],
              [
                37.5994282,
                55.75404009999999
              ],
              [
                37.5991326,
                55.754237100000005
              ],
              [
                37.5973007,
                55.754619600000005
              ],
              [
                37.589539,
                55.7567047
              ],
              [
                37.5892,
                55.756382099999996
              ],
              [
                37.5850108,
                55.758051
              ],
              [
                37.5844558,
                55.7581108
              ],
              [
                37.583832799999996,
                55.7552616
              ],
              [
                37.576775999999995,
                55.75521859999999
              ],
              [
                37.57454309999999,
                55.7529513
              ],
              [
                37.57396049999999,
                55.75256009999999
              ],
              [
                37.5720599,
                55.7520197
              ]
            ]
          ]
        ]
      }
    },
    {
      "type": "Feature",
      "properties": {
        "id": 1257786,
        "level": "district",
        "name_ru": "Тверской район",
        "parent_id": 2162196,
        "bbox": [
          37.57523259999999,
          55.746766,
          37.63491119999999,
          55.79263659999999
        ]
      },
      "geometry": {
        "type": "MultiPolygon",
        "coordinates": [
          [
            [
              [
                37.57523259999999,
                55.7755208
              ],
              [
                37.5762249,
                55.773751
              ],
              [
                37.57641269999999,
                55.77378409999999
              ],
              [
                37.5771105,
                55.773159099999994
              ],
              [
                37.58331509999999,
                55.775255699999995
              ],
              [
                37.5943341,
                55.76877579999999
              ],
              [
                37.5943498,
                55.76861439999999
              ],
              [
                37.5953901,
                55.7679702
              ],
              [
                37.595749,
                55.768170299999994
              ],
              [
                37.5967437,
                55.7676577
              ],
              [
                37.5957508,
                55.767058399999996
              ],
              [
                37.5947449,
                55.76666730000001
              ],
              [
                37.5949842,
                55.76643809999999
              ],
              [
                37.5958317,
                55.766371
              ],
              [
                37.59890719999999,
                55.7642837
              ],
              [
                37.6006151,
                55.764868899999996
              ],
              [
                37.60421889999999,
                55.763184800000005
              ],
              [
                37.60369349999999,
                55.762649399999994
              ],
              [
                37.6044373,
                55.7624266
              ],
              [
                37.6045169,
                55.76249769999999
              ],
              [
                37.6062123,
                55.761265299999984
              ],
              [
                37.6056413,
                55.76088599999999
              ],
              [
                37.60661,
                55.7603821
              ],
              [
                37.6067855,
                55.7605307
              ],
              [
                37.6075656,
                55.760089799999996
              ],
              [
                37.60946539999999,
                55.7586145
              ],
              [
                37.60927029999999,
                55.75850169999999
              ],
              [
                37.60976039999999,
                55.758325499999984
              ],
              [
                37.6069962,
                55.7562189
              ],
              [
                37.6122435,
                55.7545607
              ],
              [
                37.6111999,
                55.7526507
              ],
              [
                37.6105426,
                55.7519521
              ],
              [
                37.6088003,
                55.7491855
              ],
              [
                37.610612,
                55.74863619999999
              ],
              [
                37.612196899999994,
                55.746766
              ],
              [
                37.6145108,
                55.747541899999995
              ],
              [
                37.6169773,
                55.7481844
              ],
              [
                37.6213552,
                55.748824799999994
              ],
              [
                37.6240826,
                55.7490423
              ],
              [
                37.6283133,
                55.7492168
              ],
              [
                37.6298261,
                55.74915029999998
              ],
              [
                37.6320746,
                55.74888399999999
              ],
              [
                37.6334873,
                55.753457299999994
              ],
              [
                37.634841,
                55.753801499999994
              ],
              [
                37.63491119999999,
                55.75398829999999
              ],
              [
                37.6340854,
                55.7550788
              ],
              [
                37.6313541,
                55.7572653
              ],
              [
                37.6301168,
                55.75793560000001
              ],
              [
                37.627867599999995,
                55.759522999999994
              ],
              [
                37.6288346,
                55.7598288
              ],
              [
                37.627811599999994,
                55.75992169999999
              ],
              [
                37.62668779999999,
                55.760454
              ],
              [
                37.6261669,
                55.75987549999999
              ],
              [
                37.6258162,
                55.75972809999998
              ],
              [
                37.620909,
                55.75899119999999
              ],
              [
                37.62143859999999,
                55.75923809999999
              ],
              [
                37.6201521,
                55.761716
              ],
              [
                37.6199657,
                55.7647054
              ],
              [
                37.620202299999995,
                55.7651615
              ],
              [
                37.61989629999999,
                55.7652602
              ],
              [
                37.6214026,
                55.766902699999996
              ],
              [
                37.62110619999999,
                55.76742079999999
              ],
              [
                37.6210177,
                55.7733223
              ],
              [
                37.6206914,
                55.77368399999999
              ],
              [
                37.6189362,
                55.7736414
              ],
              [
                37.6185224,
                55.77641789999999
              ],
              [
                37.617078799999994,
                55.78024869999999
              ],
              [
                37.6149324,
                55.7815912
              ],
              [
                37.614909499999996,
                55.78177089999999
              ],
              [
                37.6153273,
                55.7822546
              ],
              [
                37.6147343,
                55.7819641
              ],
              [
                37.6142305,
                55.78195970000001
              ],
              [
                37.6067507,
                55.7844089
              ],
              [
                37.604608299999995,
                55.78531169999999
              ],
              [
                37.60171989999999,
                55.7851689
              ],
              [
                37.6006396,
                55.78780179999999
              ],
              [
                37.5992958,
                55.7924817
              ],
              [
                37.5958899,
                55.7922257
              ],
              [
                37.5933114,
                55.7924291
              ],
              [
                37.5893281,
                55.7924067
              ],
              [
                37.5877997,
                55.79263659999999
              ],
              [
                37.5886333,
                55.7920566
              ],
              [
                37.587869,
                55.7897054
              ],
              [
                37.5870652,
                55.786052999999995
              ],
              [
                37.5860669,
                55.782700500000004
              ],
              [
                37.58544369999999,
                55.78101519999998
              ],
              [
                37.584792699999994,
                55.779866399999996
              ],
              [
                37.5832531,
                55.77870539999999
              ],
              [
                37.5814517,
                55.7776162
              ],
              [
                37.58025359999999,
                55.7770469
              ],
              [
                37.57746,
                55.7759403
              ],
              [
                37.57523259999999,
                55.7755208
              ]
            ]
          ]
        ]
      }
    },
    {
      "type": "Feature",
      "properties": {
        "id": 1275551,
        "level": "district",
        "name_ru": "Пресненский район",
        "parent_id": 2162196,
        "bbox": [
          37.5139298,
          55.74439629999999,
          37.60976039999999,
          55.7755208
        ]
      },
      "geometry": {
        "type": "MultiPolygon",
        "coordinates": [
          [
            [
              [
                37.5139298,
                55.75842190000001
              ],
              [
                37.51629899999999,
                55.75683339999999
              ],
              [
                37.517672299999994,
                55.75463579999999
              ],
              [
                37.51850269999999,
                55.75258459999999
              ],
              [
                37.5202286,
                55.75002219999999
              ],
              [
                37.5220496,
                55.74758340000001
              ],
              [
                37.5236375,
                55.74632729999999
              ],
              [
                37.525568699999994,
                55.74533689999999
              ],
              [
                37.52797199999999,
                55.7446122
              ],
              [
                37.532404199999995,
                55.74439629999999
              ],
              [
                37.53648770000001,
                55.7446449
              ],
              [
                37.5403745,
                55.74545769999999
              ],
              [
                37.54355019999999,
                55.74652050000001
              ],
              [
                37.554535200000004,
                55.7514364
              ],
              [
                37.557561699999994,
                55.7523904
              ],
              [
                37.56017829999999,
                55.7530784
              ],
              [
                37.56402080000001,
                55.7535974
              ],
              [
                37.5678832,
                55.753355799999994
              ],
              [
                37.5708015,
                55.75272789999999
              ],
              [
                37.5720599,
                55.7520197
              ],
              [
                37.57396049999999,
                55.75256009999999
              ],
              [
                37.57454309999999,
                55.7529513
              ],
              [
                37.576775999999995,
                55.75521859999999
              ],
              [
                37.583832799999996,
                55.7552616
              ],
              [
                37.5844558,
                55.7581108
              ],
              [
                37.5850108,
                55.758051
              ],
              [
                37.5892,
                55.756382099999996
              ],
              [
                37.589539,
                55.7567047
              ],
              [
                37.5973007,
                55.754619600000005
              ],
              [
                37.5991326,
                55.754237100000005
              ],
              [
                37.5994282,
                55.75404009999999
              ],
              [
                37.60029459999999,
                55.7539996
              ],
              [
                37.6013066,
                55.753747499999996
              ],
              [
                37.6023069,
                55.753790499999994
              ],
              [
                37.6022721,
                55.753597299999996
              ],
              [
                37.6040621,
                55.75417849999999
              ],
              [
                37.606006,
                55.75400229999999
              ],
              [
                37.6065619,
                55.755162599999984
              ],
              [
                37.6073565,
                55.7561042
              ],
              [
                37.6069962,
                55.7562189
              ],
              [
                37.60976039999999,
                55.758325499999984
              ],
              [
                37.60927029999999,
                55.75850169999999
              ],
              [
                37.60946539999999,
                55.7586145
              ],
              [
                37.6075656,
                55.760089799999996
              ],
              [
                37.6067855,
                55.7605307
              ],
              [
                37.60661,
                55.7603821
              ],
              [
                37.6056413,
                55.76088599999999
              ],
              [
                37.6062123,
                55.761265299999984
              ],
              [
                37.6045169,
                55.76249769999999
              ],
              [
                37.6044373,
                55.7624266
              ],
              [
                37.60369349999999,
                55.762649399999994
              ],
              [
                37.60421889999999,
                55.763184800000005
              ],
              [
                37.6006151,
                55.764868899999996
              ],
              [
                37.59890719999999,
                55.7642837
              ],
              [
                37.5958317,
                55.766371
              ],
              [
                37.5949842,
                55.76643809999999
              ],
              [
                37.5947449,
                55.76666730000001
              ],
              [
                37.5957508,
                55.767058399999996
              ],
              [
                37.5967437,
                55.7676577
              ],
              [
                37.595749,
                55.768170299999994
              ],
              [
                37.5953901,
                55.7679702
              ],
              [
                37.5943498,
                55.76861439999999
              ],
              [
                37.5943341,
                55.76877579999999
              ],
              [
                37.58331509999999,
                55.775255699999995
              ],
              [
                37.5771105,
                55.773159099999994
              ],
              [
                37.57641269999999,
                55.77378409999999
              ],
              [
                37.5762249,
                55.773751
              ],
              [
                37.57523259999999,
                55.7755208
              ],
              [
                37.57108019999999,
                55.775425799999994
              ],
              [
                37.55191659999999,
                55.7734083
              ],
              [
                37.5496059,
                55.7732177
              ],
              [
                37.544433999999995,
                55.772989
              ],
              [
                37.541863199999995,
                55.7724063
              ],
              [
                37.5405701,
                55.7719534
              ],
              [
                37.5389633,
                55.7711286
              ],
              [
                37.5371295,
                55.769760799999986
              ],
              [
                37.5366332,
                55.76906509999999
              ],
              [
                37.536061,
                55.7661039
              ],
              [
                37.5347649,
                55.7661935
              ],
              [
                37.5340363,
                55.76501069999998
              ],
              [
                37.5332853,
                55.76452100000001
              ],
              [
                37.5323326,
                55.76351749999999
              ],
              [
                37.531819299999995,
                55.7632157
              ],
              [
                37.5272829,
                55.76129530000001
              ],
              [
                37.52561229999999,
                55.7604868
              ],
              [
                37.5250671,
                55.760107999999995
              ],
              [
                37.5242852,
                55.7598459
              ],
              [
                37.5225622,
                55.76168839999998
              ],
              [
                37.5139298,
                55.75842190000001
              ]
            ]
          ]
        ]
      }
    },
    {
      "type": "Feature",
      "properties": {
        "id": 1275608,
        "level": "district",
        "name_ru": "Таганский район",
        "parent_id": 2162196,
        "bbox": [
          37.6320746,
          55.72582549999999,
          37.6998353,
          55.75475329999999
        ]
      },
      "geometry": {
        "type": "MultiPolygon",
        "coordinates": [
          [
            [
              [
                37.6320746,
                55.74888399999999
              ],
              [
                37.6341874,
                55.74842879999999
              ],
              [
                37.6377065,
                55.747365999999985
              ],
              [
                37.6392718,
                55.7465835
              ],
              [
                37.6413066,
                55.7450064
              ],
              [
                37.64487329999999,
                55.74113359999999
              ],
              [
                37.648017499999995,
                55.73495839999998
              ],
              [
                37.65049449999999,
                55.731275700000005
              ],
              [
                37.6542108,
                55.728821399999994
              ],
              [
                37.6557668,
                55.727623699999995
              ],
              [
                37.6567176,
                55.726372399999995
              ],
              [
                37.659889199999995,
                55.72667639999999
              ],
              [
                37.66312670000001,
                55.72675829999998
              ],
              [
                37.6627185,
                55.7276605
              ],
              [
                37.66069029999999,
                55.730703399999996
              ],
              [
                37.6644263,
                55.73146729999999
              ],
              [
                37.6658108,
                55.731635399999995
              ],
              [
                37.66624019999999,
                55.7315357
              ],
              [
                37.6674635,
                55.730863899999996
              ],
              [
                37.6705808,
                55.72582549999999
              ],
              [
                37.677733499999995,
                55.727355099999976
              ],
              [
                37.6789183,
                55.7282645
              ],
              [
                37.6805828,
                55.727683199999994
              ],
              [
                37.6804669,
                55.72840449999999
              ],
              [
                37.6815705,
                55.728472
              ],
              [
                37.6814418,
                55.7290399
              ],
              [
                37.68333,
                55.7291456
              ],
              [
                37.684102499999995,
                55.729583599999984
              ],
              [
                37.6840596,
                55.7300307
              ],
              [
                37.6858384,
                55.73011319999999
              ],
              [
                37.685409199999995,
                55.733041799999995
              ],
              [
                37.68689799999999,
                55.7324468
              ],
              [
                37.6881988,
                55.731772799999995
              ],
              [
                37.692157699999996,
                55.729540300000004
              ],
              [
                37.6930372,
                55.72929159999999
              ],
              [
                37.693700099999994,
                55.7293029
              ],
              [
                37.698200099999994,
                55.7352348
              ],
              [
                37.69886219999999,
                55.73643619999999
              ],
              [
                37.6998353,
                55.7363169
              ],
              [
                37.69708039999999,
                55.74079089999999
              ],
              [
                37.69615689999999,
                55.7417027
              ],
              [
                37.6952841,
                55.74231979999999
              ],
              [
                37.6923404,
                55.74386919999999
              ],
              [
                37.6848744,
                55.747307899999996
              ],
              [
                37.6824447,
                55.74827019999999
              ],
              [
                37.67981489999999,
                55.74893229999999
              ],
              [
                37.67310609999999,
                55.7500502
              ],
              [
                37.671052399999994,
                55.75055619999999
              ],
              [
                37.669784,
                55.7509997
              ],
              [
                37.668538999999996,
                55.751586999999994
              ],
              [
                37.6662121,
                55.75314959999999
              ],
              [
                37.6645721,
                55.7527505
              ],
              [
                37.6642273,
                55.752764
              ],
              [
                37.6632338,
                55.753923199999996
              ],
              [
                37.6624334,
                55.754223499999995
              ],
              [
                37.6610204,
                55.75445989999999
              ],
              [
                37.658275599999996,
                55.75472609999999
              ],
              [
                37.6564048,
                55.75475329999999
              ],
              [
                37.6544519,
                55.754409199999984
              ],
              [
                37.652622699999995,
                55.753580199999995
              ],
              [
                37.6504556,
                55.753125599999976
              ],
              [
                37.6492678,
                55.752977
              ],
              [
                37.6470059,
                55.75300969999999
              ],
              [
                37.64301449999999,
                55.752655499999996
              ],
              [
                37.638947099999996,
                55.7532362
              ],
              [
                37.6378707,
                55.75358490000001
              ],
              [
                37.6369656,
                55.75420429999999
              ],
              [
                37.63528680000001,
                55.753855099999996
              ],
              [
                37.63491119999999,
                55.75398829999999
              ],
              [
                37.634841,
                55.753801499999994
              ],
              [
                37.6334873,
                55.753457299999994
              ],
              [
                37.6320746,
                55.74888399999999
              ]
            ]
          ]
        ]
      }
    },
    {
      "type": "Feature",
      "properties": {
        "id": 1275627,
        "level": "district",
        "name_ru": "район Якиманка",
        "parent_id": 2162196,
        "bbox": [
          37.5776083,
          55.710992499999996,
          37.6263845,
          55.749084499999995
        ]
      },
      "geometry": {
        "type": "MultiPolygon",
        "coordinates": [
          [
            [
              [
                37.5776083,
                55.71420579999999
              ],
              [
                37.5821396,
                55.710992499999996
              ],
              [
                37.5827864,
                55.7112279
              ],
              [
                37.5839253,
                55.711013799999996
              ],
              [
                37.585232,
                55.7112481
              ],
              [
                37.585594,
                55.711091
              ],
              [
                37.58833609999999,
                55.71309589999999
              ],
              [
                37.5878737,
                55.7132951
              ],
              [
                37.5884454,
                55.71376279999999
              ],
              [
                37.5879384,
                55.71395309999999
              ],
              [
                37.5889792,
                55.71467539999999
              ],
              [
                37.5891755,
                55.714579099999995
              ],
              [
                37.5894204,
                55.71477019999999
              ],
              [
                37.58923729999999,
                55.714854499999994
              ],
              [
                37.5905037,
                55.71574559999999
              ],
              [
                37.5906915,
                55.71568659999999
              ],
              [
                37.591720699999996,
                55.7164483
              ],
              [
                37.5919057,
                55.71637909999999
              ],
              [
                37.5926713,
                55.7168706
              ],
              [
                37.5916661,
                55.7174589
              ],
              [
                37.5908118,
                55.71774649999999
              ],
              [
                37.590795099999994,
                55.717873
              ],
              [
                37.5921327,
                55.71882779999999
              ],
              [
                37.5922285,
                55.71942849999999
              ],
              [
                37.592714599999994,
                55.719686
              ],
              [
                37.5929726,
                55.71957509999999
              ],
              [
                37.5926185,
                55.7194059
              ],
              [
                37.59256489999999,
                55.719146
              ],
              [
                37.5940838,
                55.7183252
              ],
              [
                37.596855399999995,
                55.720130299999994
              ],
              [
                37.59723679999999,
                55.7199632
              ],
              [
                37.5974937,
                55.7201418
              ],
              [
                37.59812809999999,
                55.71984669999999
              ],
              [
                37.60030999999999,
                55.72130119999999
              ],
              [
                37.6093473,
                55.71952129999999
              ],
              [
                37.6100957,
                55.721426599999994
              ],
              [
                37.6143041,
                55.7210255
              ],
              [
                37.61557729999999,
                55.72008289999999
              ],
              [
                37.61775539999999,
                55.72028909999999
              ],
              [
                37.6166457,
                55.7235332
              ],
              [
                37.6150768,
                55.726944399999994
              ],
              [
                37.6199362,
                55.727311199999995
              ],
              [
                37.619613,
                55.7292455
              ],
              [
                37.622350399999995,
                55.72956560000001
              ],
              [
                37.6238257,
                55.7295767
              ],
              [
                37.6242604,
                55.732171799999996
              ],
              [
                37.62431349999999,
                55.7365315
              ],
              [
                37.624539,
                55.7393996
              ],
              [
                37.6250342,
                55.7424802
              ],
              [
                37.624573,
                55.745504499999996
              ],
              [
                37.624682,
                55.7457441
              ],
              [
                37.6263845,
                55.74598149999999
              ],
              [
                37.625631299999995,
                55.7478915
              ],
              [
                37.62511069999999,
                55.74864839999999
              ],
              [
                37.6250593,
                55.749084499999995
              ],
              [
                37.6213552,
                55.748824799999994
              ],
              [
                37.6169773,
                55.7481844
              ],
              [
                37.6133061,
                55.7471667
              ],
              [
                37.61174270000001,
                55.7464964
              ],
              [
                37.61011189999999,
                55.745264499999976
              ],
              [
                37.6083235,
                55.74311819999999
              ],
              [
                37.607136,
                55.73896229999998
              ],
              [
                37.606740499999994,
                55.73808569999999
              ],
              [
                37.6000268,
                55.73458609999999
              ],
              [
                37.5980293,
                55.73293730000001
              ],
              [
                37.59630409999999,
                55.7310404
              ],
              [
                37.59317949999999,
                55.726259899999995
              ],
              [
                37.5902997,
                55.7235646
              ],
              [
                37.5855103,
                55.71934309999999
              ],
              [
                37.5820802,
                55.71674149999998
              ],
              [
                37.5776083,
                55.71420579999999
              ]
            ]
          ]
        ]
      }
    },
    {
      "type": "Feature",
      "properties": {
        "id": 1278046,
        "level": "district",
        "name_ru": "Нижегородский район",
        "parent_id": 1278703,
        "bbox": [
          37.6804437,
          55.719738500000005,
          37.767519,
          55.745945799999994
        ]
      },
      "geometry": {
        "type": "MultiPolygon",
        "coordinates": [
          [
            [
              [
                37.6804437,
                55.728243500000005
              ],
              [
                37.6805828,
                55.727683199999994
              ],
              [
                37.69732989999999,
                55.7219641
              ],
              [
                37.699285,
                55.72119269999999
              ],
              [
                37.702245299999994,
                55.719738500000005
              ],
              [
                37.70527059999999,
                55.7207063
              ],
              [
                37.7150397,
                55.72353619999999
              ],
              [
                37.7171026,
                55.72173639999999
              ],
              [
                37.7553475,
                55.728599799999984
              ],
              [
                37.75666170000001,
                55.72890499999998
              ],
              [
                37.757833,
                55.72933710000001
              ],
              [
                37.75955329999999,
                55.7302727
              ],
              [
                37.76027820000001,
                55.73078679999999
              ],
              [
                37.761261499999996,
                55.7318061
              ],
              [
                37.7619153,
                55.73317699999999
              ],
              [
                37.7666538,
                55.73411999999999
              ],
              [
                37.767519,
                55.73415429999999
              ],
              [
                37.7626364,
                55.736541499999994
              ],
              [
                37.7612923,
                55.7369941
              ],
              [
                37.7592284,
                55.73736389999999
              ],
              [
                37.75276639999999,
                55.7382581
              ],
              [
                37.74935,
                55.73915670000001
              ],
              [
                37.7467226,
                55.74036780000001
              ],
              [
                37.74309939999999,
                55.74317789999999
              ],
              [
                37.7410175,
                55.74445169999999
              ],
              [
                37.7393417,
                55.745177
              ],
              [
                37.7367139,
                55.745945799999994
              ],
              [
                37.7359721,
                55.74486699999999
              ],
              [
                37.7346441,
                55.74171039999999
              ],
              [
                37.73373749999999,
                55.740022299999985
              ],
              [
                37.732959699999995,
                55.7388822
              ],
              [
                37.73112509999999,
                55.7367803
              ],
              [
                37.728991699999995,
                55.73336289999999
              ],
              [
                37.721886,
                55.7340228
              ],
              [
                37.71857059999999,
                55.734876
              ],
              [
                37.71672469999999,
                55.7357526
              ],
              [
                37.715262,
                55.7368666
              ],
              [
                37.7137585,
                55.73850879999999
              ],
              [
                37.7126821,
                55.740400199999996
              ],
              [
                37.7114678,
                55.743266699999985
              ],
              [
                37.7064798,
                55.7437414
              ],
              [
                37.7008301,
                55.74412600000001
              ],
              [
                37.7006047,
                55.74243869999999
              ],
              [
                37.6965835,
                55.7423919
              ],
              [
                37.6978059,
                55.7400755
              ],
              [
                37.6979194,
                55.73958959999999
              ],
              [
                37.6998353,
                55.7363169
              ],
              [
                37.69886219999999,
                55.73643619999999
              ],
              [
                37.698200099999994,
                55.7352348
              ],
              [
                37.693700099999994,
                55.7293029
              ],
              [
                37.6930372,
                55.72929159999999
              ],
              [
                37.692157699999996,
                55.729540300000004
              ],
              [
                37.6881988,
                55.731772799999995
              ],
              [
                37.68689799999999,
                55.7324468
              ],
              [
                37.685409199999995,
                55.733041799999995
              ],
              [
                37.6858384,
                55.73011319999999
              ],
              [
                37.6840596,
                55.7300307
              ],
              [
                37.684102499999995,
                55.729583599999984
              ],
              [
                37.68333,
                55.7291456
              ],
              [
                37.6814418,
                55.7290399
              ],
              [
                37.6815705,
                55.728472
              ],
              [
                37.6804669,
                55.72840449999999
              ],
              [
                37.6804437,
                55.728243500000005
              ]
            ]
          ]
        ]
      }
    },
    {
      "type": "Feature",
      "properties": {
        "id": 1278064,
        "level": "district",
        "name_ru": "район Лефортово",
        "parent_id": 1278703,
        "bbox": [
          37.6703968,
          55.73336289999999,
          37.7367139,
          55.7753027
        ]
      },
      "geometry": {
        "type": "MultiPolygon",
        "coordinates": [
          [
            [
              [
                37.6705308,
                55.750748800000004
              ],
              [
                37.67310609999999,
                55.7500502
              ],
              [
                37.6806622,
                55.74874999999999
              ],
              [
                37.6832039,
                55.7480005
              ],
              [
                37.689943,
                55.7449982
              ],
              [
                37.6952841,
                55.74231979999999
              ],
              [
                37.69615689999999,
                55.7417027
              ],
              [
                37.69708039999999,
                55.74079089999999
              ],
              [
                37.6979194,
                55.73958959999999
              ],
              [
                37.6978059,
                55.7400755
              ],
              [
                37.6965835,
                55.7423919
              ],
              [
                37.7006047,
                55.74243869999999
              ],
              [
                37.7008301,
                55.74412600000001
              ],
              [
                37.7064798,
                55.7437414
              ],
              [
                37.7114678,
                55.743266699999985
              ],
              [
                37.7126821,
                55.740400199999996
              ],
              [
                37.7137585,
                55.73850879999999
              ],
              [
                37.715262,
                55.7368666
              ],
              [
                37.71672469999999,
                55.7357526
              ],
              [
                37.71857059999999,
                55.734876
              ],
              [
                37.721886,
                55.7340228
              ],
              [
                37.728991699999995,
                55.73336289999999
              ],
              [
                37.73112509999999,
                55.7367803
              ],
              [
                37.732959699999995,
                55.7388822
              ],
              [
                37.73373749999999,
                55.740022299999985
              ],
              [
                37.7346441,
                55.74171039999999
              ],
              [
                37.7359721,
                55.74486699999999
              ],
              [
                37.7367139,
                55.745945799999994
              ],
              [
                37.7253252,
                55.748966499999995
              ],
              [
                37.7236328,
                55.7495155
              ],
              [
                37.721851699999995,
                55.75035329999999
              ],
              [
                37.7205725,
                55.751160799999994
              ],
              [
                37.7187188,
                55.752942299999994
              ],
              [
                37.7181328,
                55.753880499999994
              ],
              [
                37.71775650000001,
                55.754960099999984
              ],
              [
                37.7177132,
                55.756483299999985
              ],
              [
                37.718179799999994,
                55.758018199999995
              ],
              [
                37.7206319,
                55.762464699999995
              ],
              [
                37.7208733,
                55.76494629999999
              ],
              [
                37.7207817,
                55.76588329999999
              ],
              [
                37.7200863,
                55.7671338
              ],
              [
                37.7173674,
                55.77014549999999
              ],
              [
                37.71594619999999,
                55.772298000000006
              ],
              [
                37.713613499999994,
                55.7753027
              ],
              [
                37.7076735,
                55.77231409999999
              ],
              [
                37.705401,
                55.7712819
              ],
              [
                37.7045926,
                55.770727199999996
              ],
              [
                37.7025185,
                55.770029
              ],
              [
                37.697223900000004,
                55.7668218
              ],
              [
                37.6969201,
                55.7668751
              ],
              [
                37.6921989,
                55.769489899999996
              ],
              [
                37.6890397,
                55.767773899999995
              ],
              [
                37.6858452,
                55.7639835
              ],
              [
                37.68557909999999,
                55.76352059999999
              ],
              [
                37.68581249999999,
                55.76233289999998
              ],
              [
                37.6853903,
                55.7615256
              ],
              [
                37.68415929999999,
                55.76027409999999
              ],
              [
                37.682588,
                55.759535599999985
              ],
              [
                37.680948,
                55.7591418
              ],
              [
                37.680215499999996,
                55.7590725
              ],
              [
                37.6764589,
                55.7591713
              ],
              [
                37.6739117,
                55.759369899999996
              ],
              [
                37.6730154,
                55.75932889999999
              ],
              [
                37.6722196,
                55.7591778
              ],
              [
                37.6712776,
                55.75880299999999
              ],
              [
                37.6707731,
                55.7583782
              ],
              [
                37.6703968,
                55.75760280000001
              ],
              [
                37.6704884,
                55.75749149999999
              ],
              [
                37.6709121,
                55.75742809999999
              ],
              [
                37.672941,
                55.7540014
              ],
              [
                37.6730606,
                55.753434299999995
              ],
              [
                37.672867499999995,
                55.75276559999999
              ],
              [
                37.67254969999999,
                55.75238779999999
              ],
              [
                37.6705308,
                55.750748800000004
              ]
            ]
          ]
        ]
      }
    },
    {
      "type": "Feature",
      "properties": {
        "id": 1278096,
        "level": "district",
        "name_ru": "Южнопортовый район",
        "parent_id": 1278703,
        "bbox": [
          37.66069029999999,
          55.69742229999999,
          37.7002664,
          55.731635399999995
        ]
      },
      "geometry": {
        "type": "MultiPolygon",
        "coordinates": [
          [
            [
              [
                37.66069029999999,
                55.730703399999996
              ],
              [
                37.6627185,
                55.7276605
              ],
              [
                37.6635975,
                55.725221199999986
              ],
              [
                37.6636775,
                55.718132
              ],
              [
                37.667811,
                55.70528239999999
              ],
              [
                37.6672891,
                55.70074149999999
              ],
              [
                37.67095479999999,
                55.70050069999999
              ],
              [
                37.672933799999996,
                55.699676899999986
              ],
              [
                37.674485499999996,
                55.6985085
              ],
              [
                37.67901129999999,
                55.698191699999995
              ],
              [
                37.6842701,
                55.69742229999999
              ],
              [
                37.68696009999999,
                55.700175
              ],
              [
                37.6911722,
                55.70607179999998
              ],
              [
                37.69056779999999,
                55.70635889999999
              ],
              [
                37.6877361,
                55.706347799999996
              ],
              [
                37.6862771,
                55.70617829999999
              ],
              [
                37.6816946,
                55.711273
              ],
              [
                37.67907749999999,
                55.7147847
              ],
              [
                37.6933444,
                55.71887689999999
              ],
              [
                37.6952614,
                55.7192355
              ],
              [
                37.697385999999995,
                55.71985309999999
              ],
              [
                37.69906039999999,
                55.72047779999998
              ],
              [
                37.7000288,
                55.720744499999995
              ],
              [
                37.7002664,
                55.72071019999999
              ],
              [
                37.69732989999999,
                55.7219641
              ],
              [
                37.6789183,
                55.7282645
              ],
              [
                37.677733499999995,
                55.727355099999976
              ],
              [
                37.6705808,
                55.72582549999999
              ],
              [
                37.6674635,
                55.730863899999996
              ],
              [
                37.66624019999999,
                55.7315357
              ],
              [
                37.6658108,
                55.731635399999995
              ],
              [
                37.6644263,
                55.73146729999999
              ],
              [
                37.66069029999999,
                55.730703399999996
              ]
            ]
          ]
        ]
      }
    },
    {
      "type": "Feature",
      "properties": {
        "id": 1281209,
        "level": "district",
        "name_ru": "Даниловский район",
        "parent_id": 1282181,
        "bbox": [
          37.6061574,
          55.684271499999994,
          37.667811,
          55.729465
        ]
      },
      "geometry": {
        "type": "MultiPolygon",
        "coordinates": [
          [
            [
              [
                37.6061574,
                55.71066739999999
              ],
              [
                37.6064078,
                55.7095217
              ],
              [
                37.6074897,
                55.707521299999996
              ],
              [
                37.6081449,
                55.7076311
              ],
              [
                37.61134429999999,
                55.704309
              ],
              [
                37.616356,
                55.7050683
              ],
              [
                37.6173181,
                55.7055294
              ],
              [
                37.6209921,
                55.706052099999994
              ],
              [
                37.62857269999999,
                55.70525529999999
              ],
              [
                37.6281364,
                55.7034524
              ],
              [
                37.628308,
                55.6939962
              ],
              [
                37.6288682,
                55.69174919999998
              ],
              [
                37.6296384,
                55.690053400000004
              ],
              [
                37.6315696,
                55.68666659999999
              ],
              [
                37.63320039999999,
                55.68550539999999
              ],
              [
                37.6361186,
                55.6846102
              ],
              [
                37.63959479999999,
                55.684271499999994
              ],
              [
                37.643929199999995,
                55.684489299999996
              ],
              [
                37.6652416,
                55.686224399999986
              ],
              [
                37.667811,
                55.70528239999999
              ],
              [
                37.6636775,
                55.718132
              ],
              [
                37.66367549999999,
                55.724564099999995
              ],
              [
                37.66312670000001,
                55.72675829999998
              ],
              [
                37.659889199999995,
                55.72667639999999
              ],
              [
                37.6567176,
                55.726372399999995
              ],
              [
                37.6557668,
                55.727623699999995
              ],
              [
                37.6542108,
                55.728821399999994
              ],
              [
                37.65228569999999,
                55.7280661
              ],
              [
                37.65212559999999,
                55.7281997
              ],
              [
                37.65155349999999,
                55.728144199999996
              ],
              [
                37.645995,
                55.729465
              ],
              [
                37.644911099999995,
                55.72801189999999
              ],
              [
                37.64374229999999,
                55.722403799999995
              ],
              [
                37.6417645,
                55.7222109
              ],
              [
                37.6400073,
                55.72290089999999
              ],
              [
                37.636424399999996,
                55.723543299999996
              ],
              [
                37.63580209999999,
                55.72201999999999
              ],
              [
                37.6330619,
                55.722564599999984
              ],
              [
                37.6278928,
                55.72136489999999
              ],
              [
                37.6225369,
                55.72092779999999
              ],
              [
                37.61775539999999,
                55.72028909999999
              ],
              [
                37.613772299999994,
                55.719895499999986
              ],
              [
                37.613644,
                55.71979019999999
              ],
              [
                37.61361709999999,
                55.7166503
              ],
              [
                37.6082869,
                55.71673049999999
              ],
              [
                37.60618089999999,
                55.7111463
              ],
              [
                37.6061574,
                55.71066739999999
              ]
            ]
          ]
        ]
      }
    },
    {
      "type": "Feature",
      "properties": {
        "id": 1281220,
        "level": "district",
        "name_ru": "Академический район",
        "parent_id": 1304596,
        "bbox": [
          37.5522197,
          55.67274679999999,
          37.6015422,
          55.7063265
        ]
      },
      "geometry": {
        "type": "MultiPolygon",
        "coordinates": [
          [
            [
              [
                37.5522197,
                55.6840578
              ],
              [
                37.5629886,
                55.677892099999994
              ],
              [
                37.5779862,
                55.67274679999999
              ],
              [
                37.5803052,
                55.674858799999996
              ],
              [
                37.5795097,
                55.676858900000006
              ],
              [
                37.5860566,
                55.67912549999999
              ],
              [
                37.58683130000001,
                55.680128299999986
              ],
              [
                37.5877522,
                55.680708499999994
              ],
              [
                37.59770499999999,
                55.68984639999999
              ],
              [
                37.5984569,
                55.690339999999985
              ],
              [
                37.6015422,
                55.69155159999999
              ],
              [
                37.5974813,
                55.69482909999999
              ],
              [
                37.5961214,
                55.69613369999998
              ],
              [
                37.58734239999999,
                55.7063265
              ],
              [
                37.5614633,
                55.69163059999999
              ],
              [
                37.5522197,
                55.6840578
              ]
            ]
          ]
        ]
      }
    },
    {
      "type": "Feature",
      "properties": {
        "id": 1281263,
        "level": "district",
        "name_ru": "район Черёмушки",
        "parent_id": 1304596,
        "bbox": [
          37.5390605,
          55.64946289999999,
          37.5856332,
          55.682129999999994
        ]
      },
      "geometry": {
        "type": "MultiPolygon",
        "coordinates": [
          [
            [
              [
                37.5390605,
                55.655745399999994
              ],
              [
                37.54130219999999,
                55.6549598
              ],
              [
                37.54531459999999,
                55.653089
              ],
              [
                37.5482279,
                55.652075999999994
              ],
              [
                37.55123929999999,
                55.65132169999998
              ],
              [
                37.563997799999996,
                55.64946289999999
              ],
              [
                37.566169699999996,
                55.651937
              ],
              [
                37.5856332,
                55.67010489999999
              ],
              [
                37.5629886,
                55.677892099999994
              ],
              [
                37.55556239999999,
                55.682129999999994
              ],
              [
                37.54603899999999,
                55.67329709999998
              ],
              [
                37.5464545,
                55.67299509999999
              ],
              [
                37.5511151,
                55.671461399999984
              ],
              [
                37.5527737,
                55.67141329999999
              ],
              [
                37.5551274,
                55.67064949999999
              ],
              [
                37.5390605,
                55.655745399999994
              ]
            ]
          ]
        ]
      }
    },
    {
      "type": "Feature",
      "properties": {
        "id": 1281648,
        "level": "district",
        "name_ru": "Гагаринский район",
        "parent_id": 1304596,
        "bbox": [
          37.53005329999999,
          55.680811399999996,
          37.588752899999996,
          55.71420579999999
        ]
      },
      "geometry": {
        "type": "MultiPolygon",
        "coordinates": [
          [
            [
              [
                37.53005329999999,
                55.68992899999999
              ],
              [
                37.53867019999999,
                55.6850164
              ],
              [
                37.5474686,
                55.680811399999996
              ],
              [
                37.5518629,
                55.6837491
              ],
              [
                37.5614633,
                55.69163059999999
              ],
              [
                37.588752899999996,
                55.70712180000001
              ],
              [
                37.5853646,
                55.7088144
              ],
              [
                37.58422699999999,
                55.709513599999994
              ],
              [
                37.5776083,
                55.71420579999999
              ],
              [
                37.57492799999999,
                55.713117699999984
              ],
              [
                37.5696101,
                55.711617299999986
              ],
              [
                37.5654006,
                55.7107574
              ],
              [
                37.560995399999996,
                55.7103378
              ],
              [
                37.5592321,
                55.71028019999999
              ],
              [
                37.53657119999999,
                55.6935632
              ],
              [
                37.53005329999999,
                55.68992899999999
              ]
            ]
          ]
        ]
      }
    },
    {
      "type": "Feature",
      "properties": {
        "id": 1281702,
        "level": "district",
        "name_ru": "Ломоносовский район",
        "parent_id": 1304596,
        "bbox": [
          37.51166239999999,
          55.6682191,
          37.55556239999999,
          55.68992899999999
        ]
      },
      "geometry": {
        "type": "MultiPolygon",
        "coordinates": [
          [
            [
              [
                37.51166239999999,
                55.679730599999985
              ],
              [
                37.5142637,
                55.678286
              ],
              [
                37.529100899999996,
                55.6713908
              ],
              [
                37.5298942,
                55.670850699999995
              ],
              [
                37.5311523,
                55.6690407
              ],
              [
                37.5321874,
                55.668441699999995
              ],
              [
                37.5329805,
                55.66824539999998
              ],
              [
                37.5337788,
                55.6682191
              ],
              [
                37.5399712,
                55.66848569999999
              ],
              [
                37.5409446,
                55.6685843
              ],
              [
                37.5413319,
                55.668772000000004
              ],
              [
                37.5414851,
                55.67022209999999
              ],
              [
                37.5417218,
                55.670828799999995
              ],
              [
                37.5422095,
                55.6715569
              ],
              [
                37.5436965,
                55.67300639999999
              ],
              [
                37.54458759999999,
                55.6736905
              ],
              [
                37.546070199999996,
                55.6732317
              ],
              [
                37.55556239999999,
                55.682129999999994
              ],
              [
                37.5522197,
                55.6840578
              ],
              [
                37.5474686,
                55.680811399999996
              ],
              [
                37.53867019999999,
                55.6850164
              ],
              [
                37.53005329999999,
                55.68992899999999
              ],
              [
                37.51166239999999,
                55.679730599999985
              ]
            ]
          ]
        ]
      }
    },
    {
      "type": "Feature",
      "properties": {
        "id": 1292211,
        "level": "district",
        "name_ru": "район Котловка",
        "parent_id": 1304596,
        "bbox": [
          37.5779862,
          55.6640831,
          37.614920999999995,
          55.69155159999999
        ]
      },
      "geometry": {
        "type": "MultiPolygon",
        "coordinates": [
          [
            [
              [
                37.5779862,
                55.67274679999999
              ],
              [
                37.5856332,
                55.67010489999999
              ],
              [
                37.5812455,
                55.666025299999994
              ],
              [
                37.5816819,
                55.665743600000006
              ],
              [
                37.5840842,
                55.665866099999995
              ],
              [
                37.5843989,
                55.665733499999995
              ],
              [
                37.5857113,
                55.6658057
              ],
              [
                37.5860278,
                55.665660100000004
              ],
              [
                37.5867949,
                55.66567779999998
              ],
              [
                37.5876055,
                55.665231899999995
              ],
              [
                37.588839899999996,
                55.6656847
              ],
              [
                37.5894981,
                55.66543339999999
              ],
              [
                37.58933009999999,
                55.6652547
              ],
              [
                37.5898879,
                55.665183899999995
              ],
              [
                37.591684599999994,
                55.665396999999984
              ],
              [
                37.5923928,
                55.66526640000001
              ],
              [
                37.5930002,
                55.6655348
              ],
              [
                37.5933352,
                55.6655657
              ],
              [
                37.594637799999994,
                55.6655394
              ],
              [
                37.5957573,
                55.6657533
              ],
              [
                37.5969265,
                55.66623379999999
              ],
              [
                37.60137819999999,
                55.66479189999999
              ],
              [
                37.60764639999999,
                55.6640831
              ],
              [
                37.60883489999999,
                55.66515309999998
              ],
              [
                37.609438499999996,
                55.66523509999999
              ],
              [
                37.610689199999996,
                55.664966
              ],
              [
                37.6109155,
                55.66519259999999
              ],
              [
                37.610865499999996,
                55.6654964
              ],
              [
                37.61164519999999,
                55.66608
              ],
              [
                37.6070449,
                55.66818909999999
              ],
              [
                37.605906899999994,
                55.66906579999999
              ],
              [
                37.6057896,
                55.6705589
              ],
              [
                37.6066929,
                55.671172099999986
              ],
              [
                37.6059399,
                55.671755299999994
              ],
              [
                37.60563109999999,
                55.67230049999999
              ],
              [
                37.60662469999999,
                55.67286789999999
              ],
              [
                37.6069148,
                55.67387310000001
              ],
              [
                37.6072286,
                55.6741797
              ],
              [
                37.6073783,
                55.674668200000006
              ],
              [
                37.6077372,
                55.67471179999999
              ],
              [
                37.6085902,
                55.67533619999999
              ],
              [
                37.608480899999996,
                55.67567859999999
              ],
              [
                37.6089553,
                55.67630469999999
              ],
              [
                37.6094397,
                55.6766155
              ],
              [
                37.6099335,
                55.676735699999995
              ],
              [
                37.6101849,
                55.6769658
              ],
              [
                37.6112922,
                55.6772175
              ],
              [
                37.6115213,
                55.6775203
              ],
              [
                37.6114759,
                55.67832949999999
              ],
              [
                37.611710699999996,
                55.67860559999999
              ],
              [
                37.6137783,
                55.6799858
              ],
              [
                37.6141474,
                55.680381099999984
              ],
              [
                37.6146941,
                55.680555699999985
              ],
              [
                37.614920999999995,
                55.6809259
              ],
              [
                37.614700899999995,
                55.68159829999999
              ],
              [
                37.61476069999999,
                55.6819975
              ],
              [
                37.61458040000001,
                55.682689599999996
              ],
              [
                37.613970099999996,
                55.683171599999994
              ],
              [
                37.613702399999994,
                55.684475799999994
              ],
              [
                37.6106538,
                55.6839671
              ],
              [
                37.60902419999999,
                55.6838718
              ],
              [
                37.6076159,
                55.6840609
              ],
              [
                37.6060048,
                55.6847503
              ],
              [
                37.605271699999996,
                55.6854176
              ],
              [
                37.6049491,
                55.6860546
              ],
              [
                37.6049834,
                55.68697949999999
              ],
              [
                37.6052903,
                55.68807429999998
              ],
              [
                37.60510119999999,
                55.6891501
              ],
              [
                37.6044927,
                55.68979730000001
              ],
              [
                37.6035132,
                55.6903468
              ],
              [
                37.6037863,
                55.6906298
              ],
              [
                37.60197569999999,
                55.69153669999999
              ],
              [
                37.6015422,
                55.69155159999999
              ],
              [
                37.5984569,
                55.690339999999985
              ],
              [
                37.59770499999999,
                55.68984639999999
              ],
              [
                37.5877522,
                55.680708499999994
              ],
              [
                37.58683130000001,
                55.680128299999986
              ],
              [
                37.5860566,
                55.67912549999999
              ],
              [
                37.5795097,
                55.676858900000006
              ],
              [
                37.5803052,
                55.674858799999996
              ],
              [
                37.5779862,
                55.67274679999999
              ]
            ]
          ]
        ]
      }
    },
    {
      "type": "Feature",
      "properties": {
        "id": 1292286,
        "level": "district",
        "name_ru": "район Зюзино",
        "parent_id": 1304596,
        "bbox": [
          37.563997799999996,
          55.64137159999999,
          37.613571799999995,
          55.66623379999999
        ]
      },
      "geometry": {
        "type": "MultiPolygon",
        "coordinates": [
          [
            [
              [
                37.563997799999996,
                55.64946289999999
              ],
              [
                37.571700799999995,
                55.6477612
              ],
              [
                37.5754482,
                55.64679489999999
              ],
              [
                37.5902236,
                55.6423972
              ],
              [
                37.5945131,
                55.6419632
              ],
              [
                37.6056701,
                55.64137159999999
              ],
              [
                37.6054137,
                55.65653
              ],
              [
                37.606860299999994,
                55.6579294
              ],
              [
                37.613571799999995,
                55.66347929999999
              ],
              [
                37.60137819999999,
                55.66479189999999
              ],
              [
                37.5969265,
                55.66623379999999
              ],
              [
                37.5957573,
                55.6657533
              ],
              [
                37.594637799999994,
                55.6655394
              ],
              [
                37.5933352,
                55.6655657
              ],
              [
                37.5930002,
                55.6655348
              ],
              [
                37.5923928,
                55.66526640000001
              ],
              [
                37.591684599999994,
                55.665396999999984
              ],
              [
                37.5898879,
                55.665183899999995
              ],
              [
                37.58933009999999,
                55.6652547
              ],
              [
                37.5894981,
                55.66543339999999
              ],
              [
                37.588839899999996,
                55.6656847
              ],
              [
                37.5876055,
                55.665231899999995
              ],
              [
                37.5867949,
                55.66567779999998
              ],
              [
                37.5860278,
                55.665660100000004
              ],
              [
                37.5857113,
                55.6658057
              ],
              [
                37.5843989,
                55.665733499999995
              ],
              [
                37.5840842,
                55.665866099999995
              ],
              [
                37.5816819,
                55.665743600000006
              ],
              [
                37.5812455,
                55.666025299999994
              ],
              [
                37.566169699999996,
                55.651937
              ],
              [
                37.563997799999996,
                55.64946289999999
              ]
            ]
          ]
        ]
      }
    },
    {
      "type": "Feature",
      "properties": {
        "id": 1292499,
        "level": "district",
        "name_ru": "Обручевский район",
        "parent_id": 1304596,
        "bbox": [
          37.4824662,
          55.6421875,
          37.5551274,
          55.6737058
        ]
      },
      "geometry": {
        "type": "MultiPolygon",
        "coordinates": [
          [
            [
              [
                37.4824662,
                55.649460499999996
              ],
              [
                37.486742799999995,
                55.6467312
              ],
              [
                37.4985134,
                55.6421875
              ],
              [
                37.5088282,
                55.64996889999999
              ],
              [
                37.5132541,
                55.648094799999996
              ],
              [
                37.5218936,
                55.65464219999999
              ],
              [
                37.5208231,
                55.655120499999995
              ],
              [
                37.520587199999994,
                55.65495249999999
              ],
              [
                37.5200721,
                55.655182599999996
              ],
              [
                37.52101069999999,
                55.6558513
              ],
              [
                37.5213425,
                55.655702999999995
              ],
              [
                37.521547399999996,
                55.655848899999995
              ],
              [
                37.522779699999994,
                55.65529829999999
              ],
              [
                37.52536609999999,
                55.65730679999999
              ],
              [
                37.53561950000001,
                55.6562986
              ],
              [
                37.5390605,
                55.655745399999994
              ],
              [
                37.5551274,
                55.67064949999999
              ],
              [
                37.5527737,
                55.67141329999999
              ],
              [
                37.5511151,
                55.671461399999984
              ],
              [
                37.54458759999999,
                55.6736905
              ],
              [
                37.5436965,
                55.67300639999999
              ],
              [
                37.5422095,
                55.6715569
              ],
              [
                37.5414851,
                55.67022209999999
              ],
              [
                37.5413319,
                55.668772000000004
              ],
              [
                37.5409446,
                55.6685843
              ],
              [
                37.5342034,
                55.66823430000001
              ],
              [
                37.5329805,
                55.66824539999998
              ],
              [
                37.5321874,
                55.668441699999995
              ],
              [
                37.5313145,
                55.668901500000004
              ],
              [
                37.5298942,
                55.670850699999995
              ],
              [
                37.52944409999999,
                55.67120169999999
              ],
              [
                37.5240099,
                55.6737058
              ],
              [
                37.5200937,
                55.67088459999999
              ],
              [
                37.5016534,
                55.658524599999986
              ],
              [
                37.4824662,
                55.649460499999996
              ]
            ]
          ]
        ]
      }
    },
    {
      "type": "Feature",
      "properties": {
        "id": 1292679,
        "level": "district",
        "name_ru": "район Проспект Вернадского",
        "parent_id": 226149,
        "bbox": [
          37.4737147,
          55.661778399999996,
          37.5240099,
          55.68861489999998
        ]
      },
      "geometry": {
        "type": "MultiPolygon",
        "coordinates": [
          [
            [
              [
                37.4757846,
                55.6824111
              ],
              [
                37.4749405,
                55.681927
              ],
              [
                37.4742668,
                55.6811497
              ],
              [
                37.4738352,
                55.6799738
              ],
              [
                37.4737147,
                55.67887249999999
              ],
              [
                37.4738232,
                55.67869799999998
              ],
              [
                37.4745587,
                55.6785235
              ],
              [
                37.475474999999996,
                55.678509899999995
              ],
              [
                37.4763927,
                55.6782501
              ],
              [
                37.4773411,
                55.67789710000001
              ],
              [
                37.478063299999995,
                55.677440299999994
              ],
              [
                37.4785782,
                55.6768136
              ],
              [
                37.47995939999999,
                55.675755899999984
              ],
              [
                37.4816947,
                55.67380260000001
              ],
              [
                37.4818804,
                55.673179
              ],
              [
                37.482453099999994,
                55.67242509999999
              ],
              [
                37.48250550000001,
                55.6718989
              ],
              [
                37.4826501,
                55.671777299999995
              ],
              [
                37.48310719999999,
                55.67172180000001
              ],
              [
                37.4837533,
                55.6711466
              ],
              [
                37.48380559999999,
                55.670678599999995
              ],
              [
                37.484631300000004,
                55.67021799999999
              ],
              [
                37.4851101,
                55.67005299999999
              ],
              [
                37.4855383,
                55.670054500000006
              ],
              [
                37.4866475,
                55.66960259999999
              ],
              [
                37.4883741,
                55.669764499999985
              ],
              [
                37.4897756,
                55.669603800000004
              ],
              [
                37.490982499999994,
                55.669943
              ],
              [
                37.492576899999996,
                55.67003489999999
              ],
              [
                37.49727810000001,
                55.6690846
              ],
              [
                37.4988229,
                55.668619199999995
              ],
              [
                37.4992476,
                55.668349
              ],
              [
                37.4992459,
                55.6682036
              ],
              [
                37.4996459,
                55.6681506
              ],
              [
                37.500152699999994,
                55.667855100000004
              ],
              [
                37.5003633,
                55.667443299999995
              ],
              [
                37.500256,
                55.6670924
              ],
              [
                37.50124300000001,
                55.666801899999996
              ],
              [
                37.5017604,
                55.66621129999999
              ],
              [
                37.5019082,
                55.665664299999996
              ],
              [
                37.5024927,
                55.66549469999998
              ],
              [
                37.50249529999999,
                55.665293599999984
              ],
              [
                37.5030026,
                55.664913899999995
              ],
              [
                37.503493199999994,
                55.6648908
              ],
              [
                37.50375420000001,
                55.66463619999998
              ],
              [
                37.5039953,
                55.664635399999995
              ],
              [
                37.5042471,
                55.66442979999999
              ],
              [
                37.50461189999999,
                55.66445399999999
              ],
              [
                37.50508399999999,
                55.66427249999998
              ],
              [
                37.5063602,
                55.663055899999996
              ],
              [
                37.5067089,
                55.662934899999996
              ],
              [
                37.5065428,
                55.661778399999996
              ],
              [
                37.5200937,
                55.67088459999999
              ],
              [
                37.5240099,
                55.6737058
              ],
              [
                37.5142637,
                55.678286
              ],
              [
                37.51166239999999,
                55.679730599999985
              ],
              [
                37.51013759999999,
                55.6788427
              ],
              [
                37.509029,
                55.67978039999999
              ],
              [
                37.5082893,
                55.6811244
              ],
              [
                37.5083215,
                55.6812878
              ],
              [
                37.50946079999999,
                55.68209209999999
              ],
              [
                37.509375,
                55.6828035
              ],
              [
                37.5089459,
                55.68331159999999
              ],
              [
                37.50819049999999,
                55.68356799999999
              ],
              [
                37.5075468,
                55.68419709999999
              ],
              [
                37.5070232,
                55.6850341
              ],
              [
                37.50731509999999,
                55.686026099999985
              ],
              [
                37.50728929999999,
                55.68663089999999
              ],
              [
                37.50669709999999,
                55.6873421
              ],
              [
                37.5057256,
                55.68789429999999
              ],
              [
                37.50540099999999,
                55.687825899999986
              ],
              [
                37.50456849999999,
                55.6878985
              ],
              [
                37.5041393,
                55.688159799999994
              ],
              [
                37.5038303,
                55.687961400000006
              ],
              [
                37.5027832,
                55.687632400000005
              ],
              [
                37.5009808,
                55.6878985
              ],
              [
                37.5002598,
                55.687855
              ],
              [
                37.4996933,
                55.6879517
              ],
              [
                37.4992298,
                55.6878453
              ],
              [
                37.4990238,
                55.688130699999995
              ],
              [
                37.4987234,
                55.6881743
              ],
              [
                37.498053899999995,
                55.688029099999994
              ],
              [
                37.4962944,
                55.686925999999985
              ],
              [
                37.49576230000001,
                55.6869647
              ],
              [
                37.49529019999999,
                55.6867276
              ],
              [
                37.4944276,
                55.68668039999999
              ],
              [
                37.4914377,
                55.68745080000001
              ],
              [
                37.48867179999999,
                55.68861489999998
              ],
              [
                37.486996399999995,
                55.68738069999999
              ],
              [
                37.48990179999999,
                55.6838222
              ],
              [
                37.48722790000001,
                55.68241149999999
              ],
              [
                37.486788,
                55.68241629999999
              ],
              [
                37.4862862,
                55.682197499999994
              ],
              [
                37.4846076,
                55.683062299999996
              ],
              [
                37.4829045,
                55.682080899999995
              ],
              [
                37.482851399999994,
                55.681830099999985
              ],
              [
                37.4825517,
                55.6816032
              ],
              [
                37.4813805,
                55.6811258
              ],
              [
                37.479438599999995,
                55.684148699999994
              ],
              [
                37.4775617,
                55.68592649999999
              ],
              [
                37.477159,
                55.6857133
              ],
              [
                37.4781191,
                55.683776099999996
              ],
              [
                37.4757846,
                55.6824111
              ]
            ]
          ]
        ]
      }
    },
    {
      "type": "Feature",
      "properties": {
        "id": 1292749,
        "level": "district",
        "name_ru": "район Очаково-Матвеевское",
        "parent_id": 226149,
        "bbox": [
          37.4021617,
          55.66201099999999,
          37.4949329,
          55.72152899999998
        ]
      },
      "geometry": {
        "type": "MultiPolygon",
        "coordinates": [
          [
            [
              [
                37.4021617,
                55.6988389
              ],
              [
                37.41037419999999,
                55.69262919999999
              ],
              [
                37.41240229999999,
                55.6904192
              ],
              [
                37.4138545,
                55.68799259999999
              ],
              [
                37.414959999999994,
                55.685266999999996
              ],
              [
                37.414682899999995,
                55.683954799999995
              ],
              [
                37.41516029999999,
                55.6824256
              ],
              [
                37.4142093,
                55.6820281
              ],
              [
                37.41437599999999,
                55.68185509999999
              ],
              [
                37.4151035,
                55.68210979999999
              ],
              [
                37.4154479,
                55.68204329999998
              ],
              [
                37.4172944,
                55.68098499999999
              ],
              [
                37.417481,
                55.6807762
              ],
              [
                37.41803049999999,
                55.6805476
              ],
              [
                37.4305568,
                55.66383269999999
              ],
              [
                37.4322665,
                55.66201099999999
              ],
              [
                37.4345467,
                55.662393999999985
              ],
              [
                37.4365614,
                55.66286250000001
              ],
              [
                37.4383471,
                55.66360319999998
              ],
              [
                37.4393161,
                55.66417989999999
              ],
              [
                37.4437368,
                55.6678842
              ],
              [
                37.44543809999999,
                55.66887019999999
              ],
              [
                37.4475933,
                55.669792999999984
              ],
              [
                37.4540703,
                55.67179229999999
              ],
              [
                37.456671899999996,
                55.67275659999999
              ],
              [
                37.4588055,
                55.67377309999999
              ],
              [
                37.4606801,
                55.674915999999996
              ],
              [
                37.4716846,
                55.682553899999995
              ],
              [
                37.4775617,
                55.68592649999999
              ],
              [
                37.4663185,
                55.6945259
              ],
              [
                37.467985299999995,
                55.69680199999999
              ],
              [
                37.4695454,
                55.6981992
              ],
              [
                37.4771605,
                55.702624799999995
              ],
              [
                37.4860221,
                55.706311799999995
              ],
              [
                37.4881493,
                55.70735049999998
              ],
              [
                37.4894865,
                55.7083
              ],
              [
                37.4905934,
                55.7092836
              ],
              [
                37.4929288,
                55.7134944
              ],
              [
                37.4933658,
                55.71549439999999
              ],
              [
                37.4930927,
                55.7178328
              ],
              [
                37.4949329,
                55.72010099999999
              ],
              [
                37.494294999999994,
                55.72022239999999
              ],
              [
                37.4930028,
                55.7202102
              ],
              [
                37.4924264,
                55.71993999999999
              ],
              [
                37.4924607,
                55.719373099999984
              ],
              [
                37.493036,
                55.71909289999999
              ],
              [
                37.49313209999999,
                55.71888169999999
              ],
              [
                37.4925157,
                55.71805059999999
              ],
              [
                37.49163579999999,
                55.7181736
              ],
              [
                37.4910151,
                55.718464999999995
              ],
              [
                37.48942889999999,
                55.7182802
              ],
              [
                37.4891484,
                55.71846679999998
              ],
              [
                37.4886947,
                55.7183157
              ],
              [
                37.4884455,
                55.71843209999999
              ],
              [
                37.48860679999999,
                55.71896460000001
              ],
              [
                37.4882618,
                55.71894829999999
              ],
              [
                37.4873982,
                55.719246099999985
              ],
              [
                37.4866746,
                55.71924649999998
              ],
              [
                37.4863479,
                55.719831099999986
              ],
              [
                37.4846734,
                55.7207588
              ],
              [
                37.4828016,
                55.7211397
              ],
              [
                37.480528099999994,
                55.72102660000001
              ],
              [
                37.4795508,
                55.721169999999994
              ],
              [
                37.478815,
                55.72110389999999
              ],
              [
                37.476760199999994,
                55.72152899999998
              ],
              [
                37.4749007,
                55.7207605
              ],
              [
                37.47324449999999,
                55.71992119999999
              ],
              [
                37.4729495,
                55.719656199999996
              ],
              [
                37.473057999999995,
                55.7190272
              ],
              [
                37.4721991,
                55.71841589999999
              ],
              [
                37.471834699999995,
                55.7184558
              ],
              [
                37.471269,
                55.7187331
              ],
              [
                37.47050719999999,
                55.7193792
              ],
              [
                37.46973729999999,
                55.7193438
              ],
              [
                37.46919659999999,
                55.71900259999999
              ],
              [
                37.469108799999994,
                55.718671
              ],
              [
                37.4692788,
                55.7182412
              ],
              [
                37.46962979999999,
                55.71809449999999
              ],
              [
                37.4705921,
                55.71797309999999
              ],
              [
                37.47180409999999,
                55.717271
              ],
              [
                37.4720821,
                55.7169883
              ],
              [
                37.4719087,
                55.7163755
              ],
              [
                37.471465599999995,
                55.7161241
              ],
              [
                37.4708017,
                55.71601109999999
              ],
              [
                37.4705888,
                55.71584099999999
              ],
              [
                37.471356,
                55.7156368
              ],
              [
                37.47153899999999,
                55.715478799999985
              ],
              [
                37.47147639999999,
                55.71518569999999
              ],
              [
                37.4708342,
                55.71498170000001
              ],
              [
                37.470698299999995,
                55.71480579999999
              ],
              [
                37.4710714,
                55.7143472
              ],
              [
                37.4715466,
                55.714124
              ],
              [
                37.4714369,
                55.7138166
              ],
              [
                37.471147099999996,
                55.713721299999996
              ],
              [
                37.470515299999995,
                55.713917599999995
              ],
              [
                37.4699668,
                55.71368819999999
              ],
              [
                37.469467599999994,
                55.7136275
              ],
              [
                37.46802159999999,
                55.7136655
              ],
              [
                37.4679614,
                55.714100899999984
              ],
              [
                37.468664,
                55.71441579999999
              ],
              [
                37.4685769,
                55.7148195
              ],
              [
                37.4668179,
                55.715611200000005
              ],
              [
                37.4657184,
                55.715217499999994
              ],
              [
                37.463694399999994,
                55.7138315
              ],
              [
                37.463656699999994,
                55.7135378
              ],
              [
                37.4639974,
                55.7133306
              ],
              [
                37.46483719999999,
                55.71326749999999
              ],
              [
                37.4657742,
                55.7129666
              ],
              [
                37.466412,
                55.7129718
              ],
              [
                37.4669733,
                55.71281119999999
              ],
              [
                37.467517900000004,
                55.71279069999999
              ],
              [
                37.4678703,
                55.71260889999999
              ],
              [
                37.4680244,
                55.71223830000001
              ],
              [
                37.46701709999999,
                55.71142319999999
              ],
              [
                37.46666119999999,
                55.71131969999999
              ],
              [
                37.4657975,
                55.7116154
              ],
              [
                37.465508199999995,
                55.711573800000004
              ],
              [
                37.465414499999994,
                55.71147639999999
              ],
              [
                37.4656536,
                55.711262799999986
              ],
              [
                37.46565139999999,
                55.7110205
              ],
              [
                37.464973,
                55.7108251
              ],
              [
                37.4644022,
                55.710421
              ],
              [
                37.4640602,
                55.7103526
              ],
              [
                37.4637222,
                55.71037979999999
              ],
              [
                37.4625213,
                55.71105889999999
              ],
              [
                37.4618543,
                55.7111672
              ],
              [
                37.460459199999995,
                55.71097489999998
              ],
              [
                37.460431,
                55.7107833
              ],
              [
                37.4600778,
                55.7104857
              ],
              [
                37.45927089999999,
                55.710293
              ],
              [
                37.458038499999994,
                55.71043479999999
              ],
              [
                37.4566292,
                55.71005289999999
              ],
              [
                37.4546998,
                55.709958799999995
              ],
              [
                37.45496179999999,
                55.70910359999999
              ],
              [
                37.4487234,
                55.7094928
              ],
              [
                37.44786980000001,
                55.70700970000001
              ],
              [
                37.44451110000001,
                55.70612229999999
              ],
              [
                37.43551819999999,
                55.705738299999986
              ],
              [
                37.43336849999999,
                55.70449459999999
              ],
              [
                37.4305886,
                55.7041643
              ],
              [
                37.42404549999999,
                55.7069938
              ],
              [
                37.42394949999999,
                55.7071225
              ],
              [
                37.42127969999999,
                55.7080662
              ],
              [
                37.420495,
                55.70455199999999
              ],
              [
                37.4202886,
                55.7045596
              ],
              [
                37.4196314,
                55.70468009999999
              ],
              [
                37.412021100000004,
                55.70756759999999
              ],
              [
                37.4119535,
                55.706712100000004
              ],
              [
                37.4108467,
                55.7062357
              ],
              [
                37.4080196,
                55.7044343
              ],
              [
                37.4045563,
                55.70276450000001
              ],
              [
                37.40437039999999,
                55.7025317
              ],
              [
                37.404508699999994,
                55.7022335
              ],
              [
                37.40470919999999,
                55.701999599999986
              ],
              [
                37.4055856,
                55.70162369999999
              ],
              [
                37.4059284,
                55.70049669999999
              ],
              [
                37.4056495,
                55.700247499999996
              ],
              [
                37.4040938,
                55.699482499999995
              ],
              [
                37.403831100000005,
                55.69950349999999
              ],
              [
                37.403602299999996,
                55.699366000000005
              ],
              [
                37.4030644,
                55.69929119999999
              ],
              [
                37.4021617,
                55.6988389
              ]
            ]
          ]
        ]
      }
    },
    {
      "type": "Feature",
      "properties": {
        "id": 1298976,
        "level": "district",
        "name_ru": "район Новогиреево",
        "parent_id": 1320234,
        "bbox": [
          37.7732108,
          55.7355061,
          37.83076,
          55.7602404
        ]
      },
      "geometry": {
        "type": "MultiPolygon",
        "coordinates": [
          [
            [
              [
                37.7735886,
                55.7355061
              ],
              [
                37.7818849,
                55.73700319999999
              ],
              [
                37.7930928,
                55.739377399999995
              ],
              [
                37.7980569,
                55.7402577
              ],
              [
                37.8280834,
                55.746157600000004
              ],
              [
                37.82762699999999,
                55.746950899999995
              ],
              [
                37.829485999999996,
                55.748588
              ],
              [
                37.83076,
                55.74920159999999
              ],
              [
                37.8307131,
                55.7494736
              ],
              [
                37.8302505,
                55.74963009999999
              ],
              [
                37.8238875,
                55.75056579999999
              ],
              [
                37.823770599999996,
                55.75066019999999
              ],
              [
                37.8269788,
                55.75767299999998
              ],
              [
                37.8087009,
                55.7602404
              ],
              [
                37.80563579999999,
                55.753314399999994
              ],
              [
                37.801597199999996,
                55.75389070000001
              ],
              [
                37.8006609,
                55.75388529999999
              ],
              [
                37.7847935,
                55.75091579999999
              ],
              [
                37.787891099999996,
                55.74558249999999
              ],
              [
                37.7840401,
                55.745788399999995
              ],
              [
                37.7839372,
                55.745303099999994
              ],
              [
                37.783274799999994,
                55.745324799999985
              ],
              [
                37.7826209,
                55.743881300000005
              ],
              [
                37.78324729999999,
                55.74359499999999
              ],
              [
                37.7830463,
                55.74280499999999
              ],
              [
                37.78116229999999,
                55.74199159999999
              ],
              [
                37.7808446,
                55.742047
              ],
              [
                37.77939719999999,
                55.7429351
              ],
              [
                37.7789608,
                55.7420944
              ],
              [
                37.778277499999994,
                55.7416343
              ],
              [
                37.776676,
                55.7385825
              ],
              [
                37.775911,
                55.73843059999999
              ],
              [
                37.77453909999999,
                55.73840959999999
              ],
              [
                37.774408699999995,
                55.738186999999996
              ],
              [
                37.773531,
                55.73757909999999
              ],
              [
                37.7732108,
                55.73669619999999
              ],
              [
                37.7735886,
                55.7355061
              ]
            ]
          ]
        ]
      }
    },
    {
      "type": "Feature",
      "properties": {
        "id": 1299013,
        "level": "district",
        "name_ru": "район Перово",
        "parent_id": 1320234,
        "bbox": [
          37.71961189999999,
          55.73415429999999,
          37.8087009,
          55.7680066
        ]
      },
      "geometry": {
        "type": "MultiPolygon",
        "coordinates": [
          [
            [
              [
                37.71961189999999,
                55.7519793
              ],
              [
                37.7205725,
                55.751160799999994
              ],
              [
                37.721851699999995,
                55.75035329999999
              ],
              [
                37.723015,
                55.7497726
              ],
              [
                37.72444629999999,
                55.749232400000004
              ],
              [
                37.738416,
                55.7454859
              ],
              [
                37.7401818,
                55.74483210000001
              ],
              [
                37.74174229999999,
                55.7440523
              ],
              [
                37.74309939999999,
                55.74317789999999
              ],
              [
                37.7467226,
                55.74036780000001
              ],
              [
                37.74935,
                55.73915670000001
              ],
              [
                37.75276639999999,
                55.7382581
              ],
              [
                37.7592284,
                55.73736389999999
              ],
              [
                37.7612923,
                55.7369941
              ],
              [
                37.7626364,
                55.736541499999994
              ],
              [
                37.767519,
                55.73415429999999
              ],
              [
                37.769818199999996,
                55.7348072
              ],
              [
                37.7735886,
                55.7355061
              ],
              [
                37.7732108,
                55.73669619999999
              ],
              [
                37.773531,
                55.73757909999999
              ],
              [
                37.774408699999995,
                55.738186999999996
              ],
              [
                37.77453909999999,
                55.73840959999999
              ],
              [
                37.775911,
                55.73843059999999
              ],
              [
                37.776676,
                55.7385825
              ],
              [
                37.778277499999994,
                55.7416343
              ],
              [
                37.7789608,
                55.7420944
              ],
              [
                37.77939719999999,
                55.7429351
              ],
              [
                37.7808446,
                55.742047
              ],
              [
                37.78116229999999,
                55.74199159999999
              ],
              [
                37.7830463,
                55.74280499999999
              ],
              [
                37.78324729999999,
                55.74359499999999
              ],
              [
                37.7826209,
                55.743881300000005
              ],
              [
                37.783274799999994,
                55.745324799999985
              ],
              [
                37.7839372,
                55.745303099999994
              ],
              [
                37.7840401,
                55.745788399999995
              ],
              [
                37.787891099999996,
                55.74558249999999
              ],
              [
                37.7847935,
                55.75091579999999
              ],
              [
                37.8006609,
                55.75388529999999
              ],
              [
                37.801597199999996,
                55.75389070000001
              ],
              [
                37.80563579999999,
                55.753314399999994
              ],
              [
                37.8087009,
                55.7602404
              ],
              [
                37.8030031,
                55.761081399999995
              ],
              [
                37.80189169999999,
                55.76109829999999
              ],
              [
                37.80057849999999,
                55.7608886
              ],
              [
                37.799756099999996,
                55.76240609999999
              ],
              [
                37.8013713,
                55.766151399999984
              ],
              [
                37.8012406,
                55.7680066
              ],
              [
                37.7918459,
                55.7661645
              ],
              [
                37.7917387,
                55.7663307
              ],
              [
                37.7786727,
                55.76610650000001
              ],
              [
                37.7773816,
                55.765876500000005
              ],
              [
                37.7753963,
                55.7652759
              ],
              [
                37.7691693,
                55.763196199999996
              ],
              [
                37.7689366,
                55.76397
              ],
              [
                37.7640493,
                55.762182299999985
              ],
              [
                37.75474259999999,
                55.7604301
              ],
              [
                37.7536978,
                55.7596111
              ],
              [
                37.7542156,
                55.75874549999999
              ],
              [
                37.71961189999999,
                55.7519793
              ]
            ]
          ]
        ]
      }
    },
    {
      "type": "Feature",
      "properties": {
        "id": 1299031,
        "level": "district",
        "name_ru": "район Соколиная Гора",
        "parent_id": 1320234,
        "bbox": [
          37.699276399999995,
          55.7519793,
          37.7542156,
          55.794050999999996
        ]
      },
      "geometry": {
        "type": "MultiPolygon",
        "coordinates": [
          [
            [
              [
                37.699276399999995,
                55.7827193
              ],
              [
                37.6993516,
                55.78197259999999
              ],
              [
                37.7018967,
                55.7817704
              ],
              [
                37.7052497,
                55.7809935
              ],
              [
                37.707741899999995,
                55.7801608
              ],
              [
                37.7099197,
                55.77887449999999
              ],
              [
                37.71093119999999,
                55.7780007
              ],
              [
                37.71352949999999,
                55.7752599
              ],
              [
                37.713613499999994,
                55.7753027
              ],
              [
                37.71594619999999,
                55.772298000000006
              ],
              [
                37.7173674,
                55.77014549999999
              ],
              [
                37.720389,
                55.76673319999999
              ],
              [
                37.72085309999999,
                55.76547029999999
              ],
              [
                37.7206319,
                55.762464699999995
              ],
              [
                37.718179799999994,
                55.758018199999995
              ],
              [
                37.7176602,
                55.7559645
              ],
              [
                37.71775650000001,
                55.754960099999984
              ],
              [
                37.7181328,
                55.753880499999994
              ],
              [
                37.7187188,
                55.752942299999994
              ],
              [
                37.71961189999999,
                55.7519793
              ],
              [
                37.7542156,
                55.75874549999999
              ],
              [
                37.750931099999995,
                55.7645231
              ],
              [
                37.7485658,
                55.7659353
              ],
              [
                37.74803949999999,
                55.7700472
              ],
              [
                37.74534789999999,
                55.7700527
              ],
              [
                37.743914399999994,
                55.77671889999999
              ],
              [
                37.742942299999996,
                55.7877217
              ],
              [
                37.743113199999996,
                55.789346699999996
              ],
              [
                37.7445029,
                55.793487299999995
              ],
              [
                37.7394473,
                55.7937574
              ],
              [
                37.735899,
                55.794050999999996
              ],
              [
                37.73467169999999,
                55.79385320000001
              ],
              [
                37.732586,
                55.79297979999999
              ],
              [
                37.7304005,
                55.7906886
              ],
              [
                37.7271357,
                55.78856929999999
              ],
              [
                37.7256289,
                55.78787440000001
              ],
              [
                37.7237158,
                55.78745089999999
              ],
              [
                37.7204543,
                55.787002399999984
              ],
              [
                37.7188672,
                55.78729049999999
              ],
              [
                37.7168838,
                55.78792479999999
              ],
              [
                37.7176051,
                55.78550400000001
              ],
              [
                37.7142283,
                55.78517929999999
              ],
              [
                37.7139668,
                55.7858348
              ],
              [
                37.7136491,
                55.78587279999998
              ],
              [
                37.7134251,
                55.7861301
              ],
              [
                37.713098099999996,
                55.785917399999995
              ],
              [
                37.7122369,
                55.7858268
              ],
              [
                37.7122812,
                55.785654099999995
              ],
              [
                37.7118711,
                55.7855912
              ],
              [
                37.7120547,
                55.7849844
              ],
              [
                37.7067924,
                55.784499499999995
              ],
              [
                37.7063057,
                55.7830782
              ],
              [
                37.7056069,
                55.78324729999999
              ],
              [
                37.7020118,
                55.78458079999999
              ],
              [
                37.7008831,
                55.7839368
              ],
              [
                37.7007925,
                55.7827458
              ],
              [
                37.699276399999995,
                55.7827193
              ]
            ]
          ]
        ]
      }
    },
    {
      "type": "Feature",
      "properties": {
        "id": 1299106,
        "level": "district",
        "name_ru": "район Преображенское",
        "parent_id": 1320234,
        "bbox": [
          37.698576599999996,
          55.7827193,
          37.746144799999996,
          55.8098175
        ]
      },
      "geometry": {
        "type": "MultiPolygon",
        "coordinates": [
          [
            [
              [
                37.69880320000001,
                55.8013426
              ],
              [
                37.698576599999996,
                55.8004229
              ],
              [
                37.6986718,
                55.79987969999999
              ],
              [
                37.6991481,
                55.7990758
              ],
              [
                37.704616,
                55.79423039999999
              ],
              [
                37.705376,
                55.7933478
              ],
              [
                37.705496399999994,
                55.792795399999996
              ],
              [
                37.7053203,
                55.7923215
              ],
              [
                37.7048892,
                55.7919092
              ],
              [
                37.699985899999994,
                55.789329300000006
              ],
              [
                37.6991318,
                55.78836649999999
              ],
              [
                37.698656299999996,
                55.786753
              ],
              [
                37.699276399999995,
                55.7827193
              ],
              [
                37.7007925,
                55.7827458
              ],
              [
                37.7008831,
                55.7839368
              ],
              [
                37.7020118,
                55.78458079999999
              ],
              [
                37.7056069,
                55.78324729999999
              ],
              [
                37.7063057,
                55.7830782
              ],
              [
                37.7067924,
                55.784499499999995
              ],
              [
                37.7120547,
                55.7849844
              ],
              [
                37.7118711,
                55.7855912
              ],
              [
                37.7122812,
                55.785654099999995
              ],
              [
                37.7122369,
                55.7858268
              ],
              [
                37.713098099999996,
                55.785917399999995
              ],
              [
                37.7134251,
                55.7861301
              ],
              [
                37.7136491,
                55.78587279999998
              ],
              [
                37.7139668,
                55.7858348
              ],
              [
                37.7142283,
                55.78517929999999
              ],
              [
                37.7176051,
                55.78550400000001
              ],
              [
                37.7168838,
                55.78792479999999
              ],
              [
                37.7188672,
                55.78729049999999
              ],
              [
                37.7204543,
                55.787002399999984
              ],
              [
                37.7237158,
                55.78745089999999
              ],
              [
                37.725947100000006,
                55.78798410000001
              ],
              [
                37.7271357,
                55.78856929999999
              ],
              [
                37.7304005,
                55.7906886
              ],
              [
                37.732586,
                55.79297979999999
              ],
              [
                37.73467169999999,
                55.79385320000001
              ],
              [
                37.735899,
                55.794050999999996
              ],
              [
                37.7394473,
                55.7937574
              ],
              [
                37.7445029,
                55.793487299999995
              ],
              [
                37.7459201,
                55.79750129999999
              ],
              [
                37.746144799999996,
                55.7985306
              ],
              [
                37.745928899999996,
                55.80902999999999
              ],
              [
                37.732352,
                55.8089993
              ],
              [
                37.7318335,
                55.8087783
              ],
              [
                37.729849,
                55.8098175
              ],
              [
                37.72408819999999,
                55.806516
              ],
              [
                37.7116423,
                55.804351499999996
              ],
              [
                37.7087511,
                55.80289379999999
              ],
              [
                37.70767549999999,
                55.803656
              ],
              [
                37.6998637,
                55.80150179999999
              ],
              [
                37.69880320000001,
                55.8013426
              ]
            ]
          ]
        ]
      }
    },
    {
      "type": "Feature",
      "properties": {
        "id": 1319060,
        "level": "district",
        "name_ru": "район Богородское",
        "parent_id": 1320234,
        "bbox": [
          37.6702104,
          55.8013426,
          37.7459305,
          55.838739600000004
        ]
      },
      "geometry": {
        "type": "MultiPolygon",
        "coordinates": [
          [
            [
              [
                37.6702104,
                55.838739600000004
              ],
              [
                37.6715749,
                55.8290255
              ],
              [
                37.6715201,
                55.82736259999998
              ],
              [
                37.67069409999999,
                55.82439359999999
              ],
              [
                37.6719165,
                55.8235167
              ],
              [
                37.6727419,
                55.82237279999999
              ],
              [
                37.6736487,
                55.8216456
              ],
              [
                37.6745344,
                55.8212515
              ],
              [
                37.674908,
                55.8204947
              ],
              [
                37.6774629,
                55.8190546
              ],
              [
                37.6784313,
                55.818849
              ],
              [
                37.6794303,
                55.818230199999995
              ],
              [
                37.6820449,
                55.8180332
              ],
              [
                37.6843406,
                55.8171514
              ],
              [
                37.6854385,
                55.81685699999999
              ],
              [
                37.68625879999999,
                55.81677380000001
              ],
              [
                37.68671419999999,
                55.816826299999995
              ],
              [
                37.687575,
                55.817119399999996
              ],
              [
                37.6878233,
                55.81691339999999
              ],
              [
                37.6852857,
                55.8158514
              ],
              [
                37.685135300000006,
                55.81558749999999
              ],
              [
                37.685237099999995,
                55.815408099999985
              ],
              [
                37.6861519,
                55.8147384
              ],
              [
                37.68636969999999,
                55.81483849999999
              ],
              [
                37.686737199999996,
                55.8144655
              ],
              [
                37.6932468,
                55.81061179999999
              ],
              [
                37.6951003,
                55.8117301
              ],
              [
                37.6953203,
                55.8117121
              ],
              [
                37.6947862,
                55.81118419999999
              ],
              [
                37.6948191,
                55.81094209999999
              ],
              [
                37.6958904,
                55.81072209999999
              ],
              [
                37.69724029999999,
                55.810789099999994
              ],
              [
                37.6978774,
                55.8106292
              ],
              [
                37.69880669999999,
                55.81009019999999
              ],
              [
                37.699669,
                55.81006889999998
              ],
              [
                37.700049199999995,
                55.80991809999999
              ],
              [
                37.7002953,
                55.80960150000001
              ],
              [
                37.700413,
                55.80828229999999
              ],
              [
                37.70138639999999,
                55.80765019999999
              ],
              [
                37.70180619999999,
                55.8070202
              ],
              [
                37.7019702,
                55.806509099999985
              ],
              [
                37.7018891,
                55.80586649999999
              ],
              [
                37.7016941,
                55.8053359
              ],
              [
                37.7000125,
                55.8034645
              ],
              [
                37.699319,
                55.80249079999999
              ],
              [
                37.69880320000001,
                55.8013426
              ],
              [
                37.6998637,
                55.80150179999999
              ],
              [
                37.70767549999999,
                55.803656
              ],
              [
                37.7087511,
                55.80289379999999
              ],
              [
                37.7116423,
                55.804351499999996
              ],
              [
                37.72408819999999,
                55.806516
              ],
              [
                37.729849,
                55.8098175
              ],
              [
                37.7318335,
                55.8087783
              ],
              [
                37.732352,
                55.8089993
              ],
              [
                37.745928899999996,
                55.80902999999999
              ],
              [
                37.7459305,
                55.8103596
              ],
              [
                37.74512909999999,
                55.8118195
              ],
              [
                37.7428123,
                55.81412029999999
              ],
              [
                37.73735549999999,
                55.817048500000006
              ],
              [
                37.73475619999999,
                55.818222199999994
              ],
              [
                37.6899839,
                55.833527399999994
              ],
              [
                37.6872376,
                55.83438759999999
              ],
              [
                37.6702104,
                55.838739600000004
              ]
            ]
          ]
        ]
      }
    },
    {
      "type": "Feature",
      "properties": {
        "id": 1319078,
        "level": "district",
        "name_ru": "район Метрогородок",
        "parent_id": 1320234,
        "bbox": [
          37.6702104,
          55.80902999999999,
          37.78485799999999,
          55.8784053
        ]
      },
      "geometry": {
        "type": "MultiPolygon",
        "coordinates": [
          [
            [
              [
                37.6702104,
                55.838739600000004
              ],
              [
                37.6872376,
                55.83438759999999
              ],
              [
                37.6899839,
                55.833527399999994
              ],
              [
                37.73475619999999,
                55.818222199999994
              ],
              [
                37.73735549999999,
                55.817048500000006
              ],
              [
                37.7428123,
                55.81412029999999
              ],
              [
                37.74512909999999,
                55.8118195
              ],
              [
                37.7459305,
                55.8103596
              ],
              [
                37.745928899999996,
                55.80902999999999
              ],
              [
                37.7465545,
                55.810163599999996
              ],
              [
                37.747380899999996,
                55.8107265
              ],
              [
                37.75515099999999,
                55.81324450000001
              ],
              [
                37.76173010000001,
                55.81592870000001
              ],
              [
                37.7646028,
                55.8174007
              ],
              [
                37.7658834,
                55.817934199999996
              ],
              [
                37.766461899999996,
                55.81812719999999
              ],
              [
                37.7670532,
                55.818086799999996
              ],
              [
                37.776489,
                55.82012129999999
              ],
              [
                37.778989,
                55.82085949999999
              ],
              [
                37.78150339999999,
                55.82142119999999
              ],
              [
                37.7832195,
                55.821673799999985
              ],
              [
                37.7826786,
                55.822519
              ],
              [
                37.78485799999999,
                55.8225041
              ],
              [
                37.7847449,
                55.82461529999999
              ],
              [
                37.781424,
                55.824761699999996
              ],
              [
                37.78061989999999,
                55.83052299999999
              ],
              [
                37.7802658,
                55.831496099999995
              ],
              [
                37.7803292,
                55.832651899999995
              ],
              [
                37.778869,
                55.843337699999985
              ],
              [
                37.7777195,
                55.85521709999999
              ],
              [
                37.7774058,
                55.8564419
              ],
              [
                37.7684983,
                55.860892099999994
              ],
              [
                37.7347837,
                55.8784053
              ],
              [
                37.7337763,
                55.877913
              ],
              [
                37.7333987,
                55.878105399999995
              ],
              [
                37.7328953,
                55.878048899999996
              ],
              [
                37.732497099999996,
                55.87771259999999
              ],
              [
                37.73101019999999,
                55.876892899999994
              ],
              [
                37.73107689999999,
                55.87571599999999
              ],
              [
                37.7318197,
                55.87494519999999
              ],
              [
                37.7298326,
                55.8746655
              ],
              [
                37.7290472,
                55.874646999999996
              ],
              [
                37.727926499999995,
                55.8739005
              ],
              [
                37.7273401,
                55.87392189999999
              ],
              [
                37.7265802,
                55.8737556
              ],
              [
                37.72425570000001,
                55.873008
              ],
              [
                37.723732899999995,
                55.873271899999985
              ],
              [
                37.7218128,
                55.873875
              ],
              [
                37.7210651,
                55.87320659999999
              ],
              [
                37.719672,
                55.8736992
              ],
              [
                37.7158133,
                55.870154199999995
              ],
              [
                37.707699399999996,
                55.86551849999999
              ],
              [
                37.7079241,
                55.86533690000001
              ],
              [
                37.70681259999999,
                55.8644903
              ],
              [
                37.7068678,
                55.864348
              ],
              [
                37.7077052,
                55.863935399999995
              ],
              [
                37.70918639999999,
                55.86295580000001
              ],
              [
                37.7094382,
                55.860911099999996
              ],
              [
                37.71801730000001,
                55.86060729999999
              ],
              [
                37.7216393,
                55.85292410000001
              ],
              [
                37.721005,
                55.8522056
              ],
              [
                37.719404999999995,
                55.8514226
              ],
              [
                37.719773200000006,
                55.8511819
              ],
              [
                37.7201692,
                55.8505716
              ],
              [
                37.719349599999994,
                55.85000879999999
              ],
              [
                37.7171278,
                55.849057299999984
              ],
              [
                37.7140751,
                55.8469149
              ],
              [
                37.71250309999999,
                55.84752749999999
              ],
              [
                37.7120984,
                55.84735479999999
              ],
              [
                37.71077319999999,
                55.8473869
              ],
              [
                37.710424399999994,
                55.84750459999999
              ],
              [
                37.70564339999999,
                55.84794449999998
              ],
              [
                37.7035867,
                55.848773300000005
              ],
              [
                37.696822899999994,
                55.8481609
              ],
              [
                37.6937646,
                55.8520726
              ],
              [
                37.6947455,
                55.853375299999996
              ],
              [
                37.6938021,
                55.8540104
              ],
              [
                37.69277369999999,
                55.855166999999994
              ],
              [
                37.6924303,
                55.85533029999999
              ],
              [
                37.6931332,
                55.8557966
              ],
              [
                37.6925215,
                55.8561333
              ],
              [
                37.6916307,
                55.8560299
              ],
              [
                37.690747200000004,
                55.85617740000001
              ],
              [
                37.690242999999995,
                55.855895800000006
              ],
              [
                37.6894096,
                55.855956599999985
              ],
              [
                37.6886034,
                55.8552849
              ],
              [
                37.68785969999999,
                55.855491599999986
              ],
              [
                37.686789899999994,
                55.8547734
              ],
              [
                37.6867679,
                55.85451289999999
              ],
              [
                37.6883279,
                55.853925999999994
              ],
              [
                37.692284300000004,
                55.8529088
              ],
              [
                37.6899704,
                55.85122309999999
              ],
              [
                37.692226399999996,
                55.85030669999999
              ],
              [
                37.690214999999995,
                55.8481906
              ],
              [
                37.6903183,
                55.8480056
              ],
              [
                37.6813889,
                55.84321249999999
              ],
              [
                37.68025759999999,
                55.8424748
              ],
              [
                37.678346399999995,
                55.84181589999999
              ],
              [
                37.6784553,
                55.8410173
              ],
              [
                37.67816479999999,
                55.840172099999975
              ],
              [
                37.6773835,
                55.83938969999999
              ],
              [
                37.6763165,
                55.83882160000001
              ],
              [
                37.6750964,
                55.8384732
              ],
              [
                37.673568599999996,
                55.8383359
              ],
              [
                37.672857099999995,
                55.8383528
              ],
              [
                37.6702104,
                55.838739600000004
              ]
            ]
          ]
        ]
      }
    },
    {
      "type": "Feature",
      "properties": {
        "id": 1319142,
        "level": "district",
        "name_ru": "район Гольяново",
        "parent_id": 1320234,
        "bbox": [
          37.745928899999996,
          55.80135609999999,
          37.8435518,
          55.8564419
        ]
      },
      "geometry": {
        "type": "MultiPolygon",
        "coordinates": [
          [
            [
              [
                37.745928899999996,
                55.80902999999999
              ],
              [
                37.74613839999999,
                55.80135609999999
              ],
              [
                37.75222709999999,
                55.802419999999984
              ],
              [
                37.753945699999996,
                55.80280409999999
              ],
              [
                37.772989499999994,
                55.80779999999999
              ],
              [
                37.776385,
                55.808772499999996
              ],
              [
                37.778502599999996,
                55.8092981
              ],
              [
                37.78056759999999,
                55.809615199999996
              ],
              [
                37.7825076,
                55.8097806
              ],
              [
                37.8098773,
                55.8105297
              ],
              [
                37.81176,
                55.81064610000001
              ],
              [
                37.829497399999994,
                55.8129457
              ],
              [
                37.83181569999999,
                55.813214099999996
              ],
              [
                37.834862,
                55.81341989999999
              ],
              [
                37.838014599999994,
                55.813805599999995
              ],
              [
                37.84146079999999,
                55.814320599999995
              ],
              [
                37.8435518,
                55.814972199999985
              ],
              [
                37.84330239999999,
                55.815207499999985
              ],
              [
                37.84272729999999,
                55.8151177
              ],
              [
                37.841991400000005,
                55.8151816
              ],
              [
                37.8398088,
                55.815869799999994
              ],
              [
                37.8391745,
                55.8162615
              ],
              [
                37.838706499999994,
                55.819106399999995
              ],
              [
                37.8380944,
                55.82097179999999
              ],
              [
                37.8373695,
                55.82248959999999
              ],
              [
                37.8360495,
                55.8242232
              ],
              [
                37.8343899,
                55.825960699999996
              ],
              [
                37.83008149999999,
                55.829152999999984
              ],
              [
                37.83013890000001,
                55.8303025
              ],
              [
                37.829743699999995,
                55.83055809999999
              ],
              [
                37.8273855,
                55.8305991
              ],
              [
                37.8185855,
                55.83529519999998
              ],
              [
                37.7774058,
                55.8564419
              ],
              [
                37.7777195,
                55.85521709999999
              ],
              [
                37.778869,
                55.843337699999985
              ],
              [
                37.7803292,
                55.832651899999995
              ],
              [
                37.7802658,
                55.831496099999995
              ],
              [
                37.78061989999999,
                55.83052299999999
              ],
              [
                37.781424,
                55.824761699999996
              ],
              [
                37.7847449,
                55.82461529999999
              ],
              [
                37.78485799999999,
                55.8225041
              ],
              [
                37.7826786,
                55.822519
              ],
              [
                37.7832195,
                55.821673799999985
              ],
              [
                37.78150339999999,
                55.82142119999999
              ],
              [
                37.778989,
                55.82085949999999
              ],
              [
                37.776489,
                55.82012129999999
              ],
              [
                37.7670532,
                55.818086799999996
              ],
              [
                37.766461899999996,
                55.81812719999999
              ],
              [
                37.7658834,
                55.817934199999996
              ],
              [
                37.7646028,
                55.8174007
              ],
              [
                37.76173010000001,
                55.81592870000001
              ],
              [
                37.75515099999999,
                55.81324450000001
              ],
              [
                37.747380899999996,
                55.8107265
              ],
              [
                37.7465545,
                55.810163599999996
              ],
              [
                37.745928899999996,
                55.80902999999999
              ]
            ]
          ]
        ]
      }
    },
    {
      "type": "Feature",
      "properties": {
        "id": 1319245,
        "level": "district",
        "name_ru": "район Измайлово",
        "parent_id": 1320234,
        "bbox": [
          37.742942299999996,
          55.7596111,
          37.8055777,
          55.80286649999999
        ]
      },
      "geometry": {
        "type": "MultiPolygon",
        "coordinates": [
          [
            [
              [
                37.742942299999996,
                55.7877217
              ],
              [
                37.743914399999994,
                55.77671889999999
              ],
              [
                37.74534789999999,
                55.7700527
              ],
              [
                37.74803949999999,
                55.7700472
              ],
              [
                37.7485658,
                55.7659353
              ],
              [
                37.750931099999995,
                55.7645231
              ],
              [
                37.7536978,
                55.7596111
              ],
              [
                37.75474259999999,
                55.7604301
              ],
              [
                37.7640493,
                55.762182299999985
              ],
              [
                37.7689366,
                55.76397
              ],
              [
                37.7691693,
                55.763196199999996
              ],
              [
                37.7753963,
                55.7652759
              ],
              [
                37.7773816,
                55.765876500000005
              ],
              [
                37.7786727,
                55.76610650000001
              ],
              [
                37.7917387,
                55.7663307
              ],
              [
                37.7918459,
                55.7661645
              ],
              [
                37.8013254,
                55.76802459999998
              ],
              [
                37.80023669999999,
                55.7855675
              ],
              [
                37.7998869,
                55.78873449999999
              ],
              [
                37.7994657,
                55.7896989
              ],
              [
                37.79945819999999,
                55.789871000000005
              ],
              [
                37.79959339999999,
                55.78990339999999
              ],
              [
                37.79943279999999,
                55.7932386
              ],
              [
                37.8055777,
                55.793344399999995
              ],
              [
                37.80511679999999,
                55.80286649999999
              ],
              [
                37.780260199999994,
                55.802635499999994
              ],
              [
                37.7522201,
                55.802237999999996
              ],
              [
                37.750848299999994,
                55.8021699
              ],
              [
                37.74613839999999,
                55.80135609999999
              ],
              [
                37.74619369999999,
                55.7994402
              ],
              [
                37.7460435,
                55.7979813
              ],
              [
                37.7432997,
                55.7899783
              ],
              [
                37.742942299999996,
                55.7877217
              ]
            ]
          ]
        ]
      }
    },
    {
      "type": "Feature",
      "properties": {
        "id": 1319263,
        "level": "district",
        "name_ru": "район Ивановское",
        "parent_id": 1320234,
        "bbox": [
          37.799756099999996,
          55.746157600000004,
          37.850676500000006,
          55.790218499999995
        ]
      },
      "geometry": {
        "type": "MultiPolygon",
        "coordinates": [
          [
            [
              [
                37.799932,
                55.7882733
              ],
              [
                37.80066939999999,
                55.7796255
              ],
              [
                37.801385499999995,
                55.7663918
              ],
              [
                37.799756099999996,
                55.76240609999999
              ],
              [
                37.80057849999999,
                55.7608886
              ],
              [
                37.80189169999999,
                55.76109829999999
              ],
              [
                37.8032288,
                55.76106159999999
              ],
              [
                37.8269788,
                55.75767299999998
              ],
              [
                37.823770599999996,
                55.75066019999999
              ],
              [
                37.8238875,
                55.75056579999999
              ],
              [
                37.8302505,
                55.74963009999999
              ],
              [
                37.8307131,
                55.7494736
              ],
              [
                37.83076,
                55.74920159999999
              ],
              [
                37.829485999999996,
                55.748588
              ],
              [
                37.82762699999999,
                55.746950899999995
              ],
              [
                37.8280834,
                55.746157600000004
              ],
              [
                37.8426838,
                55.74907299999999
              ],
              [
                37.8426552,
                55.7531421
              ],
              [
                37.84289439999999,
                55.75505710000001
              ],
              [
                37.84320139999999,
                55.7618465
              ],
              [
                37.8432344,
                55.76219489999999
              ],
              [
                37.8434118,
                55.762200599999986
              ],
              [
                37.8434109,
                55.76236089999998
              ],
              [
                37.8432587,
                55.7624028
              ],
              [
                37.8434979,
                55.7669072
              ],
              [
                37.8438285,
                55.767279
              ],
              [
                37.84442229999999,
                55.767597099999996
              ],
              [
                37.84518789999999,
                55.76796939999999
              ],
              [
                37.845698,
                55.76807099999999
              ],
              [
                37.8459341,
                55.7686145
              ],
              [
                37.843624899999995,
                55.7725573
              ],
              [
                37.843400700000004,
                55.7747346
              ],
              [
                37.8438087,
                55.7753146
              ],
              [
                37.8450368,
                55.77597949999999
              ],
              [
                37.8457574,
                55.777006499999985
              ],
              [
                37.850676500000006,
                55.77856669999999
              ],
              [
                37.8504731,
                55.77890359999999
              ],
              [
                37.8500041,
                55.77892859999999
              ],
              [
                37.846381799999996,
                55.77819939999999
              ],
              [
                37.84555739999999,
                55.7782083
              ],
              [
                37.8446216,
                55.77850059999999
              ],
              [
                37.8431377,
                55.7792395
              ],
              [
                37.8420251,
                55.7889634
              ],
              [
                37.8341552,
                55.7876543
              ],
              [
                37.8299659,
                55.7893253
              ],
              [
                37.8235357,
                55.790218499999995
              ],
              [
                37.8236005,
                55.789209699999994
              ],
              [
                37.8234342,
                55.78899880000001
              ],
              [
                37.82318289999999,
                55.78895099999999
              ],
              [
                37.8188555,
                55.78884419999999
              ],
              [
                37.8181157,
                55.7886247
              ],
              [
                37.8135724,
                55.78858569999999
              ],
              [
                37.812945799999994,
                55.788701200000006
              ],
              [
                37.81070880000001,
                55.7885248
              ],
              [
                37.799932,
                55.7882733
              ]
            ]
          ]
        ]
      }
    },
    {
      "type": "Feature",
      "properties": {
        "id": 1320371,
        "level": "district",
        "name_ru": "район Крюково",
        "parent_id": null,
        "bbox": [
          37.1440873,
          55.948014599999986,
          37.22079339999999,
          55.9992264
        ]
      },
      "geometry": {
        "type": "MultiPolygon",
        "coordinates": [
          [
            [
              [
                37.144354,
                55.9899227
              ],
              [
                37.1440873,
                55.989882099999996
              ],
              [
                37.1487335,
                55.9769919
              ],
              [
                37.14877359999999,
                55.97026659999999
              ],
              [
                37.1463797,
                55.96996969999999
              ],
              [
                37.1458539,
                55.96807049999999
              ],
              [
                37.1455974,
                55.966042699999996
              ],
              [
                37.1470119,
                55.96603489999999
              ],
              [
                37.1483029,
                55.96560389999999
              ],
              [
                37.1466108,
                55.963719399999995
              ],
              [
                37.147415699999996,
                55.96334829999999
              ],
              [
                37.1479416,
                55.96352830000001
              ],
              [
                37.1492328,
                55.96304189999999
              ],
              [
                37.14962400000001,
                55.96228729999999
              ],
              [
                37.15071929999999,
                55.962525799999995
              ],
              [
                37.1511552,
                55.961877699999995
              ],
              [
                37.1516231,
                55.9617892
              ],
              [
                37.1524413,
                55.961979
              ],
              [
                37.1530383,
                55.9618865
              ],
              [
                37.15324319999999,
                55.9623197
              ],
              [
                37.1541848,
                55.96242649999999
              ],
              [
                37.15424899999999,
                55.9619559
              ],
              [
                37.154456,
                55.961914099999994
              ],
              [
                37.1555096,
                55.9621075
              ],
              [
                37.15628739999999,
                55.96213449999999
              ],
              [
                37.1564966,
                55.961978399999985
              ],
              [
                37.1567595,
                55.962139
              ],
              [
                37.15663609999999,
                55.96242579999999
              ],
              [
                37.1568535,
                55.9625578
              ],
              [
                37.15784279999999,
                55.962392699999995
              ],
              [
                37.1580829,
                55.9619992
              ],
              [
                37.1594008,
                55.961900899999996
              ],
              [
                37.1594902,
                55.962063
              ],
              [
                37.159000299999995,
                55.9623492
              ],
              [
                37.159090199999994,
                55.9624993
              ],
              [
                37.1594204,
                55.96249499999998
              ],
              [
                37.1601704,
                55.962083299999996
              ],
              [
                37.15999269999999,
                55.96189929999999
              ],
              [
                37.16008059999999,
                55.961628399999995
              ],
              [
                37.1603316,
                55.961493700000005
              ],
              [
                37.1606771,
                55.9614777
              ],
              [
                37.161013999999994,
                55.96186149999999
              ],
              [
                37.1616778,
                55.961489599999986
              ],
              [
                37.16199410000001,
                55.9609159
              ],
              [
                37.161913199999994,
                55.96001879999999
              ],
              [
                37.16209119999999,
                55.95994660000001
              ],
              [
                37.162466699999996,
                55.96023239999999
              ],
              [
                37.1627574,
                55.96012019999999
              ],
              [
                37.162736599999995,
                55.9599185
              ],
              [
                37.1623721,
                55.959550199999995
              ],
              [
                37.16305729999999,
                55.959023099999996
              ],
              [
                37.163323299999995,
                55.9590572
              ],
              [
                37.1632978,
                55.959398099999994
              ],
              [
                37.1640404,
                55.959492399999995
              ],
              [
                37.1641866,
                55.95938599999999
              ],
              [
                37.16393419999999,
                55.95908959999999
              ],
              [
                37.1640371,
                55.95897060000001
              ],
              [
                37.1651065,
                55.9591101
              ],
              [
                37.1649852,
                55.95906899999999
              ],
              [
                37.1660268,
                55.959067299999994
              ],
              [
                37.1657311,
                55.958744599999996
              ],
              [
                37.1659088,
                55.958520799999995
              ],
              [
                37.167296099999994,
                55.958520799999995
              ],
              [
                37.1674212,
                55.9586171
              ],
              [
                37.1671846,
                55.9589284
              ],
              [
                37.1676415,
                55.95905729999999
              ],
              [
                37.1690916,
                55.9588251
              ],
              [
                37.16921649999999,
                55.95897639999999
              ],
              [
                37.169053999999996,
                55.9593206
              ],
              [
                37.1682783,
                55.9593023
              ],
              [
                37.1681123,
                55.959458199999986
              ],
              [
                37.168944,
                55.9599154
              ],
              [
                37.16864209999999,
                55.96070149999999
              ],
              [
                37.169795799999996,
                55.9608465
              ],
              [
                37.1714702,
                55.9606801
              ],
              [
                37.1732938,
                55.96001839999999
              ],
              [
                37.1738042,
                55.959346799999985
              ],
              [
                37.1733791,
                55.9589668
              ],
              [
                37.1724922,
                55.95847419999999
              ],
              [
                37.1724518,
                55.95809599999999
              ],
              [
                37.1727169,
                55.9578481
              ],
              [
                37.17364599999999,
                55.9576605
              ],
              [
                37.174336499999995,
                55.957623399999996
              ],
              [
                37.1748638,
                55.9574757
              ],
              [
                37.1753648,
                55.957532099999995
              ],
              [
                37.175534000000006,
                55.95774149999999
              ],
              [
                37.1762203,
                55.95804899999999
              ],
              [
                37.1772214,
                55.958330199999985
              ],
              [
                37.17731429999999,
                55.958590099999995
              ],
              [
                37.17760849999999,
                55.958712
              ],
              [
                37.1780025,
                55.9586848
              ],
              [
                37.1780721,
                55.95843799999998
              ],
              [
                37.1785276,
                55.9583633
              ],
              [
                37.1797235,
                55.9585302
              ],
              [
                37.1813548,
                55.95844089999999
              ],
              [
                37.1821232,
                55.9587257
              ],
              [
                37.182509800000005,
                55.958733399999986
              ],
              [
                37.1827162,
                55.95824729999999
              ],
              [
                37.1839233,
                55.95776049999999
              ],
              [
                37.1844112,
                55.9573578
              ],
              [
                37.1843854,
                55.95715819999999
              ],
              [
                37.18401789999999,
                55.956873399999985
              ],
              [
                37.1840315,
                55.95650969999999
              ],
              [
                37.1835749,
                55.95613989999999
              ],
              [
                37.183335,
                55.9556326
              ],
              [
                37.1837395,
                55.955214799999986
              ],
              [
                37.18423769999999,
                55.95507269999999
              ],
              [
                37.18321689999999,
                55.9542615
              ],
              [
                37.1864035,
                55.95308930000001
              ],
              [
                37.1875313,
                55.955446699999996
              ],
              [
                37.1888245,
                55.9561139
              ],
              [
                37.1943295,
                55.955039199999995
              ],
              [
                37.1938648,
                55.95450429999999
              ],
              [
                37.1952343,
                55.95376529999999
              ],
              [
                37.19590519999999,
                55.9547182
              ],
              [
                37.202850999999995,
                55.95321719999999
              ],
              [
                37.202916800000004,
                55.95177139999999
              ],
              [
                37.20211179999999,
                55.95035359999999
              ],
              [
                37.2019145,
                55.9496702
              ],
              [
                37.20152929999999,
                55.94941299999999
              ],
              [
                37.20175149999999,
                55.94894229999999
              ],
              [
                37.20234820000001,
                55.9485977
              ],
              [
                37.2027625,
                55.9485922
              ],
              [
                37.203509,
                55.948345399999994
              ],
              [
                37.2041229,
                55.94838909999999
              ],
              [
                37.2045212,
                55.94823409999999
              ],
              [
                37.2049645,
                55.948202699999996
              ],
              [
                37.2060657,
                55.9485677
              ],
              [
                37.2071564,
                55.948747299999994
              ],
              [
                37.2081036,
                55.94916059999999
              ],
              [
                37.2087124,
                55.94875589999998
              ],
              [
                37.2084426,
                55.948407599999996
              ],
              [
                37.2095659,
                55.9485207
              ],
              [
                37.21110449999999,
                55.9480719
              ],
              [
                37.2113333,
                55.94845209999998
              ],
              [
                37.21184,
                55.94836039999999
              ],
              [
                37.2122624,
                55.948488299999994
              ],
              [
                37.21196760000001,
                55.94866340000001
              ],
              [
                37.21198999999999,
                55.94879639999999
              ],
              [
                37.2125265,
                55.948773599999996
              ],
              [
                37.2124382,
                55.94866549999999
              ],
              [
                37.2128315,
                55.9484726
              ],
              [
                37.2135367,
                55.948285399999996
              ],
              [
                37.214480699999996,
                55.9488032
              ],
              [
                37.2157605,
                55.948485399999996
              ],
              [
                37.2160796,
                55.948701
              ],
              [
                37.2165072,
                55.948724
              ],
              [
                37.21702599999999,
                55.948189599999985
              ],
              [
                37.2174103,
                55.948014599999986
              ],
              [
                37.2177129,
                55.9480263
              ],
              [
                37.21921669999999,
                55.9494097
              ],
              [
                37.2199076,
                55.9502304
              ],
              [
                37.21844539999999,
                55.95146619999999
              ],
              [
                37.219285,
                55.9530747
              ],
              [
                37.22079339999999,
                55.954029299999995
              ],
              [
                37.218555800000004,
                55.9552062
              ],
              [
                37.2193881,
                55.95711819999999
              ],
              [
                37.2172453,
                55.9579073
              ],
              [
                37.2153356,
                55.9563228
              ],
              [
                37.2138271,
                55.95660089999999
              ],
              [
                37.21296339999999,
                55.95583509999999
              ],
              [
                37.212591999999994,
                55.95584409999999
              ],
              [
                37.21138479999999,
                55.956418199999995
              ],
              [
                37.2101783,
                55.9573718
              ],
              [
                37.2093294,
                55.960171999999986
              ],
              [
                37.20729849999999,
                55.9614473
              ],
              [
                37.2068763,
                55.9614407
              ],
              [
                37.2056539,
                55.9628403
              ],
              [
                37.20563969999999,
                55.96312079999999
              ],
              [
                37.2058114,
                55.9632131
              ],
              [
                37.20928,
                55.9644195
              ],
              [
                37.21156589999999,
                55.96715109999999
              ],
              [
                37.2091156,
                55.9681923
              ],
              [
                37.2089162,
                55.96868129999999
              ],
              [
                37.2076749,
                55.9687217
              ],
              [
                37.20832469999999,
                55.969772199999994
              ],
              [
                37.18992229999999,
                55.97389319999999
              ],
              [
                37.18693569999999,
                55.974662699999996
              ],
              [
                37.1824771,
                55.9761023
              ],
              [
                37.1783803,
                55.97781870000001
              ],
              [
                37.176341199999996,
                55.978806999999996
              ],
              [
                37.17374019999999,
                55.9801413
              ],
              [
                37.1720758,
                55.98120619999999
              ],
              [
                37.167719399999996,
                55.98447469999999
              ],
              [
                37.1506438,
                55.9992264
              ],
              [
                37.1491992,
                55.9983433
              ],
              [
                37.1502483,
                55.9975337
              ],
              [
                37.15026869999999,
                55.99721169999999
              ],
              [
                37.1499296,
                55.9965725
              ],
              [
                37.15136819999999,
                55.9962133
              ],
              [
                37.152711,
                55.994241999999986
              ],
              [
                37.1527443,
                55.993057799999995
              ],
              [
                37.150690999999995,
                55.99313319999998
              ],
              [
                37.1488217,
                55.9921204
              ],
              [
                37.1496616,
                55.991567
              ],
              [
                37.149582499999994,
                55.9911696
              ],
              [
                37.1478376,
                55.9908021
              ],
              [
                37.14692519999999,
                55.99102089999999
              ],
              [
                37.145601799999994,
                55.990116
              ],
              [
                37.144354,
                55.9899227
              ]
            ]
          ]
        ]
      }
    },
    {
      "type": "Feature",
      "properties": {
        "id": 1320424,
        "level": "district",
        "name_ru": "район Старое Крюково",
        "parent_id": null,
        "bbox": [
          37.1732656,
          55.96924349999999,
          37.22633499999999,
          55.9916558
        ]
      },
      "geometry": {
        "type": "MultiPolygon",
        "coordinates": [
          [
            [
              [
                37.1732656,
                55.980437099999996
              ],
              [
                37.176341199999996,
                55.978806999999996
              ],
              [
                37.18065609999999,
                55.9768417
              ],
              [
                37.1832725,
                55.9758178
              ],
              [
                37.18693569999999,
                55.974662699999996
              ],
              [
                37.18992229999999,
                55.97389319999999
              ],
              [
                37.20832469999999,
                55.969772199999994
              ],
              [
                37.2085291,
                55.9700967
              ],
              [
                37.2124004,
                55.96924349999999
              ],
              [
                37.21314129999999,
                55.97017329999999
              ],
              [
                37.2113032,
                55.970455699999995
              ],
              [
                37.2117745,
                55.9732403
              ],
              [
                37.2128397,
                55.97659629999998
              ],
              [
                37.2144503,
                55.976350499999995
              ],
              [
                37.2143385,
                55.97615149999999
              ],
              [
                37.2149228,
                55.97607909999999
              ],
              [
                37.2155578,
                55.976682499999995
              ],
              [
                37.2170014,
                55.9759938
              ],
              [
                37.2187735,
                55.977241199999995
              ],
              [
                37.21775319999999,
                55.9777369
              ],
              [
                37.2170506,
                55.9776682
              ],
              [
                37.2189124,
                55.980360099999984
              ],
              [
                37.220514699999995,
                55.98130609999999
              ],
              [
                37.2218044,
                55.981648899999996
              ],
              [
                37.2232626,
                55.981750299999995
              ],
              [
                37.2236091,
                55.9816047
              ],
              [
                37.2237548,
                55.981706899999985
              ],
              [
                37.2240299,
                55.98160239999999
              ],
              [
                37.2240009,
                55.9814998
              ],
              [
                37.224431,
                55.981475999999994
              ],
              [
                37.2247778,
                55.9812711
              ],
              [
                37.22597629999999,
                55.983062899999986
              ],
              [
                37.22633499999999,
                55.98411659999999
              ],
              [
                37.22491659999999,
                55.984931899999985
              ],
              [
                37.2239721,
                55.984554199999984
              ],
              [
                37.222719,
                55.9849239
              ],
              [
                37.2202814,
                55.9852408
              ],
              [
                37.2185605,
                55.98530409999999
              ],
              [
                37.2180611,
                55.9854794
              ],
              [
                37.2171676,
                55.9860225
              ],
              [
                37.2167166,
                55.9860466
              ],
              [
                37.2168056,
                55.9864366
              ],
              [
                37.2163136,
                55.98678739999999
              ],
              [
                37.2149612,
                55.98684759999999
              ],
              [
                37.21336,
                55.98675459999998
              ],
              [
                37.212745399999996,
                55.9869837
              ],
              [
                37.210734300000006,
                55.98712609999999
              ],
              [
                37.21003939999999,
                55.98753159999999
              ],
              [
                37.20907,
                55.9878501
              ],
              [
                37.2079709,
                55.98782150000001
              ],
              [
                37.20662879999999,
                55.9875411
              ],
              [
                37.205083,
                55.98804609999999
              ],
              [
                37.2044221,
                55.988206699999985
              ],
              [
                37.20411719999999,
                55.9881881
              ],
              [
                37.2037934,
                55.98847249999999
              ],
              [
                37.203187699999994,
                55.9885572
              ],
              [
                37.202827600000006,
                55.98854619999999
              ],
              [
                37.2028626,
                55.9884194
              ],
              [
                37.2025605,
                55.98828699999999
              ],
              [
                37.202492199999995,
                55.9881468
              ],
              [
                37.2026814,
                55.987980699999994
              ],
              [
                37.2021825,
                55.98801239999999
              ],
              [
                37.2021166,
                55.9880911
              ],
              [
                37.2014168,
                55.9880171
              ],
              [
                37.2011768,
                55.9881371
              ],
              [
                37.2005568,
                55.988187100000005
              ],
              [
                37.2004968,
                55.98837709999999
              ],
              [
                37.2001468,
                55.9884171
              ],
              [
                37.2002368,
                55.988697099999996
              ],
              [
                37.2000168,
                55.988827099999995
              ],
              [
                37.19963679999999,
                55.9887171
              ],
              [
                37.19922679999999,
                55.98891709999999
              ],
              [
                37.1988635,
                55.9889138
              ],
              [
                37.19847059999999,
                55.989046
              ],
              [
                37.198273,
                55.9888707
              ],
              [
                37.1979387,
                55.988856
              ],
              [
                37.19750869999999,
                55.989006
              ],
              [
                37.1957154,
                55.988979399999984
              ],
              [
                37.19547539999999,
                55.98908939999999
              ],
              [
                37.19545299999999,
                55.9892851
              ],
              [
                37.19573859999999,
                55.98990749999999
              ],
              [
                37.1956586,
                55.9900575
              ],
              [
                37.1946902,
                55.99012919999999
              ],
              [
                37.1944702,
                55.9905192
              ],
              [
                37.1939402,
                55.99070919999998
              ],
              [
                37.19382589999999,
                55.99101889999999
              ],
              [
                37.19331590000001,
                55.99094889999998
              ],
              [
                37.1927059,
                55.991058899999985
              ],
              [
                37.1925104,
                55.991429499999995
              ],
              [
                37.1921097,
                55.9916558
              ],
              [
                37.19174269999999,
                55.991454499999996
              ],
              [
                37.1910927,
                55.991454499999996
              ],
              [
                37.1901487,
                55.9911238
              ],
              [
                37.1893987,
                55.9911638
              ],
              [
                37.1884087,
                55.9908138
              ],
              [
                37.1875352,
                55.99075429999999
              ],
              [
                37.1854101,
                55.99028119999999
              ],
              [
                37.18519380000001,
                55.99033769999999
              ],
              [
                37.178787,
                55.9833208
              ],
              [
                37.177586999999995,
                55.98246709999999
              ],
              [
                37.1732656,
                55.980437099999996
              ]
            ]
          ]
        ]
      }
    },
    {
      "type": "Feature",
      "properties": {
        "id": 1320510,
        "level": "district",
        "name_ru": "район Силино",
        "parent_id": null,
        "bbox": [
          37.131602099999995,
          55.980437099999996,
          37.205227099999995,
          56.0212238
        ]
      },
      "geometry": {
        "type": "MultiPolygon",
        "coordinates": [
          [
            [
              [
                37.131602099999995,
                56.0164459
              ],
              [
                37.13394869999999,
                56.0144271
              ],
              [
                37.1390684,
                56.0095945
              ],
              [
                37.13941689999999,
                56.0097213
              ],
              [
                37.1469766,
                56.0033472
              ],
              [
                37.1511709,
                55.99954859999999
              ],
              [
                37.1506438,
                55.9992264
              ],
              [
                37.1624968,
                55.9889679
              ],
              [
                37.167719399999996,
                55.98447469999999
              ],
              [
                37.17062949999999,
                55.98225680000001
              ],
              [
                37.1732656,
                55.980437099999996
              ],
              [
                37.177586999999995,
                55.98246709999999
              ],
              [
                37.178787,
                55.9833208
              ],
              [
                37.18519380000001,
                55.99033769999999
              ],
              [
                37.1854101,
                55.99028119999999
              ],
              [
                37.1875352,
                55.99075429999999
              ],
              [
                37.1884087,
                55.9908138
              ],
              [
                37.1893987,
                55.9911638
              ],
              [
                37.1901487,
                55.9911238
              ],
              [
                37.1905027,
                55.991304500000005
              ],
              [
                37.1907727,
                55.991284499999985
              ],
              [
                37.1910927,
                55.991454499999996
              ],
              [
                37.19174269999999,
                55.991454499999996
              ],
              [
                37.1922055,
                55.9916511
              ],
              [
                37.1927059,
                55.991058899999985
              ],
              [
                37.19331590000001,
                55.99094889999998
              ],
              [
                37.19382589999999,
                55.99101889999999
              ],
              [
                37.1939402,
                55.99070919999998
              ],
              [
                37.1944702,
                55.9905192
              ],
              [
                37.1946902,
                55.99012919999999
              ],
              [
                37.19573859999999,
                55.989997499999994
              ],
              [
                37.1954639,
                55.9893948
              ],
              [
                37.19553539999999,
                55.98902939999999
              ],
              [
                37.1961754,
                55.988939399999985
              ],
              [
                37.19750869999999,
                55.989006
              ],
              [
                37.1979387,
                55.988856
              ],
              [
                37.198273,
                55.9888707
              ],
              [
                37.19847059999999,
                55.989046
              ],
              [
                37.1988635,
                55.9889138
              ],
              [
                37.19922679999999,
                55.98891709999999
              ],
              [
                37.19963679999999,
                55.9887171
              ],
              [
                37.2000168,
                55.988827099999995
              ],
              [
                37.2002368,
                55.988697099999996
              ],
              [
                37.2001468,
                55.9884171
              ],
              [
                37.2004968,
                55.98837709999999
              ],
              [
                37.2005568,
                55.988187100000005
              ],
              [
                37.2011768,
                55.9881371
              ],
              [
                37.2014168,
                55.9880171
              ],
              [
                37.2021166,
                55.9880911
              ],
              [
                37.2021825,
                55.98801239999999
              ],
              [
                37.2026814,
                55.987980699999994
              ],
              [
                37.2025124,
                55.98822990000001
              ],
              [
                37.20293159999999,
                55.98858379999999
              ],
              [
                37.2037934,
                55.98847249999999
              ],
              [
                37.20411719999999,
                55.9881881
              ],
              [
                37.2044221,
                55.988206699999985
              ],
              [
                37.205083,
                55.98804609999999
              ],
              [
                37.2050178,
                55.988978999999986
              ],
              [
                37.205227099999995,
                55.99055969999999
              ],
              [
                37.2048335,
                55.99070230000001
              ],
              [
                37.2047379,
                55.990854999999996
              ],
              [
                37.2050906,
                55.9917267
              ],
              [
                37.2044103,
                55.9925641
              ],
              [
                37.20429419999999,
                55.99364199999999
              ],
              [
                37.2032607,
                55.99340029999998
              ],
              [
                37.2027709,
                55.9937879
              ],
              [
                37.201648399999996,
                55.995406
              ],
              [
                37.2014425,
                55.9953148
              ],
              [
                37.2006049,
                55.9962467
              ],
              [
                37.2001971,
                55.99641259999999
              ],
              [
                37.199753,
                55.9968636
              ],
              [
                37.1987309,
                55.997298199999996
              ],
              [
                37.19878419999999,
                55.9974155
              ],
              [
                37.1981181,
                55.99736209999999
              ],
              [
                37.19782339999999,
                55.9985239
              ],
              [
                37.19702,
                55.998669
              ],
              [
                37.1969844,
                55.999535900000005
              ],
              [
                37.2007313,
                55.999996899999985
              ],
              [
                37.2008717,
                56.0012442
              ],
              [
                37.20045729999999,
                56.0020596
              ],
              [
                37.1999412,
                56.00251639999999
              ],
              [
                37.1986982,
                56.002276699999996
              ],
              [
                37.19893859999999,
                56.00312949999999
              ],
              [
                37.1982072,
                56.00316980000001
              ],
              [
                37.1980861,
                56.003065399999976
              ],
              [
                37.1964288,
                56.00353119999998
              ],
              [
                37.1959998,
                56.0041272
              ],
              [
                37.1949369,
                56.00444769999999
              ],
              [
                37.1942907,
                56.0043551
              ],
              [
                37.1929267,
                56.00381289999999
              ],
              [
                37.191694600000005,
                56.00347330000001
              ],
              [
                37.1912191,
                56.0028138
              ],
              [
                37.18928149999999,
                56.002043799999996
              ],
              [
                37.1881548,
                56.00212319999999
              ],
              [
                37.18785259999999,
                56.00199799999999
              ],
              [
                37.1862997,
                56.00241069999999
              ],
              [
                37.1869765,
                56.003425699999994
              ],
              [
                37.18644849999999,
                56.0038168
              ],
              [
                37.18520379999999,
                56.0038529
              ],
              [
                37.1845823,
                56.0039624
              ],
              [
                37.1845334,
                56.005238
              ],
              [
                37.1841347,
                56.00536220000001
              ],
              [
                37.1819449,
                56.005182
              ],
              [
                37.17938560000001,
                56.00518919999998
              ],
              [
                37.179102,
                56.00529490000001
              ],
              [
                37.1785294,
                56.0079518
              ],
              [
                37.1817899,
                56.00840719999999
              ],
              [
                37.180105,
                56.011172699999996
              ],
              [
                37.18016389999999,
                56.011356799999994
              ],
              [
                37.190474699999996,
                56.013512
              ],
              [
                37.1919377,
                56.01484149999999
              ],
              [
                37.1955702,
                56.0186013
              ],
              [
                37.1889779,
                56.0212238
              ],
              [
                37.1869984,
                56.019993799999995
              ],
              [
                37.18490959999999,
                56.0201431
              ],
              [
                37.1845117,
                56.0200182
              ],
              [
                37.1842124,
                56.0197214
              ],
              [
                37.1852849,
                56.01891539999999
              ],
              [
                37.1814741,
                56.016715600000005
              ],
              [
                37.1791188,
                56.0160539
              ],
              [
                37.1776116,
                56.01513219999999
              ],
              [
                37.171253,
                56.0146262
              ],
              [
                37.1677442,
                56.01389079999999
              ],
              [
                37.1659504,
                56.0139468
              ],
              [
                37.1646153,
                56.0142329
              ],
              [
                37.16421389999999,
                56.01406920000001
              ],
              [
                37.16382459999999,
                56.0135953
              ],
              [
                37.16265539999999,
                56.0139375
              ],
              [
                37.1617302,
                56.0132212
              ],
              [
                37.15886259999999,
                56.0137002
              ],
              [
                37.158661,
                56.01414199999999
              ],
              [
                37.15996259999999,
                56.014441199999986
              ],
              [
                37.159185799999996,
                56.01533549999999
              ],
              [
                37.159778,
                56.0158978
              ],
              [
                37.15975439999999,
                56.01636249999999
              ],
              [
                37.158256,
                56.0179977
              ],
              [
                37.155052,
                56.017639
              ],
              [
                37.1505203,
                56.016498899999995
              ],
              [
                37.15009479999999,
                56.0172227
              ],
              [
                37.14523539999999,
                56.01809240000001
              ],
              [
                37.14418419999999,
                56.01769219999999
              ],
              [
                37.1433486,
                56.01769179999999
              ],
              [
                37.1387536,
                56.018372199999995
              ],
              [
                37.138927,
                56.017892
              ],
              [
                37.1360907,
                56.019107899999995
              ],
              [
                37.13265919999999,
                56.01677699999999
              ],
              [
                37.131602099999995,
                56.0164459
              ]
            ]
          ]
        ]
      }
    },
    {
      "type": "Feature",
      "properties": {
        "id": 1320566,
        "level": "district",
        "name_ru": "район Матушкино",
        "parent_id": null,
        "bbox": [
          37.1785294,
          55.98702639999999,
          37.2317604,
          56.0186013
        ]
      },
      "geometry": {
        "type": "MultiPolygon",
        "coordinates": [
          [
            [
              [
                37.1814368,
                56.00905949999999
              ],
              [
                37.1817462,
                56.0083732
              ],
              [
                37.1785294,
                56.0079518
              ],
              [
                37.179102,
                56.00529490000001
              ],
              [
                37.17938560000001,
                56.00518919999998
              ],
              [
                37.1819449,
                56.005182
              ],
              [
                37.1841347,
                56.00536220000001
              ],
              [
                37.1845334,
                56.005238
              ],
              [
                37.1845823,
                56.0039624
              ],
              [
                37.18520379999999,
                56.0038529
              ],
              [
                37.18644849999999,
                56.0038168
              ],
              [
                37.1869765,
                56.003425699999994
              ],
              [
                37.1862997,
                56.00241069999999
              ],
              [
                37.18785259999999,
                56.00199799999999
              ],
              [
                37.1881548,
                56.00212319999999
              ],
              [
                37.18928149999999,
                56.002043799999996
              ],
              [
                37.1912191,
                56.0028138
              ],
              [
                37.191694600000005,
                56.00347330000001
              ],
              [
                37.1929267,
                56.00381289999999
              ],
              [
                37.1942907,
                56.0043551
              ],
              [
                37.1949369,
                56.00444769999999
              ],
              [
                37.1959998,
                56.0041272
              ],
              [
                37.1964288,
                56.00353119999998
              ],
              [
                37.1980861,
                56.003065399999976
              ],
              [
                37.1982072,
                56.00316980000001
              ],
              [
                37.19893859999999,
                56.00312949999999
              ],
              [
                37.1986982,
                56.002276699999996
              ],
              [
                37.1999412,
                56.00251639999999
              ],
              [
                37.20045729999999,
                56.0020596
              ],
              [
                37.2008717,
                56.0012442
              ],
              [
                37.2007313,
                55.999996899999985
              ],
              [
                37.1969844,
                55.999535900000005
              ],
              [
                37.19702,
                55.998669
              ],
              [
                37.19782339999999,
                55.9985239
              ],
              [
                37.1981181,
                55.99736209999999
              ],
              [
                37.19878419999999,
                55.9974155
              ],
              [
                37.1987309,
                55.997298199999996
              ],
              [
                37.199753,
                55.9968636
              ],
              [
                37.2001971,
                55.99641259999999
              ],
              [
                37.2006049,
                55.9962467
              ],
              [
                37.2014425,
                55.9953148
              ],
              [
                37.201648399999996,
                55.995406
              ],
              [
                37.2027709,
                55.9937879
              ],
              [
                37.2032607,
                55.99340029999998
              ],
              [
                37.20429419999999,
                55.99364199999999
              ],
              [
                37.2044103,
                55.9925641
              ],
              [
                37.2050906,
                55.9917267
              ],
              [
                37.2047379,
                55.990854999999996
              ],
              [
                37.2048335,
                55.99070230000001
              ],
              [
                37.205227099999995,
                55.99055969999999
              ],
              [
                37.2050178,
                55.988978999999986
              ],
              [
                37.205083,
                55.98804609999999
              ],
              [
                37.2059329,
                55.98770229999999
              ],
              [
                37.2067562,
                55.98752989999999
              ],
              [
                37.2079709,
                55.98782150000001
              ],
              [
                37.20907,
                55.9878501
              ],
              [
                37.21003939999999,
                55.98753159999999
              ],
              [
                37.210734300000006,
                55.98712609999999
              ],
              [
                37.2114213,
                55.98704759999999
              ],
              [
                37.21243429999999,
                55.98702639999999
              ],
              [
                37.2133732,
                55.9891827
              ],
              [
                37.2130608,
                55.9899194
              ],
              [
                37.2140395,
                55.99263479999999
              ],
              [
                37.213988199999996,
                55.99326829999999
              ],
              [
                37.20949949999999,
                56.00082489999999
              ],
              [
                37.212001699999995,
                56.001246099999996
              ],
              [
                37.2203071,
                55.999258699999984
              ],
              [
                37.220467299999996,
                55.99949459999999
              ],
              [
                37.2202125,
                55.999695599999995
              ],
              [
                37.220365199999996,
                56.000072299999985
              ],
              [
                37.22058799999999,
                56.000132799999996
              ],
              [
                37.2214701,
                55.99988559999999
              ],
              [
                37.2216819,
                56.000069199999984
              ],
              [
                37.2219305,
                56.00007209999999
              ],
              [
                37.22243859999999,
                55.99989439999999
              ],
              [
                37.222368,
                55.999582399999994
              ],
              [
                37.2258794,
                55.99907389999999
              ],
              [
                37.22579189999999,
                55.9985671
              ],
              [
                37.22690819999999,
                55.9983463
              ],
              [
                37.226844,
                55.998182799999995
              ],
              [
                37.2274193,
                55.99815199999999
              ],
              [
                37.2284702,
                55.99912280000001
              ],
              [
                37.22848809999999,
                55.999315299999985
              ],
              [
                37.22818139999999,
                55.9995869
              ],
              [
                37.228024399999995,
                56.0000933
              ],
              [
                37.2272962,
                56.00046129999999
              ],
              [
                37.2268242,
                56.00115119999999
              ],
              [
                37.2268679,
                56.001541599999996
              ],
              [
                37.22649129999999,
                56.001759799999995
              ],
              [
                37.2260688,
                56.00256079999999
              ],
              [
                37.2255612,
                56.002493999999984
              ],
              [
                37.2252071,
                56.0036986
              ],
              [
                37.2252467,
                56.00441039999999
              ],
              [
                37.2263877,
                56.00444639999999
              ],
              [
                37.2275071,
                56.004273999999995
              ],
              [
                37.2294164,
                56.0041458
              ],
              [
                37.2317604,
                56.0044286
              ],
              [
                37.21476619999999,
                56.0109527
              ],
              [
                37.2106648,
                56.012430499999994
              ],
              [
                37.211302499999995,
                56.0129758
              ],
              [
                37.20737520000001,
                56.01714969999999
              ],
              [
                37.206904,
                56.0171737
              ],
              [
                37.2038305,
                56.01594269999999
              ],
              [
                37.20325019999999,
                56.0154857
              ],
              [
                37.1955702,
                56.0186013
              ],
              [
                37.1919377,
                56.01484149999999
              ],
              [
                37.190474699999996,
                56.013512
              ],
              [
                37.18016389999999,
                56.011356799999994
              ],
              [
                37.180105,
                56.011172699999996
              ],
              [
                37.1814368,
                56.00905949999999
              ]
            ]
          ]
        ]
      }
    },
    {
      "type": "Feature",
      "properties": {
        "id": 1320570,
        "level": "district",
        "name_ru": "район Савёлки",
        "parent_id": null,
        "bbox": [
          37.20949949999999,
          55.9668768,
          37.268302,
          56.00444639999999
        ]
      },
      "geometry": {
        "type": "MultiPolygon",
        "coordinates": [
          [
            [
              [
                37.20949949999999,
                56.00082489999999
              ],
              [
                37.213988199999996,
                55.99326829999999
              ],
              [
                37.2140395,
                55.99263479999999
              ],
              [
                37.2130608,
                55.9899194
              ],
              [
                37.2133732,
                55.9891827
              ],
              [
                37.21243429999999,
                55.98702639999999
              ],
              [
                37.21336,
                55.98675459999998
              ],
              [
                37.2149612,
                55.98684759999999
              ],
              [
                37.2163136,
                55.98678739999999
              ],
              [
                37.2168056,
                55.9864366
              ],
              [
                37.2167166,
                55.9860466
              ],
              [
                37.2171676,
                55.9860225
              ],
              [
                37.2180611,
                55.9854794
              ],
              [
                37.2185605,
                55.98530409999999
              ],
              [
                37.2202814,
                55.9852408
              ],
              [
                37.222719,
                55.9849239
              ],
              [
                37.2239721,
                55.984554199999984
              ],
              [
                37.22491659999999,
                55.984931899999985
              ],
              [
                37.22633499999999,
                55.98411659999999
              ],
              [
                37.22637459999999,
                55.9839157
              ],
              [
                37.22597629999999,
                55.983062899999986
              ],
              [
                37.2247778,
                55.9812711
              ],
              [
                37.2250354,
                55.9807721
              ],
              [
                37.2256642,
                55.980528099999994
              ],
              [
                37.2254165,
                55.98028959999999
              ],
              [
                37.2258554,
                55.980080099999995
              ],
              [
                37.22606179999999,
                55.980266199999996
              ],
              [
                37.22648629999999,
                55.9801607
              ],
              [
                37.2266391,
                55.9798883
              ],
              [
                37.22692979999999,
                55.980088
              ],
              [
                37.227102099999996,
                55.979845699999984
              ],
              [
                37.2273553,
                55.97981619999999
              ],
              [
                37.2280454,
                55.9800169
              ],
              [
                37.22847389999999,
                55.9800178
              ],
              [
                37.22892970000001,
                55.98028889999999
              ],
              [
                37.22944679999999,
                55.9801482
              ],
              [
                37.2301717,
                55.9802425
              ],
              [
                37.2304026,
                55.979951099999994
              ],
              [
                37.23067509999999,
                55.97997889999999
              ],
              [
                37.2307778,
                55.979900099999995
              ],
              [
                37.230439999999994,
                55.979482
              ],
              [
                37.2306533,
                55.97890949999999
              ],
              [
                37.2308336,
                55.97889339999998
              ],
              [
                37.2309589,
                55.979090199999995
              ],
              [
                37.232210499999994,
                55.9790629
              ],
              [
                37.2328898,
                55.978709699999996
              ],
              [
                37.2331768,
                55.978732099999995
              ],
              [
                37.233266,
                55.97849509999999
              ],
              [
                37.2337472,
                55.978616099999996
              ],
              [
                37.2339552,
                55.97882659999999
              ],
              [
                37.23425739999999,
                55.97878089999998
              ],
              [
                37.23435299999999,
                55.9790294
              ],
              [
                37.234819099999996,
                55.97920499999999
              ],
              [
                37.2348913,
                55.97935239999999
              ],
              [
                37.23543179999999,
                55.9793535
              ],
              [
                37.2354602,
                55.97947099999999
              ],
              [
                37.2351475,
                55.979623200000006
              ],
              [
                37.23581839999999,
                55.97979920000001
              ],
              [
                37.2365642,
                55.9796589
              ],
              [
                37.2367531,
                55.9790945
              ],
              [
                37.2375574,
                55.978968099999996
              ],
              [
                37.2377457,
                55.97918119999999
              ],
              [
                37.2383718,
                55.9787869
              ],
              [
                37.2385372,
                55.97880369999999
              ],
              [
                37.238667299999996,
                55.97899759999999
              ],
              [
                37.2391847,
                55.97879150000001
              ],
              [
                37.2396081,
                55.978849600000004
              ],
              [
                37.239718399999994,
                55.979103599999995
              ],
              [
                37.2400295,
                55.97917789999999
              ],
              [
                37.2401959,
                55.9790556
              ],
              [
                37.24036039999999,
                55.979211299999996
              ],
              [
                37.2407257,
                55.9792285
              ],
              [
                37.2408991,
                55.97948259999999
              ],
              [
                37.2412462,
                55.979295
              ],
              [
                37.24197959999999,
                55.97931459999999
              ],
              [
                37.2420988,
                55.97906219999999
              ],
              [
                37.2425056,
                55.9789814
              ],
              [
                37.2424258,
                55.9787583
              ],
              [
                37.2426429,
                55.9785516
              ],
              [
                37.2423676,
                55.9782685
              ],
              [
                37.2429947,
                55.9778805
              ],
              [
                37.243577699999996,
                55.97785040000001
              ],
              [
                37.2435751,
                55.9773794
              ],
              [
                37.2439114,
                55.97734249999999
              ],
              [
                37.2440778,
                55.977189
              ],
              [
                37.244090199999995,
                55.97693739999999
              ],
              [
                37.2436962,
                55.9766983
              ],
              [
                37.2464974,
                55.975739399999995
              ],
              [
                37.25327,
                55.970414299999995
              ],
              [
                37.252840799999994,
                55.96856869999999
              ],
              [
                37.25248779999999,
                55.967897799999996
              ],
              [
                37.2532071,
                55.9678133
              ],
              [
                37.253841,
                55.9680622
              ],
              [
                37.2544831,
                55.968127
              ],
              [
                37.2547602,
                55.9679479
              ],
              [
                37.2555374,
                55.9678949
              ],
              [
                37.255731899999994,
                55.967958599999996
              ],
              [
                37.2573362,
                55.96766789999999
              ],
              [
                37.258695599999996,
                55.967714099999995
              ],
              [
                37.26003639999999,
                55.9679085
              ],
              [
                37.2611663,
                55.967451499999996
              ],
              [
                37.2609457,
                55.96729089999999
              ],
              [
                37.2622617,
                55.9668768
              ],
              [
                37.26367350000001,
                55.9669717
              ],
              [
                37.2645469,
                55.96725339999998
              ],
              [
                37.267549599999995,
                55.967591799999994
              ],
              [
                37.268302,
                55.9678365
              ],
              [
                37.2681368,
                55.9682126
              ],
              [
                37.2612918,
                55.9680732
              ],
              [
                37.2615811,
                55.9699104
              ],
              [
                37.2610555,
                55.96990230000001
              ],
              [
                37.261460799999995,
                55.97142499999999
              ],
              [
                37.2628199,
                55.9717629
              ],
              [
                37.2629924,
                55.9719154
              ],
              [
                37.2631781,
                55.97189839999999
              ],
              [
                37.26316179999999,
                55.97207959999999
              ],
              [
                37.263798,
                55.9727113
              ],
              [
                37.2638711,
                55.97290439999998
              ],
              [
                37.2636231,
                55.972894499999995
              ],
              [
                37.2636079,
                55.97301529999999
              ],
              [
                37.2639197,
                55.973033199999996
              ],
              [
                37.266438,
                55.97946619999999
              ],
              [
                37.2654083,
                55.97964739999999
              ],
              [
                37.266162599999994,
                55.9811435
              ],
              [
                37.26774309999999,
                55.9819338
              ],
              [
                37.26735459999999,
                55.9824283
              ],
              [
                37.2651738,
                55.983037599999996
              ],
              [
                37.2655035,
                55.9844898
              ],
              [
                37.265107,
                55.985883799999996
              ],
              [
                37.264235199999995,
                55.986911400000004
              ],
              [
                37.2644583,
                55.9871372
              ],
              [
                37.263946,
                55.9873183
              ],
              [
                37.263013699999995,
                55.9885412
              ],
              [
                37.2611111,
                55.9879385
              ],
              [
                37.2586848,
                55.9877301
              ],
              [
                37.2555496,
                55.987261399999994
              ],
              [
                37.2537923,
                55.98826940000001
              ],
              [
                37.2573079,
                55.9900582
              ],
              [
                37.2592816,
                55.991703
              ],
              [
                37.26053569999999,
                55.9931529
              ],
              [
                37.2484437,
                55.997841199999996
              ],
              [
                37.248503799999995,
                55.9983936
              ],
              [
                37.2480871,
                55.99855329999999
              ],
              [
                37.2474509,
                55.99908080000001
              ],
              [
                37.2470322,
                56.0001369
              ],
              [
                37.2463117,
                56.00080979999999
              ],
              [
                37.2453939,
                56.0010689
              ],
              [
                37.24436719999999,
                56.00109429999999
              ],
              [
                37.2434039,
                56.00089369999999
              ],
              [
                37.242300799999995,
                56.000281699999995
              ],
              [
                37.2317604,
                56.0044286
              ],
              [
                37.2294164,
                56.0041458
              ],
              [
                37.2275071,
                56.004273999999995
              ],
              [
                37.2263877,
                56.00444639999999
              ],
              [
                37.2252467,
                56.00441039999999
              ],
              [
                37.2252071,
                56.0036986
              ],
              [
                37.2255612,
                56.002493999999984
              ],
              [
                37.2260688,
                56.00256079999999
              ],
              [
                37.22649129999999,
                56.001759799999995
              ],
              [
                37.2268679,
                56.001541599999996
              ],
              [
                37.2268242,
                56.00115119999999
              ],
              [
                37.2272962,
                56.00046129999999
              ],
              [
                37.228024399999995,
                56.0000933
              ],
              [
                37.22818139999999,
                55.9995869
              ],
              [
                37.22848809999999,
                55.999315299999985
              ],
              [
                37.2284702,
                55.99912280000001
              ],
              [
                37.2274193,
                55.99815199999999
              ],
              [
                37.226844,
                55.998182799999995
              ],
              [
                37.22690819999999,
                55.9983463
              ],
              [
                37.22579189999999,
                55.9985671
              ],
              [
                37.2258794,
                55.99907389999999
              ],
              [
                37.222368,
                55.999582399999994
              ],
              [
                37.22243859999999,
                55.99989439999999
              ],
              [
                37.2219305,
                56.00007209999999
              ],
              [
                37.2216819,
                56.000069199999984
              ],
              [
                37.2214701,
                55.99988559999999
              ],
              [
                37.22058799999999,
                56.000132799999996
              ],
              [
                37.220365199999996,
                56.000072299999985
              ],
              [
                37.2202125,
                55.999695599999995
              ],
              [
                37.220467299999996,
                55.99949459999999
              ],
              [
                37.2203071,
                55.999258699999984
              ],
              [
                37.212001699999995,
                56.001246099999996
              ],
              [
                37.20949949999999,
                56.00082489999999
              ]
            ]
          ]
        ]
      }
    },
    {
      "type": "Feature",
      "properties": {
        "id": 2162195,
        "level": "district",
        "name_ru": "Басманный район",
        "parent_id": 2162196,
        "bbox": [
          37.627867599999995,
          55.750748800000004,
          37.71352949999999,
          55.782047
        ]
      },
      "geometry": {
        "type": "MultiPolygon",
        "coordinates": [
          [
            [
              [
                37.627867599999995,
                55.759522999999994
              ],
              [
                37.6301168,
                55.75793560000001
              ],
              [
                37.6316351,
                55.7570484
              ],
              [
                37.6340854,
                55.7550788
              ],
              [
                37.63506989999999,
                55.75386209999999
              ],
              [
                37.635596,
                55.7538922
              ],
              [
                37.6369656,
                55.75420429999999
              ],
              [
                37.6378707,
                55.75358490000001
              ],
              [
                37.638947099999996,
                55.7532362
              ],
              [
                37.64301449999999,
                55.752655499999996
              ],
              [
                37.6470059,
                55.75300969999999
              ],
              [
                37.6497432,
                55.753020499999984
              ],
              [
                37.652622699999995,
                55.753580199999995
              ],
              [
                37.6543532,
                55.754373699999995
              ],
              [
                37.65496089999999,
                55.754528099999995
              ],
              [
                37.6564048,
                55.75475329999999
              ],
              [
                37.658275599999996,
                55.75472609999999
              ],
              [
                37.6610204,
                55.75445989999999
              ],
              [
                37.6627984,
                55.754135999999995
              ],
              [
                37.6633315,
                55.75384170000001
              ],
              [
                37.6640628,
                55.7528679
              ],
              [
                37.66429109999999,
                55.7527453
              ],
              [
                37.6662121,
                55.75314959999999
              ],
              [
                37.668538999999996,
                55.751586999999994
              ],
              [
                37.6705308,
                55.750748800000004
              ],
              [
                37.67254969999999,
                55.75238779999999
              ],
              [
                37.672867499999995,
                55.75276559999999
              ],
              [
                37.6730606,
                55.753434299999995
              ],
              [
                37.672941,
                55.7540014
              ],
              [
                37.6709121,
                55.75742809999999
              ],
              [
                37.6704884,
                55.75749149999999
              ],
              [
                37.6703968,
                55.75760280000001
              ],
              [
                37.6707731,
                55.7583782
              ],
              [
                37.6712776,
                55.75880299999999
              ],
              [
                37.6722196,
                55.7591778
              ],
              [
                37.6730154,
                55.75932889999999
              ],
              [
                37.6739117,
                55.759369899999996
              ],
              [
                37.6764589,
                55.7591713
              ],
              [
                37.680215499999996,
                55.7590725
              ],
              [
                37.680948,
                55.7591418
              ],
              [
                37.682588,
                55.759535599999985
              ],
              [
                37.68415929999999,
                55.76027409999999
              ],
              [
                37.6853903,
                55.7615256
              ],
              [
                37.68581249999999,
                55.76233289999998
              ],
              [
                37.68557909999999,
                55.76352059999999
              ],
              [
                37.6858452,
                55.7639835
              ],
              [
                37.6890397,
                55.767773899999995
              ],
              [
                37.6921989,
                55.769489899999996
              ],
              [
                37.6969201,
                55.7668751
              ],
              [
                37.697223900000004,
                55.7668218
              ],
              [
                37.7025185,
                55.770029
              ],
              [
                37.7045926,
                55.770727199999996
              ],
              [
                37.705401,
                55.7712819
              ],
              [
                37.71352949999999,
                55.7752599
              ],
              [
                37.71093119999999,
                55.7780007
              ],
              [
                37.7099197,
                55.77887449999999
              ],
              [
                37.70878979999999,
                55.7796227
              ],
              [
                37.707741899999995,
                55.7801608
              ],
              [
                37.7060926,
                55.78073719999999
              ],
              [
                37.7031812,
                55.781523799999995
              ],
              [
                37.70124359999999,
                55.78185049999999
              ],
              [
                37.6963604,
                55.782047
              ],
              [
                37.692549,
                55.78199
              ],
              [
                37.69255879999999,
                55.781899
              ],
              [
                37.68826669999999,
                55.781899
              ],
              [
                37.6847167,
                55.781603
              ],
              [
                37.684842,
                55.780811299999996
              ],
              [
                37.6801021,
                55.77711949999999
              ],
              [
                37.6790611,
                55.77734589999999
              ],
              [
                37.676381,
                55.77831789999999
              ],
              [
                37.6758868,
                55.77838619999999
              ],
              [
                37.673154499999995,
                55.77694429999999
              ],
              [
                37.6679933,
                55.7745286
              ],
              [
                37.6644256,
                55.7733076
              ],
              [
                37.6629987,
                55.76973219999999
              ],
              [
                37.65447149999999,
                55.76958479999999
              ],
              [
                37.6530829,
                55.76941109999999
              ],
              [
                37.65066149999999,
                55.768891599999996
              ],
              [
                37.6481493,
                55.7685552
              ],
              [
                37.6446919,
                55.7684735
              ],
              [
                37.6415119,
                55.767082499999994
              ],
              [
                37.6382689,
                55.76543180000001
              ],
              [
                37.6372925,
                55.7651344
              ],
              [
                37.6347192,
                55.76256289999999
              ],
              [
                37.6321256,
                55.76106029999999
              ],
              [
                37.63121319999999,
                55.76025699999999
              ],
              [
                37.63068059999999,
                55.760095099999994
              ],
              [
                37.62865769999999,
                55.7597921
              ],
              [
                37.627867599999995,
                55.759522999999994
              ]
            ]
          ]
        ]
      }
    }
  ]
}