{
  "type": "FeatureCollection",
  "features": [
    {
      "type": "Feature",
      "properties": {
        "id": 162903,
        "level": "okrug",
        "name_ru": "Северный административный округ",
        "parent_id": null,
        "bbox": [
          37.3313205,
          55.7598459,
          37.5886333,
          55.957289599999996
        ]
      },
      "geometry": {
        "type": "MultiPolygon",
        "coordinates": [
          [
            [
              [
                37.43749499999999,
                55.8798936
              ],
              [
                37.436483499999994,
                55.879578599999995
              ],
              [
                37.437785,
                55.87856449999999
              ],
              [
                37.4379783,
                55.877216099999984
              ],
              [
                37.4387242,
                55.876534299999996
              ],
              [
                37.44013319999999,
                55.8758523
              ],
              [
                37.4426198,
                55.874410999999995
              ],
              [
                37.4449403,
                55.873419
              ],
              [
                37.44762239999999,
                55.8719788
              ],
              [
                37.4514503,
                55.870264799999994
              ],
              [
                37.45289209999999,
                55.870062600000004
              ],
              [
                37.45397349999999,
                55.87011599999999
              ],
              [
                37.4546027,
                55.86848989999999
              ],
              [
                37.45454939999999,
                55.86714159999999
              ],
              [
                37.455091,
                55.8646893
              ],
              [
                37.4559372,
                55.86284259999999
              ],
              [
                37.4560826,
                55.86188479999999
              ],
              [
                37.45660139999999,
                55.86085859999999
              ],
              [
                37.457706800000004,
                55.859837399999996
              ],
              [
                37.4588211,
                55.85763849999999
              ],
              [
                37.4594457,
                55.85632089999999
              ],
              [
                37.4601813,
                55.85410589999999
              ],
              [
                37.460847199999996,
                55.85300399999999
              ],
              [
                37.46100609999999,
                55.8518067
              ],
              [
                37.4613263,
                55.851045000000006
              ],
              [
                37.462894199999994,
                55.8500763
              ],
              [
                37.4636035,
                55.8490863
              ],
              [
                37.4634933,
                55.848199699999995
              ],
              [
                37.4653798,
                55.84623409999999
              ],
              [
                37.4667117,
                55.845632599999995
              ],
              [
                37.4680678,
                55.844678200000004
              ],
              [
                37.46884529999999,
                55.8435381
              ],
              [
                37.4698854,
                55.8431779
              ],
              [
                37.4703495,
                55.84272589999999
              ],
              [
                37.4715156,
                55.84239790000001
              ],
              [
                37.4722678,
                55.84177489999998
              ],
              [
                37.4725865,
                55.840353799999995
              ],
              [
                37.472060899999995,
                55.83938859999999
              ],
              [
                37.471677799999995,
                55.837785499999995
              ],
              [
                37.4721785,
                55.83718230000001
              ],
              [
                37.4742235,
                55.8359672
              ],
              [
                37.4762079,
                55.834285899999976
              ],
              [
                37.47781659999999,
                55.8328528
              ],
              [
                37.478983,
                55.831554099999984
              ],
              [
                37.47912269999999,
                55.83074799999999
              ],
              [
                37.4783235,
                55.8304707
              ],
              [
                37.4744678,
                55.83000359999999
              ],
              [
                37.4744188,
                55.829828599999985
              ],
              [
                37.47827319999999,
                55.82660769999998
              ],
              [
                37.4803853,
                55.8270233
              ],
              [
                37.4828213,
                55.8269333
              ],
              [
                37.48574789999999,
                55.826505999999995
              ],
              [
                37.4881261,
                55.82653259999999
              ],
              [
                37.491075099999996,
                55.82727179999999
              ],
              [
                37.49336569999999,
                55.82447829999999
              ],
              [
                37.4926481,
                55.824203100000005
              ],
              [
                37.4902612,
                55.822766399999985
              ],
              [
                37.4889712,
                55.821681999999996
              ],
              [
                37.48753039999999,
                55.81986859999999
              ],
              [
                37.4870696,
                55.8188513
              ],
              [
                37.486701,
                55.8174275
              ],
              [
                37.4870278,
                55.81395169999998
              ],
              [
                37.48722399999999,
                55.81327839999999
              ],
              [
                37.4878979,
                55.81210209999999
              ],
              [
                37.490855499999995,
                55.80847539999999
              ],
              [
                37.501478999999996,
                55.79623029999999
              ],
              [
                37.502853699999996,
                55.7943493
              ],
              [
                37.503545,
                55.792422099999996
              ],
              [
                37.5065923,
                55.778895299999995
              ],
              [
                37.5074274,
                55.777150999999996
              ],
              [
                37.5087504,
                55.7753858
              ],
              [
                37.5219435,
                55.76150899999999
              ],
              [
                37.5225622,
                55.76168839999998
              ],
              [
                37.5242852,
                55.7598459
              ],
              [
                37.5250671,
                55.760107999999995
              ],
              [
                37.52561229999999,
                55.7604868
              ],
              [
                37.5272829,
                55.76129530000001
              ],
              [
                37.532202,
                55.76341619999999
              ],
              [
                37.5332853,
                55.76452100000001
              ],
              [
                37.5341707,
                55.7651495
              ],
              [
                37.5347649,
                55.7661935
              ],
              [
                37.536061,
                55.7661039
              ],
              [
                37.5366332,
                55.76906509999999
              ],
              [
                37.5371295,
                55.769760799999986
              ],
              [
                37.5389633,
                55.7711286
              ],
              [
                37.5405701,
                55.7719534
              ],
              [
                37.541863199999995,
                55.7724063
              ],
              [
                37.544433999999995,
                55.772989
              ],
              [
                37.5496059,
                55.7732177
              ],
              [
                37.55191659999999,
                55.7734083
              ],
              [
                37.57108019999999,
                55.775425799999994
              ],
              [
                37.5759936,
                55.775607999999984
              ],
              [
                37.5780999,
                55.7761477
              ],
              [
                37.5799897,
                55.77692699999999
              ],
              [
                37.5814517,
                55.7776162
              ],
              [
                37.5834176,
                55.77881619999999
              ],
              [
                37.584792699999994,
                55.779866399999996
              ],
              [
                37.585195899999995,
                55.7804825
              ],
              [
                37.5867569,
                55.78494839999999
              ],
              [
                37.587869,
                55.7897054
              ],
              [
                37.5886333,
                55.7920566
              ],
              [
                37.58481580000001,
                55.79449859999999
              ],
              [
                37.5844248,
                55.79499559999999
              ],
              [
                37.5835067,
                55.801021799999994
              ],
              [
                37.5823396,
                55.80552109999999
              ],
              [
                37.580652199999996,
                55.8082874
              ],
              [
                37.5831369,
                55.80862149999999
              ],
              [
                37.5847301,
                55.808682399999995
              ],
              [
                37.5804261,
                55.81085239999999
              ],
              [
                37.5793077,
                55.8118077
              ],
              [
                37.5788313,
                55.8126214
              ],
              [
                37.5778185,
                55.81664059999998
              ],
              [
                37.5745532,
                55.82111609999999
              ],
              [
                37.5740221,
                55.8223928
              ],
              [
                37.57357559999999,
                55.8305841
              ],
              [
                37.573685,
                55.831843899999996
              ],
              [
                37.5741054,
                55.832865
              ],
              [
                37.57467720000001,
                55.8336306
              ],
              [
                37.57739959999999,
                55.835901799999995
              ],
              [
                37.5781537,
                55.8367858
              ],
              [
                37.5786411,
                55.83790659999999
              ],
              [
                37.5786726,
                55.8394438
              ],
              [
                37.5780233,
                55.841025699999996
              ],
              [
                37.5760527,
                55.8430973
              ],
              [
                37.5752619,
                55.84422319999999
              ],
              [
                37.5730897,
                55.850624399999994
              ],
              [
                37.57267819999999,
                55.8532062
              ],
              [
                37.57270739999999,
                55.854734699999995
              ],
              [
                37.57454640000001,
                55.85989310000001
              ],
              [
                37.5746003,
                55.8621169
              ],
              [
                37.5682909,
                55.877590299999994
              ],
              [
                37.5676753,
                55.882644299999995
              ],
              [
                37.56740469999999,
                55.8873023
              ],
              [
                37.567056099999995,
                55.89016320000001
              ],
              [
                37.566358599999994,
                55.89141679999999
              ],
              [
                37.5647478,
                55.892841999999995
              ],
              [
                37.5640581,
                55.893273199999996
              ],
              [
                37.5622276,
                55.89404089999999
              ],
              [
                37.544118499999996,
                55.900665599999996
              ],
              [
                37.5416646,
                55.90173099999999
              ],
              [
                37.5399434,
                55.90288439999999
              ],
              [
                37.538692499999996,
                55.9039985
              ],
              [
                37.5376117,
                55.90547529999999
              ],
              [
                37.5368342,
                55.90711729999999
              ],
              [
                37.5363206,
                55.90756739999999
              ],
              [
                37.5318958,
                55.906827899999996
              ],
              [
                37.5279378,
                55.90601499999999
              ],
              [
                37.526001599999994,
                55.905487699999995
              ],
              [
                37.5244518,
                55.9049172
              ],
              [
                37.5176473,
                55.9019945
              ],
              [
                37.496254199999996,
                55.89247949999999
              ],
              [
                37.495788299999994,
                55.892710799999996
              ],
              [
                37.4951395,
                55.89281739999999
              ],
              [
                37.49434529999999,
                55.8926768
              ],
              [
                37.49374900000001,
                55.89224690000001
              ],
              [
                37.4928601,
                55.89098229999999
              ],
              [
                37.485935299999994,
                55.88839879999999
              ],
              [
                37.485275599999994,
                55.88855650000001
              ],
              [
                37.484849399999995,
                55.8888036
              ],
              [
                37.4839947,
                55.890650099999995
              ],
              [
                37.4835978,
                55.89065039999999
              ],
              [
                37.4833469,
                55.8897276
              ],
              [
                37.4827414,
                55.888758599999996
              ],
              [
                37.4823164,
                55.88838020000001
              ],
              [
                37.47993819999999,
                55.8873168
              ],
              [
                37.4759345,
                55.88586449999999
              ],
              [
                37.4673166,
                55.883792699999994
              ],
              [
                37.46283209999999,
                55.8832171
              ],
              [
                37.4555653,
                55.8832034
              ],
              [
                37.4545974,
                55.88303249999999
              ],
              [
                37.4477311,
                55.8827967
              ],
              [
                37.4439641,
                55.88314230000001
              ],
              [
                37.4424188,
                55.8841651
              ],
              [
                37.4415353,
                55.88383900000001
              ],
              [
                37.441984,
                55.8832633
              ],
              [
                37.441977699999995,
                55.8827631
              ],
              [
                37.44135179999999,
                55.8813548
              ],
              [
                37.44047449999999,
                55.8808216
              ],
              [
                37.43749499999999,
                55.8798936
              ]
            ]
          ],
          [
            [
              [
                37.3686158,
                55.9099132
              ],
              [
                37.3698614,
                55.908195899999996
              ],
              [
                37.3729634,
                55.9096375
              ],
              [
                37.37679519999999,
                55.911243899999995
              ],
              [
                37.37835019999999,
                55.911489499999995
              ],
              [
                37.3830057,
                55.91135919999999
              ],
              [
                37.386723999999994,
                55.911657
              ],
              [
                37.3942619,
                55.914487599999994
              ],
              [
                37.395780599999995,
                55.9154976
              ],
              [
                37.398712999999994,
                55.9166177
              ],
              [
                37.3949359,
                55.91932919999999
              ],
              [
                37.393851,
                55.9211355
              ],
              [
                37.39377799999999,
                55.9215602
              ],
              [
                37.3943312,
                55.9226576
              ],
              [
                37.3968464,
                55.92617009999998
              ],
              [
                37.4084134,
                55.9241346
              ],
              [
                37.4106248,
                55.925248
              ],
              [
                37.4102691,
                55.927206299999995
              ],
              [
                37.4085499,
                55.9285253
              ],
              [
                37.4078184,
                55.928807799999994
              ],
              [
                37.4077466,
                55.9290304
              ],
              [
                37.409427199999996,
                55.929637699999994
              ],
              [
                37.4101622,
                55.930442599999985
              ],
              [
                37.4098611,
                55.9314065
              ],
              [
                37.4101679,
                55.9319133
              ],
              [
                37.4094668,
                55.9330226
              ],
              [
                37.407668799999996,
                55.934691399999984
              ],
              [
                37.406663599999995,
                55.939028
              ],
              [
                37.407719799999995,
                55.9392932
              ],
              [
                37.4074528,
                55.93985399999999
              ],
              [
                37.4082123,
                55.940694099999995
              ],
              [
                37.4081273,
                55.940941800000004
              ],
              [
                37.4084228,
                55.941132499999995
              ],
              [
                37.4082011,
                55.941473099999996
              ],
              [
                37.4085786,
                55.9427713
              ],
              [
                37.4103667,
                55.94525799999999
              ],
              [
                37.415558,
                55.9457605
              ],
              [
                37.4161889,
                55.94654219999999
              ],
              [
                37.4168021,
                55.946739999999984
              ],
              [
                37.4192998,
                55.946696599999996
              ],
              [
                37.4208886,
                55.94719950000001
              ],
              [
                37.4211368,
                55.947481499999995
              ],
              [
                37.4207076,
                55.949716399999986
              ],
              [
                37.4217832,
                55.9502361
              ],
              [
                37.42245809999999,
                55.951314599999996
              ],
              [
                37.4210469,
                55.95161499999999
              ],
              [
                37.4198547,
                55.9515805
              ],
              [
                37.4198359,
                55.951985999999984
              ],
              [
                37.42045819999999,
                55.952516
              ],
              [
                37.41959990000001,
                55.953212799999996
              ],
              [
                37.4167889,
                55.95341680000001
              ],
              [
                37.416783599999995,
                55.9539303
              ],
              [
                37.416418099999994,
                55.954322799999986
              ],
              [
                37.41452509999999,
                55.9546181
              ],
              [
                37.4137634,
                55.9545265
              ],
              [
                37.4132377,
                55.954281699999996
              ],
              [
                37.41312239999999,
                55.9541391
              ],
              [
                37.41340129999999,
                55.9537275
              ],
              [
                37.4132317,
                55.9536671
              ],
              [
                37.4129474,
                55.953884
              ],
              [
                37.4121594,
                55.95390629999999
              ],
              [
                37.41200659999999,
                55.9537997
              ],
              [
                37.41216669999999,
                55.95349469999999
              ],
              [
                37.4113789,
                55.953187
              ],
              [
                37.4108344,
                55.95328159999999
              ],
              [
                37.4107962,
                55.95365009999998
              ],
              [
                37.4105387,
                55.9539984
              ],
              [
                37.4102256,
                55.954160099999996
              ],
              [
                37.4097233,
                55.95420519999999
              ],
              [
                37.4085332,
                55.95400889999999
              ],
              [
                37.4081473,
                55.95391119999999
              ],
              [
                37.40783489999999,
                55.953470499999995
              ],
              [
                37.4074765,
                55.9533538
              ],
              [
                37.4074336,
                55.953087999999994
              ],
              [
                37.40763189999999,
                55.95293769999999
              ],
              [
                37.40831849999999,
                55.953048900000006
              ],
              [
                37.40856459999999,
                55.9529653
              ],
              [
                37.408641100000004,
                55.9527676
              ],
              [
                37.40819509999999,
                55.952502199999984
              ],
              [
                37.4079001,
                55.951706300000005
              ],
              [
                37.4073959,
                55.95132939999999
              ],
              [
                37.4064732,
                55.951443499999996
              ],
              [
                37.4060869,
                55.95118370000001
              ],
              [
                37.4051723,
                55.9508983
              ],
              [
                37.40386339999999,
                55.950769199999996
              ],
              [
                37.401859699999996,
                55.95029309999999
              ],
              [
                37.4011463,
                55.950297600000006
              ],
              [
                37.4007842,
                55.95009039999999
              ],
              [
                37.3992204,
                55.94994470000001
              ],
              [
                37.3987484,
                55.9497585
              ],
              [
                37.39809929999999,
                55.94972689999999
              ],
              [
                37.3965865,
                55.94937849999999
              ],
              [
                37.3941887,
                55.9485901
              ],
              [
                37.3929045,
                55.94872239999999
              ],
              [
                37.3918632,
                55.94931989999999
              ],
              [
                37.3916139,
                55.9500301
              ],
              [
                37.39174229999999,
                55.95050139999999
              ],
              [
                37.392032,
                55.950833
              ],
              [
                37.392984999999996,
                55.9512875
              ],
              [
                37.393135199999996,
                55.95159389999999
              ],
              [
                37.3930494,
                55.952122499999994
              ],
              [
                37.3927919,
                55.9522727
              ],
              [
                37.3916546,
                55.9522787
              ],
              [
                37.391439999999996,
                55.9521645
              ],
              [
                37.3902599,
                55.95199029999999
              ],
              [
                37.38938009999999,
                55.9523207
              ],
              [
                37.3893479,
                55.952555000000004
              ],
              [
                37.38956249999999,
                55.9528133
              ],
              [
                37.38921919999999,
                55.95308360000001
              ],
              [
                37.3876206,
                55.95332989999999
              ],
              [
                37.386365299999994,
                55.95286129999999
              ],
              [
                37.3860649,
                55.95288539999999
              ],
              [
                37.3852817,
                55.95319769999998
              ],
              [
                37.3847345,
                55.953203699999996
              ],
              [
                37.3833198,
                55.95295509999999
              ],
              [
                37.3828826,
                55.9526653
              ],
              [
                37.3829234,
                55.95228449999998
              ],
              [
                37.3837103,
                55.9515128
              ],
              [
                37.3835505,
                55.95131369999999
              ],
              [
                37.3826149,
                55.9508864
              ],
              [
                37.3815823,
                55.95079319999999
              ],
              [
                37.38093849999999,
                55.950959899999994
              ],
              [
                37.3795035,
                55.9516402
              ],
              [
                37.37720219999999,
                55.952478199999995
              ],
              [
                37.3752549,
                55.953592500000006
              ],
              [
                37.3750913,
                55.9540385
              ],
              [
                37.3751584,
                55.954410899999985
              ],
              [
                37.3758611,
                55.9549199
              ],
              [
                37.37623130000001,
                55.9554425
              ],
              [
                37.3719719,
                55.95613819999999
              ],
              [
                37.3594469,
                55.955971199999986
              ],
              [
                37.35821099999999,
                55.95564229999999
              ],
              [
                37.3582748,
                55.95528149999999
              ],
              [
                37.3592083,
                55.954783500000005
              ],
              [
                37.3579229,
                55.954734
              ],
              [
                37.3584023,
                55.954555000000006
              ],
              [
                37.357707299999994,
                55.95448399999999
              ],
              [
                37.3578034,
                55.95408160000001
              ],
              [
                37.3582204,
                55.9537079
              ],
              [
                37.3581766,
                55.953476900000005
              ],
              [
                37.3579972,
                55.9533316
              ],
              [
                37.356000900000005,
                55.9535438
              ],
              [
                37.3547616,
                55.9517115
              ],
              [
                37.3534926,
                55.9511259
              ],
              [
                37.352133099999996,
                55.9514894
              ],
              [
                37.3503876,
                55.95247499999999
              ],
              [
                37.348819,
                55.95189479999999
              ],
              [
                37.34695349999999,
                55.953103500000005
              ],
              [
                37.3464338,
                55.95362200000001
              ],
              [
                37.3463701,
                55.95431939999998
              ],
              [
                37.346872,
                55.955012799999984
              ],
              [
                37.35019479999999,
                55.95692019999999
              ],
              [
                37.3495832,
                55.957289599999996
              ],
              [
                37.3488563,
                55.95701149999999
              ],
              [
                37.3472722,
                55.9566503
              ],
              [
                37.344570499999996,
                55.95640519999999
              ],
              [
                37.3429914,
                55.95642819999999
              ],
              [
                37.3415703,
                55.956828099999996
              ],
              [
                37.3410173,
                55.9565621
              ],
              [
                37.34179919999999,
                55.9559792
              ],
              [
                37.3394677,
                55.95482759999999
              ],
              [
                37.3350259,
                55.95358909999999
              ],
              [
                37.3364424,
                55.95071479999999
              ],
              [
                37.33851860000001,
                55.94885899999999
              ],
              [
                37.338155799999996,
                55.9485636
              ],
              [
                37.3385741,
                55.9480078
              ],
              [
                37.340527599999994,
                55.9462664
              ],
              [
                37.3416982,
                55.9467499
              ],
              [
                37.3479065,
                55.943228899999994
              ],
              [
                37.34745319999999,
                55.94294260000001
              ],
              [
                37.35100859999999,
                55.940786599999996
              ],
              [
                37.3503948,
                55.94047599999999
              ],
              [
                37.3540987,
                55.93890689999999
              ],
              [
                37.3534921,
                55.93857369999999
              ],
              [
                37.35340089999999,
                55.9386119
              ],
              [
                37.3527324,
                55.938147799999996
              ],
              [
                37.3528243,
                55.93810289999998
              ],
              [
                37.3514523,
                55.937224400000005
              ],
              [
                37.3508811,
                55.93744769999999
              ],
              [
                37.3495479,
                55.9366301
              ],
              [
                37.3432683,
                55.9389578
              ],
              [
                37.3428168,
                55.9388521
              ],
              [
                37.3386657,
                55.9370648
              ],
              [
                37.3382762,
                55.9366921
              ],
              [
                37.33820879999999,
                55.9363776
              ],
              [
                37.337379,
                55.9364081
              ],
              [
                37.33581519999999,
                55.93574389999999
              ],
              [
                37.33649179999999,
                55.9354447
              ],
              [
                37.33677999999999,
                55.9349949
              ],
              [
                37.3363011,
                55.934782299999995
              ],
              [
                37.334963,
                55.9353847
              ],
              [
                37.3313205,
                55.93387009999999
              ],
              [
                37.3334455,
                55.9335885
              ],
              [
                37.3366865,
                55.93266479999999
              ],
              [
                37.3379221,
                55.9320225
              ],
              [
                37.3398343,
                55.93073089999999
              ],
              [
                37.3414146,
                55.9289103
              ],
              [
                37.343258199999994,
                55.927089599999995
              ],
              [
                37.3435269,
                55.92664059999999
              ],
              [
                37.3437067,
                55.924183199999995
              ],
              [
                37.34922329999999,
                55.92603849999999
              ],
              [
                37.349286500000005,
                55.92639379999999
              ],
              [
                37.3497022,
                55.92677609999999
              ],
              [
                37.356462799999996,
                55.9299543
              ],
              [
                37.3756398,
                55.9217077
              ],
              [
                37.37782299999999,
                55.9211143
              ],
              [
                37.37696569999999,
                55.92070480000001
              ],
              [
                37.3717351,
                55.91964309999999
              ],
              [
                37.3688493,
                55.9179563
              ],
              [
                37.36967129999999,
                55.91751329999999
              ],
              [
                37.3660258,
                55.91538069999999
              ],
              [
                37.3658403,
                55.91416969999999
              ],
              [
                37.3682071,
                55.9102257
              ],
              [
                37.3686158,
                55.9099132
              ]
            ]
          ]
        ]
      }
    },
    {
      "type": "Feature",
      "properties": {
        "id": 226149,
        "level": "okrug",
        "name_ru": "Западный административный округ",
        "parent_id": null,
        "bbox": [
          36.8880788,
          55.61469629999999,
          37.5744922,
          55.8126881
        ]
      },
      "geometry": {
        "type": "MultiPolygon",
        "coordinates": [
          [
            [
              [
                37.3298214,
                55.68544259999998
              ],
              [
                37.3292925,
                55.68565259999999
              ],
              [
                37.3262279,
                55.682759999999995
              ],
              [
                37.32915940000001,
                55.6819169
              ],
              [
                37.3295949,
                55.68188399999998
              ],
              [
                37.3299632,
                55.68164789999999
              ],
              [
                37.3311843,
                55.68132469999999
              ],
              [
                37.3312805,
                55.6814171
              ],
              [
                37.3333559,
                55.68067899999999
              ],
              [
                37.3336914,
                55.68042449999999
              ],
              [
                37.3460859,
                55.67629889999999
              ],
              [
                37.3489862,
                55.678562
              ],
              [
                37.3542991,
                55.6763211
              ],
              [
                37.3574845,
                55.67924319999998
              ],
              [
                37.3580956,
                55.6790776
              ],
              [
                37.3611,
                55.6820978
              ],
              [
                37.3550715,
                55.68552319999999
              ],
              [
                37.3556746,
                55.6861406
              ],
              [
                37.3566586,
                55.68770629999999
              ],
              [
                37.3558015,
                55.6874558
              ],
              [
                37.35624589999999,
                55.6886278
              ],
              [
                37.3567062,
                55.6893346
              ],
              [
                37.3567538,
                55.68996080000001
              ],
              [
                37.357261699999995,
                55.69040809999999
              ],
              [
                37.357973,
                55.6917385
              ],
              [
                37.3592205,
                55.69137959999999
              ],
              [
                37.359125799999994,
                55.69093749999998
              ],
              [
                37.3610831,
                55.6900911
              ],
              [
                37.361096,
                55.689988199999995
              ],
              [
                37.3596676,
                55.6890355
              ],
              [
                37.363950800000005,
                55.687769399999986
              ],
              [
                37.3643424,
                55.68821659999999
              ],
              [
                37.3626871,
                55.688776399999995
              ],
              [
                37.3633645,
                55.689963899999995
              ],
              [
                37.3643209,
                55.69069149999999
              ],
              [
                37.36536439999999,
                55.6902529
              ],
              [
                37.36606919999999,
                55.69010319999999
              ],
              [
                37.3666553,
                55.6907832
              ],
              [
                37.3679036,
                55.6917278
              ],
              [
                37.372857999999994,
                55.69106649999999
              ],
              [
                37.37150199999999,
                55.69004009999999
              ],
              [
                37.3748651,
                55.6889363
              ],
              [
                37.3771988,
                55.6906146
              ],
              [
                37.3810709,
                55.692636099999994
              ],
              [
                37.38133409999999,
                55.692470799999995
              ],
              [
                37.3828033,
                55.693221699999995
              ],
              [
                37.38337539999999,
                55.6932199
              ],
              [
                37.383496599999994,
                55.69307940000001
              ],
              [
                37.383693199999996,
                55.69307259999999
              ],
              [
                37.38413839999999,
                55.693826099999995
              ],
              [
                37.3901959,
                55.69677589999999
              ],
              [
                37.3936964,
                55.69481309999998
              ],
              [
                37.3941394,
                55.69515919999999
              ],
              [
                37.39409069999999,
                55.69578739999999
              ],
              [
                37.3943217,
                55.6963587
              ],
              [
                37.3954737,
                55.6965981
              ],
              [
                37.3966154,
                55.696523
              ],
              [
                37.3961619,
                55.69781719999999
              ],
              [
                37.39581199999999,
                55.6983311
              ],
              [
                37.39508299999999,
                55.698922499999995
              ],
              [
                37.3952772,
                55.69899809999999
              ],
              [
                37.3961249,
                55.69821559999999
              ],
              [
                37.3968641,
                55.6965214
              ],
              [
                37.3975527,
                55.696670700000006
              ],
              [
                37.397908,
                55.697122
              ],
              [
                37.3983354,
                55.697371899999986
              ],
              [
                37.4008323,
                55.6979391
              ],
              [
                37.4021617,
                55.6988389
              ],
              [
                37.41037419999999,
                55.69262919999999
              ],
              [
                37.4125257,
                55.6902313
              ],
              [
                37.4138545,
                55.68799259999999
              ],
              [
                37.414959999999994,
                55.685266999999996
              ],
              [
                37.414682899999995,
                55.683954799999995
              ],
              [
                37.41516029999999,
                55.6824256
              ],
              [
                37.4142093,
                55.6820281
              ],
              [
                37.41437599999999,
                55.68185509999999
              ],
              [
                37.4151035,
                55.68210979999999
              ],
              [
                37.4154479,
                55.68204329999998
              ],
              [
                37.4172944,
                55.68098499999999
              ],
              [
                37.417481,
                55.6807762
              ],
              [
                37.41058499999999,
                55.67804829999999
              ],
              [
                37.4112905,
                55.6774909
              ],
              [
                37.4089253,
                55.676324699999995
              ],
              [
                37.4059717,
                55.67445779999999
              ],
              [
                37.405707299999996,
                55.67328100000001
              ],
              [
                37.4048008,
                55.6728286
              ],
              [
                37.40403249999999,
                55.6710433
              ],
              [
                37.4042452,
                55.6707015
              ],
              [
                37.4059429,
                55.670103899999994
              ],
              [
                37.40673189999999,
                55.6703729
              ],
              [
                37.40753569999999,
                55.6697626
              ],
              [
                37.40733809999999,
                55.6696825
              ],
              [
                37.4130736,
                55.667409799999994
              ],
              [
                37.4154573,
                55.6647647
              ],
              [
                37.4119834,
                55.66361779999999
              ],
              [
                37.4094801,
                55.66296389999999
              ],
              [
                37.40466099999999,
                55.6619362
              ],
              [
                37.40216469999999,
                55.6615229
              ],
              [
                37.40081740000001,
                55.6616488
              ],
              [
                37.3998873,
                55.6615583
              ],
              [
                37.3972414,
                55.66104039999999
              ],
              [
                37.3941332,
                55.6609367
              ],
              [
                37.3895322,
                55.6617602
              ],
              [
                37.3890614,
                55.6619263
              ],
              [
                37.386664499999995,
                55.664411099999995
              ],
              [
                37.3861581,
                55.66457569999999
              ],
              [
                37.3805794,
                55.6645089
              ],
              [
                37.380066,
                55.6644295
              ],
              [
                37.37971199999999,
                55.664027899999994
              ],
              [
                37.37909599999999,
                55.66252539999999
              ],
              [
                37.378318,
                55.6598282
              ],
              [
                37.3780033,
                55.65948279999999
              ],
              [
                37.3769914,
                55.65910199999999
              ],
              [
                37.370951999999996,
                55.659057799999985
              ],
              [
                37.3697653,
                55.659519399999986
              ],
              [
                37.36997139999999,
                55.6605437
              ],
              [
                37.3696052,
                55.661038899999994
              ],
              [
                37.36999879999999,
                55.66799679999999
              ],
              [
                37.3690415,
                55.66891909999999
              ],
              [
                37.3646174,
                55.6691244
              ],
              [
                37.363363799999995,
                55.66866229999999
              ],
              [
                37.358244,
                55.666044899999996
              ],
              [
                37.3584524,
                55.66257609999999
              ],
              [
                37.3528876,
                55.6603377
              ],
              [
                37.35023759999999,
                55.66119849999998
              ],
              [
                37.35043120000001,
                55.66179559999999
              ],
              [
                37.3505549,
                55.66180949999998
              ],
              [
                37.3505088,
                55.66241019999999
              ],
              [
                37.3535824,
                55.6637243
              ],
              [
                37.351702,
                55.6648773
              ],
              [
                37.349778,
                55.665564800000006
              ],
              [
                37.348046599999996,
                55.6658288
              ],
              [
                37.3481316,
                55.66419309999999
              ],
              [
                37.3484908,
                55.662906500000005
              ],
              [
                37.3482962,
                55.662791299999995
              ],
              [
                37.3481067,
                55.662822199999994
              ],
              [
                37.3476527,
                55.66203139999999
              ],
              [
                37.3441803,
                55.6624606
              ],
              [
                37.3437687,
                55.66233089999999
              ],
              [
                37.3436045,
                55.662100899999984
              ],
              [
                37.3438717,
                55.66173169999999
              ],
              [
                37.34344159999999,
                55.66156629999998
              ],
              [
                37.34312169999999,
                55.66105069999999
              ],
              [
                37.34203,
                55.6601291
              ],
              [
                37.3421337,
                55.659671599999996
              ],
              [
                37.342325,
                55.659546099999986
              ],
              [
                37.342183,
                55.6592944
              ],
              [
                37.34181809999999,
                55.659168099999995
              ],
              [
                37.34154920000001,
                55.6588625
              ],
              [
                37.3418702,
                55.6580635
              ],
              [
                37.3409501,
                55.65773
              ],
              [
                37.34112189999999,
                55.65719090000001
              ],
              [
                37.34101919999999,
                55.65713499999999
              ],
              [
                37.341427499999995,
                55.65691499999999
              ],
              [
                37.341346,
                55.65651609999999
              ],
              [
                37.34152890000001,
                55.65606619999999
              ],
              [
                37.3423664,
                55.655497
              ],
              [
                37.3421265,
                55.655026799999995
              ],
              [
                37.3425024,
                55.6548082
              ],
              [
                37.3428291,
                55.6541916
              ],
              [
                37.3430571,
                55.65405779999999
              ],
              [
                37.3405144,
                55.6535229
              ],
              [
                37.33786,
                55.652824
              ],
              [
                37.3360925,
                55.651878499999995
              ],
              [
                37.3350044,
                55.6509183
              ],
              [
                37.3342189,
                55.64979339999998
              ],
              [
                37.3328449,
                55.648367699999994
              ],
              [
                37.3308994,
                55.64730549999999
              ],
              [
                37.33204719999999,
                55.64593779999999
              ],
              [
                37.3317032,
                55.64452699999999
              ],
              [
                37.3306524,
                55.64225029999999
              ],
              [
                37.3299897,
                55.6418396
              ],
              [
                37.3302905,
                55.64091529999998
              ],
              [
                37.3298184,
                55.6398738
              ],
              [
                37.3303472,
                55.639323899999994
              ],
              [
                37.3324398,
                55.63954769999999
              ],
              [
                37.334406200000004,
                55.63847989999999
              ],
              [
                37.33548420000001,
                55.6360955
              ],
              [
                37.33561580000001,
                55.6361084
              ],
              [
                37.3360563,
                55.635179
              ],
              [
                37.33854959999999,
                55.635487999999995
              ],
              [
                37.3388586,
                55.63539419999999
              ],
              [
                37.3421195,
                55.6337877
              ],
              [
                37.3425517,
                55.63316009999999
              ],
              [
                37.34378319999999,
                55.6324281
              ],
              [
                37.3561172,
                55.63057619999999
              ],
              [
                37.3598713,
                55.62972479999999
              ],
              [
                37.36179739999999,
                55.6290315
              ],
              [
                37.3638921,
                55.627932399999985
              ],
              [
                37.3656887,
                55.62670059999999
              ],
              [
                37.3686851,
                55.6248944
              ],
              [
                37.3709544,
                55.622777899999996
              ],
              [
                37.37228890000001,
                55.620327
              ],
              [
                37.3739831,
                55.6160562
              ],
              [
                37.37422899999999,
                55.61469629999999
              ],
              [
                37.3880903,
                55.61820119999999
              ],
              [
                37.418491599999996,
                55.626233600000006
              ],
              [
                37.441740100000004,
                55.6321821
              ],
              [
                37.446280099999996,
                55.63347939999999
              ],
              [
                37.448574099999995,
                55.634243599999984
              ],
              [
                37.4554342,
                55.6372228
              ],
              [
                37.45571869999999,
                55.6370488
              ],
              [
                37.4826333,
                55.64953699999998
              ],
              [
                37.5016534,
                55.658524599999986
              ],
              [
                37.5200937,
                55.67088459999999
              ],
              [
                37.5240099,
                55.6737058
              ],
              [
                37.5142637,
                55.678286
              ],
              [
                37.51166239999999,
                55.679730599999985
              ],
              [
                37.53657119999999,
                55.6935632
              ],
              [
                37.5592321,
                55.71028019999999
              ],
              [
                37.556872899999995,
                55.71034259999999
              ],
              [
                37.552897,
                55.7109726
              ],
              [
                37.54851589999999,
                55.71226279999999
              ],
              [
                37.5459418,
                55.71368699999999
              ],
              [
                37.5433307,
                55.7156172
              ],
              [
                37.5418853,
                55.717594599999984
              ],
              [
                37.5410812,
                55.72012509999999
              ],
              [
                37.5411815,
                55.72205580000001
              ],
              [
                37.5418635,
                55.72403959999999
              ],
              [
                37.5430747,
                55.7255663
              ],
              [
                37.54490259999999,
                55.727055699999994
              ],
              [
                37.5530345,
                55.7299466
              ],
              [
                37.5590625,
                55.73306869999998
              ],
              [
                37.5636326,
                55.73509539999999
              ],
              [
                37.5657503,
                55.736401
              ],
              [
                37.56832669999999,
                55.7385525
              ],
              [
                37.5738914,
                55.7447089
              ],
              [
                37.57444929999999,
                55.74632729999999
              ],
              [
                37.5744922,
                55.748863500000006
              ],
              [
                37.5740201,
                55.7503369
              ],
              [
                37.5730331,
                55.751472
              ],
              [
                37.5708015,
                55.75272789999999
              ],
              [
                37.5678832,
                55.753355799999994
              ],
              [
                37.56402080000001,
                55.7535974
              ],
              [
                37.56017829999999,
                55.7530784
              ],
              [
                37.557561699999994,
                55.7523904
              ],
              [
                37.554535200000004,
                55.7514364
              ],
              [
                37.54355019999999,
                55.74652050000001
              ],
              [
                37.5403745,
                55.74545769999999
              ],
              [
                37.53734949999999,
                55.7447767
              ],
              [
                37.5357486,
                55.744582099999995
              ],
              [
                37.532404199999995,
                55.74439629999999
              ],
              [
                37.52797199999999,
                55.7446122
              ],
              [
                37.525568699999994,
                55.74533689999999
              ],
              [
                37.5236375,
                55.74632729999999
              ],
              [
                37.5220496,
                55.74758340000001
              ],
              [
                37.51850269999999,
                55.75258459999999
              ],
              [
                37.517672299999994,
                55.75463579999999
              ],
              [
                37.51629899999999,
                55.75683339999999
              ],
              [
                37.5145394,
                55.75808910000001
              ],
              [
                37.5116641,
                55.759658699999996
              ],
              [
                37.5058276,
                55.761783599999994
              ],
              [
                37.5042827,
                55.762532099999994
              ],
              [
                37.50295229999999,
                55.7634013
              ],
              [
                37.501064,
                55.764367099999994
              ],
              [
                37.498145799999996,
                55.7655019
              ],
              [
                37.49205179999999,
                55.7673608
              ],
              [
                37.4897158,
                55.7679596
              ],
              [
                37.4871806,
                55.768194099999995
              ],
              [
                37.4845108,
                55.76817
              ],
              [
                37.48191889999999,
                55.767976899999994
              ],
              [
                37.48003609999999,
                55.76771279999999
              ],
              [
                37.47886590000001,
                55.767343399999994
              ],
              [
                37.4780555,
                55.766692299999995
              ],
              [
                37.476388,
                55.7645104
              ],
              [
                37.4761731,
                55.7617112
              ],
              [
                37.4767739,
                55.7569059
              ],
              [
                37.476731,
                55.7559641
              ],
              [
                37.4761731,
                55.75229319999999
              ],
              [
                37.4751432,
                55.749878
              ],
              [
                37.474156099999995,
                55.7485012
              ],
              [
                37.472782800000004,
                55.74726929999999
              ],
              [
                37.4710233,
                55.7461099
              ],
              [
                37.467375499999996,
                55.744032499999996
              ],
              [
                37.46480059999999,
                55.74289709999999
              ],
              [
                37.46179649999999,
                55.7418583
              ],
              [
                37.45913569999999,
                55.7412061
              ],
              [
                37.45531629999999,
                55.7406021
              ],
              [
                37.452526799999994,
                55.7406021
              ],
              [
                37.44926519999999,
                55.74113359999999
              ],
              [
                37.4465186,
                55.7418583
              ],
              [
                37.44445869999999,
                55.7426072
              ],
              [
                37.44248459999999,
                55.74357349999999
              ],
              [
                37.43973799999999,
                55.74521609999999
              ],
              [
                37.4373777,
                55.7464239
              ],
              [
                37.436691,
                55.74710029999999
              ],
              [
                37.4363477,
                55.74787319999999
              ],
              [
                37.4368888,
                55.74921849999999
              ],
              [
                37.4373764,
                55.74968559999999
              ],
              [
                37.4392216,
                55.7505309
              ],
              [
                37.4530833,
                55.753887999999996
              ],
              [
                37.455443599999995,
                55.75478149999999
              ],
              [
                37.4576323,
                55.75581999999999
              ],
              [
                37.4596064,
                55.757148199999996
              ],
              [
                37.4634259,
                55.7601907
              ],
              [
                37.46452049999999,
                55.7623834
              ],
              [
                37.46466279999999,
                55.763295299999996
              ],
              [
                37.4642718,
                55.765227899999985
              ],
              [
                37.4639901,
                55.76577129999999
              ],
              [
                37.46293969999999,
                55.766950499999986
              ],
              [
                37.460378899999995,
                55.769075699999995
              ],
              [
                37.4552656,
                55.774177099999996
              ],
              [
                37.45303,
                55.77569369999999
              ],
              [
                37.4506431,
                55.7768688
              ],
              [
                37.448829399999994,
                55.77727649999999
              ],
              [
                37.4473534,
                55.77725339999999
              ],
              [
                37.4454867,
                55.77687729999999
              ],
              [
                37.4362176,
                55.774406500000005
              ],
              [
                37.4341209,
                55.774199599999996
              ],
              [
                37.43074639999999,
                55.774173
              ],
              [
                37.42884329999999,
                55.7742825
              ],
              [
                37.4169486,
                55.77532779999999
              ],
              [
                37.4085801,
                55.77576219999999
              ],
              [
                37.4018275,
                55.77179809999999
              ],
              [
                37.400518299999995,
                55.7714337
              ],
              [
                37.3982596,
                55.7711769
              ],
              [
                37.394868499999994,
                55.77120299999999
              ],
              [
                37.38673229999999,
                55.770902199999995
              ],
              [
                37.38616919999999,
                55.7712068
              ],
              [
                37.383402499999995,
                55.77218249999999
              ],
              [
                37.3797521,
                55.7723483
              ],
              [
                37.3789227,
                55.772032299999985
              ],
              [
                37.3788354,
                55.77167729999999
              ],
              [
                37.3708646,
                55.7710135
              ],
              [
                37.3702608,
                55.771362299999986
              ],
              [
                37.37026159999999,
                55.7730269
              ],
              [
                37.3688853,
                55.7730383
              ],
              [
                37.3687433,
                55.7724986
              ],
              [
                37.3678722,
                55.772120799999996
              ],
              [
                37.36651609999999,
                55.77175939999999
              ],
              [
                37.3660152,
                55.77174559999999
              ],
              [
                37.3655168,
                55.771896299999995
              ],
              [
                37.36525989999999,
                55.771727999999996
              ],
              [
                37.36675639999999,
                55.7709031
              ],
              [
                37.3664095,
                55.7703678
              ],
              [
                37.36652670000001,
                55.770008399999995
              ],
              [
                37.36737300000001,
                55.76962150000001
              ],
              [
                37.368644399999994,
                55.76869
              ],
              [
                37.36860779999999,
                55.76694089999999
              ],
              [
                37.3668393,
                55.765736399999994
              ],
              [
                37.366306,
                55.7646072
              ],
              [
                37.3656124,
                55.7644124
              ],
              [
                37.3657364,
                55.76420459999999
              ],
              [
                37.3667278,
                55.76431879999999
              ],
              [
                37.367905,
                55.76413549999999
              ],
              [
                37.3681563,
                55.76377599999999
              ],
              [
                37.36787199999999,
                55.76303709999999
              ],
              [
                37.368489,
                55.76255649999999
              ],
              [
                37.368565100000005,
                55.756875599999994
              ],
              [
                37.3683119,
                55.75012999999999
              ],
              [
                37.36894769999999,
                55.74598199999999
              ],
              [
                37.370409,
                55.7425274
              ],
              [
                37.3735547,
                55.73649379999999
              ],
              [
                37.3745176,
                55.7343246
              ],
              [
                37.3739842,
                55.7329321
              ],
              [
                37.3739824,
                55.73251289999999
              ],
              [
                37.3741806,
                55.732150799999985
              ],
              [
                37.3747956,
                55.731873599999986
              ],
              [
                37.3757427,
                55.73188749999999
              ],
              [
                37.3792684,
                55.7250186
              ],
              [
                37.3792148,
                55.72419489999999
              ],
              [
                37.3788459,
                55.72381499999999
              ],
              [
                37.37847829999999,
                55.723752499999996
              ],
              [
                37.37845399999999,
                55.72333839999999
              ],
              [
                37.3793277,
                55.7229619
              ],
              [
                37.381123499999994,
                55.72138339999999
              ],
              [
                37.38430989999999,
                55.715165899999995
              ],
              [
                37.3837149,
                55.71444749999999
              ],
              [
                37.382223399999994,
                55.71343389999999
              ],
              [
                37.381352,
                55.713094299999995
              ],
              [
                37.381562300000006,
                55.712603300000005
              ],
              [
                37.3826351,
                55.7126392
              ],
              [
                37.3854092,
                55.7117403
              ],
              [
                37.38666099999999,
                55.7111475
              ],
              [
                37.3897062,
                55.7081228
              ],
              [
                37.3924774,
                55.70591929999998
              ],
              [
                37.387941299999994,
                55.7043201
              ],
              [
                37.3885622,
                55.703556199999994
              ],
              [
                37.388239299999995,
                55.7032332
              ],
              [
                37.39048369999999,
                55.70243649999999
              ],
              [
                37.388645800000006,
                55.7007934
              ],
              [
                37.3921625,
                55.69842319999999
              ],
              [
                37.389829799999994,
                55.69694919999999
              ],
              [
                37.3878858,
                55.69810449999999
              ],
              [
                37.3854471,
                55.69696909999999
              ],
              [
                37.382014,
                55.69853669999999
              ],
              [
                37.37903419999999,
                55.69731269999999
              ],
              [
                37.3795116,
                55.696922699999995
              ],
              [
                37.3791575,
                55.69675039999999
              ],
              [
                37.378658599999994,
                55.697125299999996
              ],
              [
                37.3781937,
                55.69684329999999
              ],
              [
                37.37761089999999,
                55.70425459999999
              ],
              [
                37.3774809,
                55.709397199999984
              ],
              [
                37.3767396,
                55.710674299999994
              ],
              [
                37.376059999999995,
                55.710720099999996
              ],
              [
                37.37546689999999,
                55.7114978
              ],
              [
                37.3718947,
                55.710955599999984
              ],
              [
                37.36944449999999,
                55.71036329999999
              ],
              [
                37.3644213,
                55.70890469999999
              ],
              [
                37.365192699999994,
                55.7080444
              ],
              [
                37.3675067,
                55.70797179999999
              ],
              [
                37.3675802,
                55.7082587
              ],
              [
                37.3683517,
                55.70822299999999
              ],
              [
                37.3684833,
                55.70853989999999
              ],
              [
                37.369347399999995,
                55.70849509999999
              ],
              [
                37.3690857,
                55.70741149999999
              ],
              [
                37.3682256,
                55.7074588
              ],
              [
                37.36615509999999,
                55.70700349999999
              ],
              [
                37.36800759999999,
                55.7045431
              ],
              [
                37.368481,
                55.703689899999986
              ],
              [
                37.3704149,
                55.7041782
              ],
              [
                37.3709402,
                55.70369249999999
              ],
              [
                37.36878219999999,
                55.703176999999975
              ],
              [
                37.3686399,
                55.703477
              ],
              [
                37.36774,
                55.7032986
              ],
              [
                37.367951399999995,
                55.7026652
              ],
              [
                37.369005,
                55.70276119999999
              ],
              [
                37.3691059,
                55.702474999999986
              ],
              [
                37.3668194,
                55.70212909999999
              ],
              [
                37.3664989,
                55.703085099999996
              ],
              [
                37.36591399999999,
                55.7029208
              ],
              [
                37.3656043,
                55.702050899999996
              ],
              [
                37.3652691,
                55.7018604
              ],
              [
                37.3646683,
                55.70186199999999
              ],
              [
                37.3655936,
                55.70131790000001
              ],
              [
                37.365595,
                55.7009431
              ],
              [
                37.364439,
                55.7008773
              ],
              [
                37.3637315,
                55.701351499999994
              ],
              [
                37.3634392,
                55.70162959999999
              ],
              [
                37.3634412,
                55.7018211
              ],
              [
                37.3633127,
                55.7018251
              ],
              [
                37.3633195,
                55.7007325
              ],
              [
                37.3573203,
                55.700548899999994
              ],
              [
                37.357435499999994,
                55.69952349999999
              ],
              [
                37.355769,
                55.699460099999996
              ],
              [
                37.35563019999999,
                55.7005218
              ],
              [
                37.3533615,
                55.70045029999999
              ],
              [
                37.3531138,
                55.7017954
              ],
              [
                37.3541338,
                55.702340099999994
              ],
              [
                37.353968,
                55.7031365
              ],
              [
                37.3563797,
                55.70460229999999
              ],
              [
                37.3560893,
                55.7047715
              ],
              [
                37.3514621,
                55.7022513
              ],
              [
                37.3514358,
                55.70187430000001
              ],
              [
                37.3516525,
                55.7018744
              ],
              [
                37.3518141,
                55.70016579999999
              ],
              [
                37.347376,
                55.69764929999999
              ],
              [
                37.34496519999999,
                55.6983969
              ],
              [
                37.344568499999994,
                55.6969048
              ],
              [
                37.3438154,
                55.6961412
              ],
              [
                37.3429431,
                55.6946987
              ],
              [
                37.3423737,
                55.6932191
              ],
              [
                37.34235159999999,
                55.6925536
              ],
              [
                37.3439443,
                55.69059409999999
              ],
              [
                37.3437926,
                55.6901985
              ],
              [
                37.34403639999999,
                55.68943549999999
              ],
              [
                37.3438553,
                55.689222499999985
              ],
              [
                37.3423024,
                55.68908759999999
              ],
              [
                37.3424181,
                55.68872169999999
              ],
              [
                37.3397625,
                55.6881671
              ],
              [
                37.33973309999999,
                55.68796449999999
              ],
              [
                37.3393663,
                55.68775360000001
              ],
              [
                37.3394208,
                55.6873443
              ],
              [
                37.338542399999994,
                55.68728819999999
              ],
              [
                37.33881389999999,
                55.687639499999996
              ],
              [
                37.3387602,
                55.688654099999994
              ],
              [
                37.33785989999999,
                55.69014979999999
              ],
              [
                37.338699999999996,
                55.691365099999985
              ],
              [
                37.3386913,
                55.692567399999994
              ],
              [
                37.337969599999994,
                55.693372999999994
              ],
              [
                37.3376329,
                55.693515599999984
              ],
              [
                37.33065299999999,
                55.68707259999999
              ],
              [
                37.3307451,
                55.68704079999999
              ],
              [
                37.3294276,
                55.6857865
              ],
              [
                37.3339095,
                55.68419999999999
              ],
              [
                37.333953699999995,
                55.68393669999998
              ],
              [
                37.3336066,
                55.683228599999985
              ],
              [
                37.3348231,
                55.682553299999995
              ],
              [
                37.3348271,
                55.682452899999994
              ],
              [
                37.3341064,
                55.68204779999999
              ],
              [
                37.3325117,
                55.68294079999999
              ],
              [
                37.3309701,
                55.681553099999995
              ],
              [
                37.32687109999999,
                55.68296310000001
              ],
              [
                37.328424899999995,
                55.6842655
              ],
              [
                37.328588499999995,
                55.6842783
              ],
              [
                37.3298214,
                55.68544259999998
              ]
            ]
          ],
          [
            [
              [
                36.9127025,
                55.7475113
              ],
              [
                36.9080791,
                55.7487516
              ],
              [
                36.9077905,
                55.747319399999995
              ],
              [
                36.90604909999999,
                55.74695659999998
              ],
              [
                36.9052217,
                55.74561359999999
              ],
              [
                36.9047551,
                55.74539430000001
              ],
              [
                36.9028742,
                55.744912299999996
              ],
              [
                36.8997474,
                55.7453672
              ],
              [
                36.8996801,
                55.744695699999994
              ],
              [
                36.8992375,
                55.7441731
              ],
              [
                36.8992568,
                55.743642400000006
              ],
              [
                36.8989441,
                55.7432985
              ],
              [
                36.8989633,
                55.742659399999994
              ],
              [
                36.8986506,
                55.7424076
              ],
              [
                36.898583300000006,
                55.74180640000001
              ],
              [
                36.8971979,
                55.742445499999995
              ],
              [
                36.89687080000001,
                55.74216929999999
              ],
              [
                36.89912209999999,
                55.7411836
              ],
              [
                36.899218299999994,
                55.7410401
              ],
              [
                36.9000553,
                55.73837809999999
              ],
              [
                36.8999879,
                55.7377037
              ],
              [
                36.9003343,
                55.736801899999996
              ],
              [
                36.9005548,
                55.735164099999984
              ],
              [
                36.89993019999999,
                55.735141699999986
              ],
              [
                36.9000938,
                55.7347273
              ],
              [
                36.8998773,
                55.7346569
              ],
              [
                36.8997282,
                55.7337604
              ],
              [
                36.8983105,
                55.7332947
              ],
              [
                36.89726209999999,
                55.73345799999999
              ],
              [
                36.89727649999999,
                55.73331
              ],
              [
                36.8969771,
                55.73331769999999
              ],
              [
                36.8955145,
                55.733550400000006
              ],
              [
                36.8952917,
                55.73374859999999
              ],
              [
                36.8949457,
                55.7338233
              ],
              [
                36.89361639999999,
                55.7338769
              ],
              [
                36.8923239,
                55.73376199999999
              ],
              [
                36.891725199999996,
                55.7338233
              ],
              [
                36.8904871,
                55.733601099999994
              ],
              [
                36.89003809999999,
                55.73435949999999
              ],
              [
                36.8893441,
                55.73403009999999
              ],
              [
                36.8889768,
                55.73420629999998
              ],
              [
                36.8885414,
                55.73485749999999
              ],
              [
                36.8880788,
                55.7344361
              ],
              [
                36.889140100000006,
                55.733639399999994
              ],
              [
                36.8895754,
                55.73302660000001
              ],
              [
                36.89242589999999,
                55.7333675
              ],
              [
                36.896064499999994,
                55.73327259999999
              ],
              [
                36.9015629,
                55.73240859999998
              ],
              [
                36.904074,
                55.7321513
              ],
              [
                36.9076385,
                55.732243399999994
              ],
              [
                36.9093029,
                55.732091699999984
              ],
              [
                36.91089999999999,
                55.732449200000005
              ],
              [
                36.9141952,
                55.732839199999994
              ],
              [
                36.916056,
                55.7325922
              ],
              [
                36.9177549,
                55.732078099999995
              ],
              [
                36.9188421,
                55.7313956
              ],
              [
                36.918914199999996,
                55.7310489
              ],
              [
                36.9193905,
                55.7312466
              ],
              [
                36.91757900000001,
                55.73307589999999
              ],
              [
                36.9177111,
                55.7334413
              ],
              [
                36.92087080000001,
                55.73289700000001
              ],
              [
                36.92184159999999,
                55.733885799999996
              ],
              [
                36.9217882,
                55.734142
              ],
              [
                36.9237123,
                55.7368148
              ],
              [
                36.91623789999999,
                55.73690179999999
              ],
              [
                36.910926,
                55.7362016
              ],
              [
                36.9107236,
                55.7362346
              ],
              [
                36.9102614,
                55.736513299999984
              ],
              [
                36.91012369999999,
                55.736857
              ],
              [
                36.9104673,
                55.73856509999999
              ],
              [
                36.9101722,
                55.738687599999984
              ],
              [
                36.906772100000005,
                55.738601499999994
              ],
              [
                36.9063896,
                55.7395704
              ],
              [
                36.9052964,
                55.74054370000001
              ],
              [
                36.904718,
                55.7408697
              ],
              [
                36.9047674,
                55.7413271
              ],
              [
                36.9075798,
                55.7414589
              ],
              [
                36.9080318,
                55.741245299999996
              ],
              [
                36.90877489999999,
                55.7403209
              ],
              [
                36.90944369999999,
                55.73909419999999
              ],
              [
                36.9105616,
                55.73859279999999
              ],
              [
                36.9101958,
                55.73685929999999
              ],
              [
                36.91034520000001,
                55.7365454
              ],
              [
                36.9107647,
                55.736282499999994
              ],
              [
                36.9111845,
                55.73627179999999
              ],
              [
                36.9162043,
                55.736954199999985
              ],
              [
                36.92402189999999,
                55.7368892
              ],
              [
                36.932498499999994,
                55.74211949999999
              ],
              [
                36.9331864,
                55.7426073
              ],
              [
                36.9340787,
                55.7435035
              ],
              [
                36.93462279999999,
                55.744643
              ],
              [
                36.934905099999995,
                55.74590549999999
              ],
              [
                36.93765499999999,
                55.75391869999999
              ],
              [
                36.9393699,
                55.753759599999995
              ],
              [
                36.9408181,
                55.7539135
              ],
              [
                36.941063899999996,
                55.754316299999985
              ],
              [
                36.943631499999995,
                55.75466109999999
              ],
              [
                36.943810799999994,
                55.7536499
              ],
              [
                36.9448021,
                55.7521716
              ],
              [
                36.94566,
                55.751227799999995
              ],
              [
                36.9480606,
                55.75183460000001
              ],
              [
                36.948236,
                55.7517362
              ],
              [
                36.94860789999999,
                55.751187099999996
              ],
              [
                36.94810129999999,
                55.75076999999998
              ],
              [
                36.948386299999996,
                55.7504932
              ],
              [
                36.94796879999999,
                55.75032049999999
              ],
              [
                36.9484381,
                55.7500398
              ],
              [
                36.9467093,
                55.74913529999999
              ],
              [
                36.9463198,
                55.749000499999994
              ],
              [
                36.9461216,
                55.7491337
              ],
              [
                36.9449958,
                55.748582
              ],
              [
                36.944602,
                55.74822609999999
              ],
              [
                36.944873699999995,
                55.74796709999999
              ],
              [
                36.9458608,
                55.747483
              ],
              [
                36.9448014,
                55.7469737
              ],
              [
                36.9453832,
                55.7455499
              ],
              [
                36.9432126,
                55.74339899999999
              ],
              [
                36.9438571,
                55.74323249999999
              ],
              [
                36.94262260000001,
                55.74208279999999
              ],
              [
                36.941123,
                55.742321700000005
              ],
              [
                36.940881299999994,
                55.7390788
              ],
              [
                36.9407418,
                55.73894949999999
              ],
              [
                36.94026050000001,
                55.7388538
              ],
              [
                36.9396924,
                55.7388605
              ],
              [
                36.9370984,
                55.73928389999998
              ],
              [
                36.936665700000006,
                55.739518
              ],
              [
                36.936006899999995,
                55.739558499999994
              ],
              [
                36.9352279,
                55.7371427
              ],
              [
                36.9460306,
                55.7367582
              ],
              [
                36.9468661,
                55.73585229999999
              ],
              [
                36.9469268,
                55.734535799999996
              ],
              [
                36.94727449999999,
                55.733889
              ],
              [
                36.9476722,
                55.7317613
              ],
              [
                36.96199779999999,
                55.7327527
              ],
              [
                36.9629358,
                55.734304599999994
              ],
              [
                36.9635419,
                55.734984499999996
              ],
              [
                36.963878699999995,
                55.73509549999999
              ],
              [
                36.96362369999999,
                55.7354693
              ],
              [
                36.9636478,
                55.735902599999996
              ],
              [
                36.9638402,
                55.73615989999998
              ],
              [
                36.968214,
                55.73732089999999
              ],
              [
                36.9719209,
                55.73808789999999
              ],
              [
                36.973712299999995,
                55.738291100000005
              ],
              [
                36.9763911,
                55.738421699999996
              ],
              [
                36.9761795,
                55.73873319999999
              ],
              [
                36.9759101,
                55.73867899999998
              ],
              [
                36.9753461,
                55.73924529999999
              ],
              [
                36.975221,
                55.73921829999999
              ],
              [
                36.97515369999999,
                55.7393726
              ],
              [
                36.9753365,
                55.739416
              ],
              [
                36.9751873,
                55.739681299999994
              ],
              [
                36.97488909999999,
                55.7396001
              ],
              [
                36.9748602,
                55.7398384
              ],
              [
                36.9754663,
                55.74009029999999
              ],
              [
                36.9743208,
                55.74110569999999
              ],
              [
                36.97758369999999,
                55.74215559999999
              ],
              [
                36.980686399999996,
                55.739582999999996
              ],
              [
                36.9812348,
                55.739025199999986
              ],
              [
                36.9813821,
                55.73866569999999
              ],
              [
                36.98217089999999,
                55.7388546
              ],
              [
                36.9820939,
                55.738968299999996
              ],
              [
                36.9828107,
                55.73921039999999
              ],
              [
                36.98323810000001,
                55.7387938
              ],
              [
                36.987998299999994,
                55.739556
              ],
              [
                36.9900524,
                55.73964799999998
              ],
              [
                36.9905671,
                55.73991609999999
              ],
              [
                36.989143199999994,
                55.7414516
              ],
              [
                36.9901775,
                55.741844199999996
              ],
              [
                36.99046609999999,
                55.7418469
              ],
              [
                36.9927944,
                55.7414164
              ],
              [
                36.9940932,
                55.7405823
              ],
              [
                36.9925202,
                55.7398484
              ],
              [
                36.9911203,
                55.73959929999999
              ],
              [
                36.9906152,
                55.739588499999996
              ],
              [
                36.9903988,
                55.739718399999994
              ],
              [
                36.9900668,
                55.7395749
              ],
              [
                36.9899225,
                55.7393474
              ],
              [
                36.989023,
                55.7394124
              ],
              [
                36.988109,
                55.7393556
              ],
              [
                36.983952699999996,
                55.73852960000001
              ],
              [
                36.9844386,
                55.7381613
              ],
              [
                36.98455409999999,
                55.7381884
              ],
              [
                36.9856075,
                55.737032
              ],
              [
                36.9895569,
                55.73473799999999
              ],
              [
                36.99010049999999,
                55.7350657
              ],
              [
                36.9908798,
                55.7346242
              ],
              [
                36.9923999,
                55.7356209
              ],
              [
                36.9918082,
                55.73592159999999
              ],
              [
                36.9935304,
                55.7374355
              ],
              [
                36.99438179999999,
                55.73801769999999
              ],
              [
                36.995343899999995,
                55.738339999999994
              ],
              [
                36.9959019,
                55.738388799999996
              ],
              [
                37.0025452,
                55.73984029999999
              ],
              [
                37.0045512,
                55.73987009999999
              ],
              [
                37.0056864,
                55.7396562
              ],
              [
                37.005114,
                55.738015
              ],
              [
                37.0031706,
                55.73517129999999
              ],
              [
                37.0023432,
                55.735130700000006
              ],
              [
                36.9993559,
                55.7383563
              ],
              [
                36.9965947,
                55.7366338
              ],
              [
                36.99601259999999,
                55.7369615
              ],
              [
                36.995445,
                55.736641999999996
              ],
              [
                36.9949399,
                55.73688029999999
              ],
              [
                36.9942712,
                55.736528199999995
              ],
              [
                36.9954305,
                55.735918799999986
              ],
              [
                36.99085579999999,
                55.73346229999999
              ],
              [
                36.9935544,
                55.7315609
              ],
              [
                36.98771659999999,
                55.72859669999999
              ],
              [
                36.9856481,
                55.7273289
              ],
              [
                36.984974599999994,
                55.7273343
              ],
              [
                36.98451279999999,
                55.72868879999999
              ],
              [
                36.9839163,
                55.72955019999999
              ],
              [
                36.9827233,
                55.730178599999995
              ],
              [
                36.9806645,
                55.7321126
              ],
              [
                36.98035660000001,
                55.73274639999999
              ],
              [
                36.98071259999999,
                55.733179799999995
              ],
              [
                36.9803951,
                55.73399769999998
              ],
              [
                36.9797216,
                55.73475609999999
              ],
              [
                36.9776723,
                55.73555779999999
              ],
              [
                36.9738432,
                55.7362565
              ],
              [
                36.9706298,
                55.73636489999999
              ],
              [
                36.9671855,
                55.73602359999999
              ],
              [
                36.9652517,
                55.735449399999986
              ],
              [
                36.9646841,
                55.73509189999999
              ],
              [
                36.9632698,
                55.7337161
              ],
              [
                36.9628561,
                55.732778899999985
              ],
              [
                36.9627503,
                55.73124579999999
              ],
              [
                36.9620864,
                55.7299294
              ],
              [
                36.96254819999999,
                55.72969100000001
              ],
              [
                36.9633949,
                55.7295068
              ],
              [
                36.962221099999994,
                55.7279574
              ],
              [
                36.96256749999999,
                55.727773199999994
              ],
              [
                36.9633564,
                55.7277461
              ],
              [
                36.966136799999994,
                55.7279574
              ],
              [
                36.9664447,
                55.7280549
              ],
              [
                36.9668969,
                55.7280549
              ],
              [
                36.9679937,
                55.72780569999999
              ],
              [
                36.9702257,
                55.72663000000001
              ],
              [
                36.97037009999999,
                55.72669499999999
              ],
              [
                36.9722269,
                55.72578479999999
              ],
              [
                36.9751613,
                55.7250859
              ],
              [
                36.9762966,
                55.72415389999999
              ],
              [
                36.9768546,
                55.7243056
              ],
              [
                36.9773645,
                55.724197299999986
              ],
              [
                36.977403,
                55.72351459999999
              ],
              [
                36.97869219999999,
                55.72337369999999
              ],
              [
                36.9815688,
                55.7225447
              ],
              [
                36.9834257,
                55.721493499999994
              ],
              [
                36.984647499999994,
                55.7209462
              ],
              [
                36.9852055,
                55.7213417
              ],
              [
                36.9912379,
                55.7189466
              ],
              [
                36.99287339999999,
                55.718821999999996
              ],
              [
                36.99518239999999,
                55.718881599999996
              ],
              [
                36.99670249999999,
                55.719260899999995
              ],
              [
                36.99758769999999,
                55.719667300000005
              ],
              [
                36.9980591,
                55.72001959999999
              ],
              [
                36.9989827,
                55.72104910000001
              ],
              [
                36.9998871,
                55.7229565
              ],
              [
                37.0003585,
                55.7232599
              ],
              [
                37.006073300000004,
                55.7253243
              ],
              [
                37.0067179,
                55.724793299999995
              ],
              [
                37.0065411,
                55.72368149999999
              ],
              [
                37.0069629,
                55.723420999999995
              ],
              [
                37.0070581,
                55.72320259999999
              ],
              [
                37.0088337,
                55.723103
              ],
              [
                37.0093235,
                55.7229842
              ],
              [
                37.0093575,
                55.72268919999999
              ],
              [
                37.008901699999996,
                55.721754299999986
              ],
              [
                37.0083235,
                55.71981929999999
              ],
              [
                37.00887449999999,
                55.719849999999994
              ],
              [
                37.0096637,
                55.719700499999995
              ],
              [
                37.0103644,
                55.71986529999999
              ],
              [
                37.01083379999999,
                55.7202753
              ],
              [
                37.011378,
                55.720451499999996
              ],
              [
                37.01214,
                55.720424699999995
              ],
              [
                37.0119699,
                55.720290600000006
              ],
              [
                37.0127999,
                55.71856629999999
              ],
              [
                37.0116706,
                55.7158647
              ],
              [
                37.0147591,
                55.71621729999999
              ],
              [
                37.0173715,
                55.71566159999999
              ],
              [
                37.01641909999999,
                55.7133891
              ],
              [
                37.0152694,
                55.7114997
              ],
              [
                37.01486119999999,
                55.71122379999999
              ],
              [
                37.0148396,
                55.710763299999996
              ],
              [
                37.0197019,
                55.7107038
              ],
              [
                37.0229192,
                55.710107099999995
              ],
              [
                37.02425229999999,
                55.7095857
              ],
              [
                37.0234357,
                55.70901549999999
              ],
              [
                37.0207248,
                55.70841589999999
              ],
              [
                37.0206459,
                55.706919299999996
              ],
              [
                37.0159304,
                55.7070567
              ],
              [
                37.0158612,
                55.7066014
              ],
              [
                37.01523529999999,
                55.7066014
              ],
              [
                37.01523529999999,
                55.70668189999999
              ],
              [
                37.013521,
                55.7067854
              ],
              [
                37.013521,
                55.707295200000004
              ],
              [
                37.0094324,
                55.7074907
              ],
              [
                37.0110855,
                55.7104036
              ],
              [
                37.013024400000006,
                55.7103538
              ],
              [
                37.013221599999994,
                55.71215889999999
              ],
              [
                37.01193589999999,
                55.7146499
              ],
              [
                37.0110243,
                55.715228599999996
              ],
              [
                37.0078132,
                55.7147496
              ],
              [
                37.0066907,
                55.715830299999986
              ],
              [
                37.005058,
                55.71544699999998
              ],
              [
                37.005024,
                55.71525929999999
              ],
              [
                37.00379949999999,
                55.7145618
              ],
              [
                37.0042348,
                55.714351
              ],
              [
                37.0033505,
                55.713803
              ],
              [
                37.00297629999999,
                55.71416319999999
              ],
              [
                37.00220749999999,
                55.7138413
              ],
              [
                36.9995067,
                55.7134466
              ],
              [
                36.99897609999999,
                55.713186
              ],
              [
                36.9991054,
                55.7124847
              ],
              [
                36.99928899999999,
                55.712450200000006
              ],
              [
                36.99926179999999,
                55.712323699999985
              ],
              [
                37.000017,
                55.711561
              ],
              [
                37.00037749999999,
                55.71151499999999
              ],
              [
                37.0009354,
                55.7119328
              ],
              [
                37.002078299999994,
                55.711936599999994
              ],
              [
                37.0013258,
                55.711126699999994
              ],
              [
                37.00336409999999,
                55.7107485
              ],
              [
                37.0029355,
                55.7098747
              ],
              [
                37.0021191,
                55.709736699999986
              ],
              [
                37.0019422,
                55.709583399999985
              ],
              [
                37.0020443,
                55.70808480000001
              ],
              [
                37.000241499999994,
                55.707885399999995
              ],
              [
                36.999411499999994,
                55.70930739999999
              ],
              [
                36.9975067,
                55.711059000000006
              ],
              [
                36.9979693,
                55.7113234
              ],
              [
                36.9980305,
                55.712289199999994
              ],
              [
                36.997908,
                55.712477
              ],
              [
                36.9961256,
                55.7120708
              ],
              [
                36.995880699999994,
                55.7123122
              ],
              [
                36.9940099,
                55.711997899999986
              ],
              [
                36.9937174,
                55.712316
              ],
              [
                36.992969,
                55.71220109999999
              ],
              [
                36.992853399999994,
                55.7123007
              ],
              [
                36.9920438,
                55.7120899
              ],
              [
                37.0001598,
                55.707390999999994
              ],
              [
                37.0007993,
                55.7071457
              ],
              [
                37.0014524,
                55.70704989999999
              ],
              [
                37.0029219,
                55.70700389999999
              ],
              [
                37.0023572,
                55.7062488
              ],
              [
                37.0032212,
                55.70623729999999
              ],
              [
                37.003711,
                55.70603409999998
              ],
              [
                37.004173599999994,
                55.7054131
              ],
              [
                37.0136502,
                55.705302
              ],
              [
                37.01723539999999,
                55.7053671
              ],
              [
                37.0174123,
                55.70655539999999
              ],
              [
                37.02008589999999,
                55.7064787
              ],
              [
                37.0201063,
                55.70679309999999
              ],
              [
                37.026858999999995,
                55.7066214
              ],
              [
                37.0344352,
                55.70662170000001
              ],
              [
                37.0344063,
                55.706812199999995
              ],
              [
                37.033759999999994,
                55.706819899999985
              ],
              [
                37.0337804,
                55.7071993
              ],
              [
                37.0350798,
                55.70711889999999
              ],
              [
                37.0352703,
                55.70750219999999
              ],
              [
                37.033664699999996,
                55.7084489
              ],
              [
                37.0333042,
                55.70900459999999
              ],
              [
                37.032644299999994,
                55.70933809999999
              ],
              [
                37.0291475,
                55.711817799999984
              ],
              [
                37.0289366,
                55.711836999999996
              ],
              [
                37.0283176,
                55.71155719999999
              ],
              [
                37.0284574,
                55.7110331
              ],
              [
                37.027562599999996,
                55.710491099999984
              ],
              [
                37.026716,
                55.7108271
              ],
              [
                37.0262926,
                55.71031760000001
              ],
              [
                37.0270286,
                55.70997069999999
              ],
              [
                37.0266438,
                55.7095588
              ],
              [
                37.0261964,
                55.7095317
              ],
              [
                37.0246619,
                55.7097268
              ],
              [
                37.0251622,
                55.71049920000001
              ],
              [
                37.02666299999999,
                55.71185149999999
              ],
              [
                37.02751450000001,
                55.712328499999984
              ],
              [
                37.03384030000001,
                55.713986899999995
              ],
              [
                37.035394,
                55.7110656
              ],
              [
                37.0367891,
                55.709761999999984
              ],
              [
                37.0379436,
                55.7091739
              ],
              [
                37.03996879999999,
                55.7088433
              ],
              [
                37.04648219999999,
                55.70907089999999
              ],
              [
                37.05230279999999,
                55.70931219999999
              ],
              [
                37.0545397,
                55.7097566
              ],
              [
                37.0566082,
                55.71068619999999
              ],
              [
                37.0583929,
                55.712051999999986
              ],
              [
                37.0591818,
                55.713401600000005
              ],
              [
                37.05964839999999,
                55.715764500000006
              ],
              [
                37.05963880000001,
                55.71756919999999
              ],
              [
                37.0601391,
                55.7188833
              ],
              [
                37.0616544,
                55.72037350000001
              ],
              [
                37.0633044,
                55.72117819999999
              ],
              [
                37.0654114,
                55.7217228
              ],
              [
                37.0679025,
                55.722878099999996
              ],
              [
                37.0698828,
                55.721701399999986
              ],
              [
                37.0788462,
                55.7154165
              ],
              [
                37.081210399999996,
                55.7155937
              ],
              [
                37.089135899999995,
                55.7155304
              ],
              [
                37.093865099999995,
                55.7156629
              ],
              [
                37.0963994,
                55.7155826
              ],
              [
                37.096402399999995,
                55.716299899999996
              ],
              [
                37.1006802,
                55.7162262
              ],
              [
                37.1041179,
                55.7163682
              ],
              [
                37.1056197,
                55.71613389999998
              ],
              [
                37.105807299999995,
                55.7157871
              ],
              [
                37.1065818,
                55.71580059999999
              ],
              [
                37.1076764,
                55.7160637
              ],
              [
                37.10766679999999,
                55.71563819999999
              ],
              [
                37.1130095,
                55.7161027
              ],
              [
                37.1120866,
                55.717062599999984
              ],
              [
                37.1148678,
                55.718593399999996
              ],
              [
                37.1167376,
                55.719940099999995
              ],
              [
                37.11856079999999,
                55.720760999999996
              ],
              [
                37.1188975,
                55.7208232
              ],
              [
                37.11948439999999,
                55.72001319999999
              ],
              [
                37.120384,
                55.720213699999995
              ],
              [
                37.123062299999994,
                55.721204699999994
              ],
              [
                37.1211007,
                55.7223188
              ],
              [
                37.1192901,
                55.72386149999999
              ],
              [
                37.1229851,
                55.725674699999985
              ],
              [
                37.1262274,
                55.726987199999996
              ],
              [
                37.1277753,
                55.72808229999999
              ],
              [
                37.126869899999996,
                55.728826
              ],
              [
                37.1228579,
                55.732867299999995
              ],
              [
                37.121587999999996,
                55.7338884
              ],
              [
                37.1220161,
                55.734860799999986
              ],
              [
                37.11692179999999,
                55.736586
              ],
              [
                37.1165394,
                55.7370063
              ],
              [
                37.11640229999999,
                55.7375041
              ],
              [
                37.112909900000005,
                55.7377207
              ],
              [
                37.111625499999995,
                55.73800779999999
              ],
              [
                37.1120055,
                55.738462799999986
              ],
              [
                37.112068099999995,
                55.738998999999986
              ],
              [
                37.1073875,
                55.74157430000001
              ],
              [
                37.106757300000005,
                55.7418316
              ],
              [
                37.0969672,
                55.74379029999999
              ],
              [
                37.093016299999995,
                55.74348079999999
              ],
              [
                37.0924909,
                55.74364869999999
              ],
              [
                37.08978389999999,
                55.74131929999999
              ],
              [
                37.08945889999999,
                55.741247699999995
              ],
              [
                37.0858717,
                55.74163799999999
              ],
              [
                37.0853064,
                55.740670099999996
              ],
              [
                37.0847483,
                55.740159999999996
              ],
              [
                37.0841621,
                55.73916799999999
              ],
              [
                37.0843966,
                55.7391323
              ],
              [
                37.084327,
                55.739038300000004
              ],
              [
                37.08244799999999,
                55.73737659999999
              ],
              [
                37.081503,
                55.7361524
              ],
              [
                37.07966369999999,
                55.735738100000006
              ],
              [
                37.080054,
                55.7356345
              ],
              [
                37.0800213,
                55.7354973
              ],
              [
                37.0803827,
                55.7353694
              ],
              [
                37.080015,
                55.7351446
              ],
              [
                37.0794847,
                55.7354089
              ],
              [
                37.0802613,
                55.734362399999995
              ],
              [
                37.0807327,
                55.73380179999998
              ],
              [
                37.081954200000006,
                55.7327901
              ],
              [
                37.082353999999995,
                55.7325818
              ],
              [
                37.0847676,
                55.732006399999996
              ],
              [
                37.085842199999995,
                55.731609299999995
              ],
              [
                37.0871812,
                55.73089289999999
              ],
              [
                37.0877789,
                55.73072399999999
              ],
              [
                37.0886372,
                55.73054890000001
              ],
              [
                37.0907037,
                55.730444299999995
              ],
              [
                37.0913412,
                55.7302886
              ],
              [
                37.0943494,
                55.7287203
              ],
              [
                37.0958803,
                55.730610899999995
              ],
              [
                37.09669699999999,
                55.7306011
              ],
              [
                37.0968781,
                55.73091730000001
              ],
              [
                37.0961019,
                55.73094379999999
              ],
              [
                37.096265499999994,
                55.73170999999999
              ],
              [
                37.0999867,
                55.73174970000001
              ],
              [
                37.1013881,
                55.73220649999998
              ],
              [
                37.1032833,
                55.7326267
              ],
              [
                37.105010899999996,
                55.732485799999985
              ],
              [
                37.1051824,
                55.73263869999999
              ],
              [
                37.1026168,
                55.734075399999995
              ],
              [
                37.10287009999999,
                55.7342177
              ],
              [
                37.1038985,
                55.73396919999998
              ],
              [
                37.1050672,
                55.7339193
              ],
              [
                37.1062965,
                55.73419589999999
              ],
              [
                37.10766519999999,
                55.734767399999996
              ],
              [
                37.1079917,
                55.73446109999999
              ],
              [
                37.1102543,
                55.73322879999999
              ],
              [
                37.1110085,
                55.732284499999984
              ],
              [
                37.1124987,
                55.73321709999998
              ],
              [
                37.1158835,
                55.73617339999999
              ],
              [
                37.1194743,
                55.73478899999999
              ],
              [
                37.1206477,
                55.73278929999999
              ],
              [
                37.12031579999999,
                55.73177220000001
              ],
              [
                37.1197426,
                55.73125009999999
              ],
              [
                37.1159645,
                55.72874469999999
              ],
              [
                37.115877899999994,
                55.7287935
              ],
              [
                37.1145485,
                55.7279445
              ],
              [
                37.1139183,
                55.727761199999996
              ],
              [
                37.1125706,
                55.727123199999994
              ],
              [
                37.1112407,
                55.726713199999985
              ],
              [
                37.1081949,
                55.7263805
              ],
              [
                37.10793679999999,
                55.72645429999999
              ],
              [
                37.104137,
                55.726449499999994
              ],
              [
                37.1034417,
                55.72599000000001
              ],
              [
                37.1018562,
                55.72593119999999
              ],
              [
                37.1017724,
                55.7256202
              ],
              [
                37.0969849,
                55.7261353
              ],
              [
                37.0962231,
                55.7265165
              ],
              [
                37.0950375,
                55.728227399999994
              ],
              [
                37.09380070000001,
                55.7282672
              ],
              [
                37.093230999999996,
                55.72786699999999
              ],
              [
                37.0897205,
                55.727755899999984
              ],
              [
                37.0888284,
                55.727919799999995
              ],
              [
                37.088474100000006,
                55.727369999999986
              ],
              [
                37.0851969,
                55.7280204
              ],
              [
                37.0809928,
                55.728076699999995
              ],
              [
                37.079058999999994,
                55.72846839999998
              ],
              [
                37.075769,
                55.72985099999998
              ],
              [
                37.0737775,
                55.73013809999999
              ],
              [
                37.0718966,
                55.7298104
              ],
              [
                37.070237,
                55.72901939999999
              ],
              [
                37.0697223,
                55.7278654
              ],
              [
                37.069299,
                55.725985399999985
              ],
              [
                37.06936629999999,
                55.724273299999986
              ],
              [
                37.0691643,
                55.723471399999994
              ],
              [
                37.0682754,
                55.723129199999995
              ],
              [
                37.0680006,
                55.7233204
              ],
              [
                37.0653773,
                55.722370099999985
              ],
              [
                37.06458529999999,
                55.72319049999999
              ],
              [
                37.0548139,
                55.723697099999995
              ],
              [
                37.05203509999999,
                55.72231989999999
              ],
              [
                37.0501149,
                55.72204619999999
              ],
              [
                37.048983,
                55.7219833
              ],
              [
                37.0488262,
                55.7213876
              ],
              [
                37.0542571,
                55.72035699999999
              ],
              [
                37.0532376,
                55.7187425
              ],
              [
                37.0525396,
                55.7183531
              ],
              [
                37.0509752,
                55.71841829999999
              ],
              [
                37.04714379999999,
                55.71884299999999
              ],
              [
                37.045020599999994,
                55.71865979999998
              ],
              [
                37.0442479,
                55.718763499999994
              ],
              [
                37.0423662,
                55.7194069
              ],
              [
                37.04217669999999,
                55.7191502
              ],
              [
                37.0415476,
                55.71931210000001
              ],
              [
                37.04097579999999,
                55.719285199999995
              ],
              [
                37.04098869999999,
                55.719547999999996
              ],
              [
                37.0416978,
                55.7195534
              ],
              [
                37.04219,
                55.719442799999996
              ],
              [
                37.0427511,
                55.720213099999995
              ],
              [
                37.042658499999995,
                55.72102809999999
              ],
              [
                37.0447642,
                55.72080309999998
              ],
              [
                37.0465689,
                55.7212581
              ],
              [
                37.0473855,
                55.72184519999999
              ],
              [
                37.0476795,
                55.722396999999994
              ],
              [
                37.047757499999996,
                55.72352399999998
              ],
              [
                37.0467747,
                55.72682309999999
              ],
              [
                37.04466049999999,
                55.728132099999996
              ],
              [
                37.043381,
                55.7285276
              ],
              [
                37.0414517,
                55.730353699999995
              ],
              [
                37.0401433,
                55.73121510000001
              ],
              [
                37.038907,
                55.7316322
              ],
              [
                37.0359293,
                55.73218479999999
              ],
              [
                37.03473149999999,
                55.73196269999999
              ],
              [
                37.0332835,
                55.7318949
              ],
              [
                37.03162869999999,
                55.7321631
              ],
              [
                37.0297623,
                55.7322119
              ],
              [
                37.0272512,
                55.73352009999999
              ],
              [
                37.0240186,
                55.7322579
              ],
              [
                37.0233049,
                55.7331091
              ],
              [
                37.02395119999999,
                55.7334849
              ],
              [
                37.0248364,
                55.7337855
              ],
              [
                37.0257407,
                55.73401839999998
              ],
              [
                37.0267846,
                55.734137600000004
              ],
              [
                37.0282566,
                55.7340049
              ],
              [
                37.0290407,
                55.73382879999998
              ],
              [
                37.02911770000001,
                55.7339643
              ],
              [
                37.02890119999999,
                55.7341051
              ],
              [
                37.0284442,
                55.7340726
              ],
              [
                37.027804399999994,
                55.73421069999999
              ],
              [
                37.025404,
                55.734381400000004
              ],
              [
                37.0250817,
                55.734427399999994
              ],
              [
                37.025125,
                55.734530299999996
              ],
              [
                37.0219665,
                55.734913899999995
              ],
              [
                37.02252469999999,
                55.7356818
              ],
              [
                37.022688,
                55.7363439
              ],
              [
                37.0229166,
                55.7365324
              ],
              [
                37.0242715,
                55.7408832
              ],
              [
                37.0238426,
                55.7429299
              ],
              [
                37.0204704,
                55.74541829999999
              ],
              [
                37.0202347,
                55.74500129999999
              ],
              [
                37.01633339999999,
                55.74626039999999
              ],
              [
                37.0123022,
                55.746455399999995
              ],
              [
                37.0124514,
                55.74665029999999
              ],
              [
                37.011479699999995,
                55.74654199999999
              ],
              [
                37.0114941,
                55.7464174
              ],
              [
                37.0112199,
                55.74638499999999
              ],
              [
                37.01119099999999,
                55.74649329999998
              ],
              [
                37.0106282,
                55.7463443
              ],
              [
                37.0104743,
                55.7463308
              ],
              [
                37.0104695,
                55.74642829999999
              ],
              [
                37.01018079999999,
                55.74638769999999
              ],
              [
                37.010176,
                55.7463037
              ],
              [
                37.0099307,
                55.74627389999999
              ],
              [
                37.0099692,
                55.746059999999986
              ],
              [
                37.0095362,
                55.746043799999995
              ],
              [
                37.009517,
                55.74620629999999
              ],
              [
                37.00879059999999,
                55.7460898
              ],
              [
                37.0068953,
                55.745331699999994
              ],
              [
                37.006775,
                55.745442700000005
              ],
              [
                37.0066403,
                55.74539399999999
              ],
              [
                37.0035761,
                55.74341729999999
              ],
              [
                37.0037492,
                55.74331979999999
              ],
              [
                37.00350389999999,
                55.743146499999995
              ],
              [
                37.003528,
                55.742943399999994
              ],
              [
                37.00279199999999,
                55.7425941
              ],
              [
                37.00220029999999,
                55.7419307
              ],
              [
                37.0019886,
                55.7419848
              ],
              [
                37.0016663,
                55.74164369999998
              ],
              [
                37.00137289999999,
                55.74165719999999
              ],
              [
                36.999275499999996,
                55.74227459999999
              ],
              [
                36.999131199999994,
                55.7424398
              ],
              [
                36.99949199999999,
                55.7431492
              ],
              [
                37.000107699999994,
                55.742970500000006
              ],
              [
                36.9993813,
                55.7434931
              ],
              [
                36.999395799999995,
                55.7436096
              ],
              [
                36.9998383,
                55.743690799999996
              ],
              [
                36.9999057,
                55.74357169999999
              ],
              [
                37.0006561,
                55.74367449999999
              ],
              [
                37.0012334,
                55.74418359999999
              ],
              [
                37.0007667,
                55.74438130000001
              ],
              [
                37.0009544,
                55.74499049999999
              ],
              [
                37.0015124,
                55.74539939999999
              ],
              [
                37.002070399999994,
                55.7456512
              ],
              [
                37.00252739999999,
                55.7453804
              ],
              [
                37.0030084,
                55.745421
              ],
              [
                37.003018000000004,
                55.7455402
              ],
              [
                37.00569269999999,
                55.74685879999999
              ],
              [
                37.007939199999996,
                55.74774959999999
              ],
              [
                37.0081556,
                55.747727899999994
              ],
              [
                37.0060342,
                55.74959599999998
              ],
              [
                37.0045814,
                55.74856719999998
              ],
              [
                37.001291099999996,
                55.74833709999999
              ],
              [
                36.998934,
                55.74767099999999
              ],
              [
                36.9986934,
                55.747865999999995
              ],
              [
                36.9959948,
                55.7473461
              ],
              [
                36.99501339999999,
                55.74830459999999
              ],
              [
                36.9942101,
                55.7484562
              ],
              [
                36.9926082,
                55.7491656
              ],
              [
                36.99203090000001,
                55.74888669999998
              ],
              [
                36.9915739,
                55.74882709999999
              ],
              [
                36.99178559999999,
                55.74868639999999
              ],
              [
                36.9926467,
                55.74906539999999
              ],
              [
                36.9951626,
                55.74769
              ],
              [
                36.993349,
                55.74695349999998
              ],
              [
                36.9926707,
                55.74519899999999
              ],
              [
                36.9922041,
                55.745150299999985
              ],
              [
                36.9920502,
                55.7447089
              ],
              [
                36.9901741,
                55.744757699999994
              ],
              [
                36.9882726,
                55.744932299999995
              ],
              [
                36.98724500000001,
                55.7448121
              ],
              [
                36.9861771,
                55.7445116
              ],
              [
                36.985008099999995,
                55.74548359999999
              ],
              [
                36.9873989,
                55.74646649999999
              ],
              [
                36.9878944,
                55.7470892
              ],
              [
                36.9911174,
                55.748432199999996
              ],
              [
                36.9899966,
                55.749398699999986
              ],
              [
                36.9899437,
                55.7490549
              ],
              [
                36.98955399999999,
                55.748713699999996
              ],
              [
                36.9888469,
                55.748613599999985
              ],
              [
                36.987235399999996,
                55.749111699999986
              ],
              [
                36.9845415,
                55.750259699999994
              ],
              [
                36.98730749999999,
                55.751786599999996
              ],
              [
                36.98737489999999,
                55.75193819999999
              ],
              [
                36.986711,
                55.7528776
              ],
              [
                36.9869564,
                55.754664199999986
              ],
              [
                36.9827135,
                55.7576446
              ],
              [
                36.9832042,
                55.757874699999995
              ],
              [
                36.9833726,
                55.75777449999999
              ],
              [
                36.984074899999996,
                55.75810469999999
              ],
              [
                36.9833966,
                55.7585486
              ],
              [
                36.9836419,
                55.758684
              ],
              [
                36.9822613,
                55.7590873
              ],
              [
                36.981982300000006,
                55.759366099999994
              ],
              [
                36.978754499999994,
                55.76048659999999
              ],
              [
                36.9757432,
                55.7583754
              ],
              [
                36.974935,
                55.75721419999999
              ],
              [
                36.9807915,
                55.7559098
              ],
              [
                36.9801621,
                55.754206100000005
              ],
              [
                36.9776597,
                55.751584199999996
              ],
              [
                36.9781789,
                55.75118469999999
              ],
              [
                36.9780557,
                55.75110829999999
              ],
              [
                36.9768203,
                55.75122160000001
              ],
              [
                36.9756051,
                55.75156679999999
              ],
              [
                36.973225299999996,
                55.752029699999994
              ],
              [
                36.9718338,
                55.7521907
              ],
              [
                36.972176999999995,
                55.75280089999998
              ],
              [
                36.972292499999995,
                55.7533992
              ],
              [
                36.9720134,
                55.7539217
              ],
              [
                36.9717064,
                55.7524008
              ],
              [
                36.9713387,
                55.7518573
              ],
              [
                36.97106449999999,
                55.751846400000005
              ],
              [
                36.9703896,
                55.74954259999999
              ],
              [
                36.9681319,
                55.74954979999999
              ],
              [
                36.9682773,
                55.748792299999984
              ],
              [
                36.9675509,
                55.7479259
              ],
              [
                36.9669592,
                55.7474575
              ],
              [
                36.9644145,
                55.747676799999994
              ],
              [
                36.96445779999999,
                55.7477932
              ],
              [
                36.9616341,
                55.7491957
              ],
              [
                36.96128769999999,
                55.7492769
              ],
              [
                36.9612733,
                55.74946909999999
              ],
              [
                36.9590075,
                55.74987519999999
              ],
              [
                36.95998409999999,
                55.75050059999999
              ],
              [
                36.9606094,
                55.7506549
              ],
              [
                36.9581946,
                55.7512045
              ],
              [
                36.9574345,
                55.751948999999996
              ],
              [
                36.9563714,
                55.753965799999996
              ],
              [
                36.9570319,
                55.754421799999996
              ],
              [
                36.9579204,
                55.75576329999999
              ],
              [
                36.9574778,
                55.7572277
              ],
              [
                36.9569246,
                55.75820759999999
              ],
              [
                36.95710739999999,
                55.7582455
              ],
              [
                36.9576558,
                55.7572223
              ],
              [
                36.95826189999999,
                55.75727639999999
              ],
              [
                36.959046,
                55.75610439999999
              ],
              [
                36.9593587,
                55.755276
              ],
              [
                36.97065849999999,
                55.75574979999999
              ],
              [
                36.9718082,
                55.757945
              ],
              [
                36.9704276,
                55.75842679999999
              ],
              [
                36.968056000000004,
                55.76003729999999
              ],
              [
                36.9448744,
                55.756304699999994
              ],
              [
                36.937538399999994,
                55.755026999999984
              ],
              [
                36.9332186,
                55.75440710000001
              ],
              [
                36.9329204,
                55.752636599999995
              ],
              [
                36.931915,
                55.7526014
              ],
              [
                36.9285044,
                55.75117469999999
              ],
              [
                36.9220199,
                55.74729229999999
              ],
              [
                36.92101929999999,
                55.7465802
              ],
              [
                36.9159827,
                55.74667229999999
              ],
              [
                36.9127025,
                55.7475113
              ]
            ]
          ],
          [
            [
              [
                37.31189479999999,
                55.79785649999999
              ],
              [
                37.3102961,
                55.79767549999999
              ],
              [
                37.3079191,
                55.797228200000006
              ],
              [
                37.308042799999996,
                55.796974299999995
              ],
              [
                37.309111699999995,
                55.7971293
              ],
              [
                37.3093743,
                55.7958481
              ],
              [
                37.3097394,
                55.79601819999999
              ],
              [
                37.311677399999994,
                55.7963949
              ],
              [
                37.311440299999994,
                55.79679469999999
              ],
              [
                37.3118836,
                55.7968584
              ],
              [
                37.3126617,
                55.7956909
              ],
              [
                37.3137376,
                55.7959892
              ],
              [
                37.31364279999999,
                55.79612879999999
              ],
              [
                37.3137882,
                55.7962856
              ],
              [
                37.315274,
                55.7968902
              ],
              [
                37.3155449,
                55.796614
              ],
              [
                37.3152007,
                55.79616299999999
              ],
              [
                37.3162922,
                55.7963769
              ],
              [
                37.316539999999996,
                55.7962386
              ],
              [
                37.3167382,
                55.79579119999999
              ],
              [
                37.31842999999999,
                55.79642609999998
              ],
              [
                37.319386,
                55.79663759999999
              ],
              [
                37.31915089999999,
                55.797272899999996
              ],
              [
                37.320955,
                55.797820300000005
              ],
              [
                37.3216559,
                55.797762399999996
              ],
              [
                37.3235735,
                55.79711659999999
              ],
              [
                37.32408379999999,
                55.79711659999999
              ],
              [
                37.3247538,
                55.7968559
              ],
              [
                37.3250064,
                55.796429999999994
              ],
              [
                37.32452709999999,
                55.79628799999999
              ],
              [
                37.3244085,
                55.79638649999998
              ],
              [
                37.324728099999994,
                55.796600899999994
              ],
              [
                37.3246147,
                55.7966965
              ],
              [
                37.3233931,
                55.79700359999999
              ],
              [
                37.32329519999999,
                55.79689929999999
              ],
              [
                37.3231509,
                55.7970297
              ],
              [
                37.32132109999999,
                55.7962358
              ],
              [
                37.32131079999999,
                55.796128599999996
              ],
              [
                37.3179918,
                55.795027099999984
              ],
              [
                37.31706979999999,
                55.7950391
              ],
              [
                37.3169585,
                55.79475159999998
              ],
              [
                37.314388699999995,
                55.793686099999995
              ],
              [
                37.3158938,
                55.79300509999999
              ],
              [
                37.3164556,
                55.79287759999998
              ],
              [
                37.3164453,
                55.7927791
              ],
              [
                37.316043199999996,
                55.7926661
              ],
              [
                37.3115333,
                55.792587899999994
              ],
              [
                37.3100592,
                55.7920866
              ],
              [
                37.3112292,
                55.7912347
              ],
              [
                37.3124868,
                55.7909797
              ],
              [
                37.312821899999996,
                55.7908116
              ],
              [
                37.31325999999999,
                55.790307399999996
              ],
              [
                37.314115599999994,
                55.789835
              ],
              [
                37.3148423,
                55.78876280000001
              ],
              [
                37.315399,
                55.7884035
              ],
              [
                37.3154144,
                55.788241199999995
              ],
              [
                37.314527899999995,
                55.788241199999995
              ],
              [
                37.3145898,
                55.7880644
              ],
              [
                37.314115599999994,
                55.7880586
              ],
              [
                37.312880099999994,
                55.78779029999999
              ],
              [
                37.310606,
                55.7844642
              ],
              [
                37.3115518,
                55.7841496
              ],
              [
                37.3118433,
                55.7801654
              ],
              [
                37.313145799999994,
                55.779751299999994
              ],
              [
                37.3128271,
                55.7863845
              ],
              [
                37.3222352,
                55.783358699999994
              ],
              [
                37.3284094,
                55.78108639999999
              ],
              [
                37.3278009,
                55.780016
              ],
              [
                37.3268031,
                55.779328099999994
              ],
              [
                37.32513589999999,
                55.77904939999999
              ],
              [
                37.324336599999995,
                55.778602500000005
              ],
              [
                37.323466599999996,
                55.777705499999996
              ],
              [
                37.3240236,
                55.7775334
              ],
              [
                37.3229729,
                55.77673349999999
              ],
              [
                37.322415,
                55.776944699999994
              ],
              [
                37.3153018,
                55.77460339999998
              ],
              [
                37.3108516,
                55.7754361
              ],
              [
                37.3098117,
                55.77197209999999
              ],
              [
                37.309290999999995,
                55.77110089999999
              ],
              [
                37.3084937,
                55.7705913
              ],
              [
                37.311442099999994,
                55.76944949999999
              ],
              [
                37.31275649999999,
                55.769081
              ],
              [
                37.31603509999999,
                55.76914929999999
              ],
              [
                37.31893689999999,
                55.76950649999999
              ],
              [
                37.3207023,
                55.76682069999998
              ],
              [
                37.3287193,
                55.767293099999996
              ],
              [
                37.3296449,
                55.76742649999999
              ],
              [
                37.3305401,
                55.76784579999999
              ],
              [
                37.332247499999994,
                55.767983999999984
              ],
              [
                37.3322456,
                55.76824839999999
              ],
              [
                37.332412000000005,
                55.7682964
              ],
              [
                37.3323383,
                55.76868809999999
              ],
              [
                37.3321112,
                55.768689
              ],
              [
                37.33195859999999,
                55.7713753
              ],
              [
                37.3323016,
                55.77193409999999
              ],
              [
                37.33665419999999,
                55.771180099999995
              ],
              [
                37.3382839,
                55.7712914
              ],
              [
                37.3395161,
                55.7707177
              ],
              [
                37.33925429999999,
                55.770598799999995
              ],
              [
                37.3403335,
                55.770403599999995
              ],
              [
                37.3383438,
                55.76927659999999
              ],
              [
                37.3398609,
                55.7690197
              ],
              [
                37.3444969,
                55.7685981
              ],
              [
                37.3445145,
                55.76975649999999
              ],
              [
                37.3459158,
                55.769557199999994
              ],
              [
                37.34706709999999,
                55.7695512
              ],
              [
                37.3477342,
                55.7701624
              ],
              [
                37.3481056,
                55.7700806
              ],
              [
                37.3484687,
                55.77017450000001
              ],
              [
                37.34874260000001,
                55.7706853
              ],
              [
                37.3486378,
                55.7707327
              ],
              [
                37.350630599999995,
                55.77287869999999
              ],
              [
                37.352439499999996,
                55.773762399999995
              ],
              [
                37.3522538,
                55.77646979999999
              ],
              [
                37.35239,
                55.77751
              ],
              [
                37.3521939,
                55.7776802
              ],
              [
                37.352452899999996,
                55.77781559999999
              ],
              [
                37.3522319,
                55.77802719999999
              ],
              [
                37.3555297,
                55.780143900000006
              ],
              [
                37.3605084,
                55.78309869999999
              ],
              [
                37.3604851,
                55.7834239
              ],
              [
                37.3594889,
                55.78396709999999
              ],
              [
                37.3616346,
                55.78505809999999
              ],
              [
                37.36654219999999,
                55.786714299999986
              ],
              [
                37.3670921,
                55.78698690000001
              ],
              [
                37.3705101,
                55.7880302
              ],
              [
                37.3705061,
                55.7882383
              ],
              [
                37.3699897,
                55.78876009999999
              ],
              [
                37.3687828,
                55.78957439999999
              ],
              [
                37.368010299999995,
                55.789921199999995
              ],
              [
                37.36118369999999,
                55.79161579999999
              ],
              [
                37.3606125,
                55.7916811
              ],
              [
                37.3578174,
                55.79256829999998
              ],
              [
                37.35310929999999,
                55.794368099999986
              ],
              [
                37.3486793,
                55.796421099999996
              ],
              [
                37.349948299999994,
                55.7969932
              ],
              [
                37.352094,
                55.79714700000001
              ],
              [
                37.3538935,
                55.798864999999985
              ],
              [
                37.3575402,
                55.8000128
              ],
              [
                37.3594884,
                55.80125459999999
              ],
              [
                37.3590548,
                55.8023681
              ],
              [
                37.3582512,
                55.8033426
              ],
              [
                37.3578356,
                55.8033099
              ],
              [
                37.3577996,
                55.8034326
              ],
              [
                37.3574977,
                55.8034784
              ],
              [
                37.3571808,
                55.8037046
              ],
              [
                37.3494535,
                55.806478399999996
              ],
              [
                37.3478479,
                55.80664929999999
              ],
              [
                37.3427758,
                55.8051114
              ],
              [
                37.3361042,
                55.802065799999994
              ],
              [
                37.334998799999994,
                55.801096900000005
              ],
              [
                37.33448599999999,
                55.799610799999996
              ],
              [
                37.32515049999999,
                55.8005495
              ],
              [
                37.32179,
                55.80075219999999
              ],
              [
                37.3205736,
                55.8005552
              ],
              [
                37.3204547,
                55.80037419999999
              ],
              [
                37.3195118,
                55.80050889999999
              ],
              [
                37.3163677,
                55.7993964
              ],
              [
                37.314769899999995,
                55.799257299999994
              ],
              [
                37.3143061,
                55.798133199999995
              ],
              [
                37.31189479999999,
                55.79785649999999
              ]
            ]
          ],
          [
            [
              [
                37.2941174,
                55.7967126
              ],
              [
                37.2944097,
                55.79678719999999
              ],
              [
                37.2944673,
                55.79671669999999
              ],
              [
                37.30235389999999,
                55.798633499999994
              ],
              [
                37.302922699999996,
                55.802477200000006
              ],
              [
                37.3035641,
                55.80355879999999
              ],
              [
                37.2996863,
                55.8035219
              ],
              [
                37.2977692,
                55.80335399999999
              ],
              [
                37.2954221,
                55.80299749999999
              ],
              [
                37.290502,
                55.80198969999999
              ],
              [
                37.29326449999999,
                55.7980647
              ],
              [
                37.2931684,
                55.7963971
              ],
              [
                37.2941684,
                55.7966347
              ],
              [
                37.2941174,
                55.7967126
              ]
            ]
          ],
          [
            [
              [
                37.3738627,
                55.812591700000006
              ],
              [
                37.3717466,
                55.8092419
              ],
              [
                37.3729467,
                55.80877169999999
              ],
              [
                37.37284629999999,
                55.8079891
              ],
              [
                37.3729752,
                55.80745469999999
              ],
              [
                37.3720858,
                55.80339289999998
              ],
              [
                37.3724263,
                55.803314099999994
              ],
              [
                37.3723787,
                55.80317480000001
              ],
              [
                37.3735617,
                55.80298679999999
              ],
              [
                37.37380139999999,
                55.8035562
              ],
              [
                37.3744014,
                55.80384359999999
              ],
              [
                37.3752774,
                55.8045172
              ],
              [
                37.37582329999999,
                55.8043714
              ],
              [
                37.37605729999999,
                55.8046013
              ],
              [
                37.3754202,
                55.80476819999999
              ],
              [
                37.376167,
                55.805729
              ],
              [
                37.37788299999999,
                55.8056213
              ],
              [
                37.378571599999994,
                55.80568
              ],
              [
                37.3791232,
                55.806543799999986
              ],
              [
                37.37786859999999,
                55.806985499999996
              ],
              [
                37.3778959,
                55.807694199999986
              ],
              [
                37.378280499999995,
                55.80844279999999
              ],
              [
                37.378641099999996,
                55.80836569999999
              ],
              [
                37.3793519,
                55.8091719
              ],
              [
                37.3804959,
                55.80902279999999
              ],
              [
                37.38061989999999,
                55.8093712
              ],
              [
                37.38495549999999,
                55.80906159999999
              ],
              [
                37.38505129999999,
                55.8093072
              ],
              [
                37.38072809999999,
                55.809657399999985
              ],
              [
                37.3810808,
                55.81064539999999
              ],
              [
                37.3796746,
                55.8106902
              ],
              [
                37.3801967,
                55.8113191
              ],
              [
                37.3792076,
                55.81164819999999
              ],
              [
                37.377447399999994,
                55.8126881
              ],
              [
                37.3764306,
                55.81208719999999
              ],
              [
                37.3738627,
                55.812591700000006
              ]
            ]
          ]
        ]
      }
    },
    {
      "type": "Feature",
      "properties": {
        "id": 446092,
        "level": "okrug",
        "name_ru": "Северо-Западный административный округ",
        "parent_id": null,
        "bbox": [
          37.332076699999995,
          55.7406021,
          37.5219435,
          55.9128443
        ]
      },
      "geometry": {
        "type": "MultiPolygon",
        "coordinates": [
          [
            [
              [
                37.3356614,
                55.84524979999999
              ],
              [
                37.3428857,
                55.844839999999984
              ],
              [
                37.348026999999995,
                55.84405519999999
              ],
              [
                37.3490019,
                55.8437918
              ],
              [
                37.34874179999999,
                55.8427943
              ],
              [
                37.3478317,
                55.841167299999995
              ],
              [
                37.3477965,
                55.84103809999999
              ],
              [
                37.34802710000001,
                55.84099929999999
              ],
              [
                37.3474647,
                55.8406036
              ],
              [
                37.3469652,
                55.84051349999999
              ],
              [
                37.3451001,
                55.8405212
              ],
              [
                37.3406559,
                55.840255
              ],
              [
                37.34059619999999,
                55.83950279999999
              ],
              [
                37.340371399999995,
                55.839007899999984
              ],
              [
                37.3431003,
                55.83759469999999
              ],
              [
                37.3450013,
                55.83646619999999
              ],
              [
                37.3423871,
                55.834402499999996
              ],
              [
                37.3421952,
                55.834418799999995
              ],
              [
                37.34186799999999,
                55.83419049999999
              ],
              [
                37.34393549999999,
                55.833095799999995
              ],
              [
                37.3487294,
                55.83221710000001
              ],
              [
                37.34813580000001,
                55.83102579999999
              ],
              [
                37.3486509,
                55.83071519999999
              ],
              [
                37.34856729999999,
                55.829075399999994
              ],
              [
                37.347994,
                55.82851449999999
              ],
              [
                37.3446985,
                55.826269999999994
              ],
              [
                37.3448235,
                55.826067
              ],
              [
                37.345129,
                55.825960099999996
              ],
              [
                37.3453344,
                55.826074599999984
              ],
              [
                37.3491006,
                55.82657569999999
              ],
              [
                37.34971449999999,
                55.8263737
              ],
              [
                37.3510173,
                55.82460199999999
              ],
              [
                37.35158859999999,
                55.82439159999999
              ],
              [
                37.3491556,
                55.82222529999999
              ],
              [
                37.3523121,
                55.82128449999999
              ],
              [
                37.354605899999996,
                55.8217604
              ],
              [
                37.3541462,
                55.82235509999999
              ],
              [
                37.3563725,
                55.8226601
              ],
              [
                37.3540129,
                55.82639939999999
              ],
              [
                37.3563561,
                55.82665779999999
              ],
              [
                37.3568826,
                55.8265268
              ],
              [
                37.3589247,
                55.822887699999995
              ],
              [
                37.359778399999996,
                55.8224988
              ],
              [
                37.362221899999994,
                55.82219919999999
              ],
              [
                37.36260709999999,
                55.82316680000001
              ],
              [
                37.363537599999994,
                55.8243612
              ],
              [
                37.365873,
                55.8264811
              ],
              [
                37.367281299999995,
                55.82740139999999
              ],
              [
                37.3689161,
                55.828023699999996
              ],
              [
                37.3799375,
                55.830666099999995
              ],
              [
                37.3800876,
                55.8305355
              ],
              [
                37.381484699999994,
                55.83068469999999
              ],
              [
                37.3854286,
                55.8306599
              ],
              [
                37.3874072,
                55.8304963
              ],
              [
                37.3889866,
                55.830211399999996
              ],
              [
                37.38984,
                55.830214399999996
              ],
              [
                37.3939187,
                55.82986199999999
              ],
              [
                37.3930197,
                55.82691849999999
              ],
              [
                37.3922545,
                55.82351369999999
              ],
              [
                37.3878905,
                55.809762199999994
              ],
              [
                37.38667,
                55.80986909999999
              ],
              [
                37.38616849999999,
                55.809815500000006
              ],
              [
                37.3857222,
                55.8092829
              ],
              [
                37.38505129999999,
                55.8093072
              ],
              [
                37.3849343,
                55.809002299999996
              ],
              [
                37.3860556,
                55.8088709
              ],
              [
                37.38625009999999,
                55.80874949999999
              ],
              [
                37.3859825,
                55.807309399999994
              ],
              [
                37.386179999999996,
                55.8071079
              ],
              [
                37.3867855,
                55.806952399999986
              ],
              [
                37.3859537,
                55.8051878
              ],
              [
                37.3846538,
                55.8032365
              ],
              [
                37.381806399999995,
                55.7998945
              ],
              [
                37.3744812,
                55.7923635
              ],
              [
                37.3734215,
                55.79190400000001
              ],
              [
                37.3721524,
                55.7916076
              ],
              [
                37.36885349999999,
                55.7912511
              ],
              [
                37.3678444,
                55.791361
              ],
              [
                37.367239999999995,
                55.79038189999999
              ],
              [
                37.3687664,
                55.7897352
              ],
              [
                37.370311799999996,
                55.7885664
              ],
              [
                37.370601,
                55.78819190000001
              ],
              [
                37.37060090000001,
                55.78769239999999
              ],
              [
                37.3694129,
                55.784844899999996
              ],
              [
                37.3690717,
                55.7827259
              ],
              [
                37.3688853,
                55.7730383
              ],
              [
                37.37026159999999,
                55.7730269
              ],
              [
                37.3702608,
                55.771362299999986
              ],
              [
                37.3708646,
                55.7710135
              ],
              [
                37.3788354,
                55.77167729999999
              ],
              [
                37.3789227,
                55.772032299999985
              ],
              [
                37.3797521,
                55.7723483
              ],
              [
                37.383402499999995,
                55.77218249999999
              ],
              [
                37.38616919999999,
                55.7712068
              ],
              [
                37.38673229999999,
                55.770902199999995
              ],
              [
                37.394868499999994,
                55.77120299999999
              ],
              [
                37.3982596,
                55.7711769
              ],
              [
                37.400518299999995,
                55.7714337
              ],
              [
                37.4018275,
                55.77179809999999
              ],
              [
                37.4085801,
                55.77576219999999
              ],
              [
                37.4169486,
                55.77532779999999
              ],
              [
                37.42884329999999,
                55.7742825
              ],
              [
                37.43074639999999,
                55.774173
              ],
              [
                37.4341209,
                55.774199599999996
              ],
              [
                37.4362176,
                55.774406500000005
              ],
              [
                37.4454867,
                55.77687729999999
              ],
              [
                37.4473534,
                55.77725339999999
              ],
              [
                37.448829399999994,
                55.77727649999999
              ],
              [
                37.4506431,
                55.7768688
              ],
              [
                37.45303,
                55.77569369999999
              ],
              [
                37.4552656,
                55.774177099999996
              ],
              [
                37.460378899999995,
                55.769075699999995
              ],
              [
                37.46293969999999,
                55.766950499999986
              ],
              [
                37.4639901,
                55.76577129999999
              ],
              [
                37.4642718,
                55.765227899999985
              ],
              [
                37.46466279999999,
                55.763295299999996
              ],
              [
                37.46452049999999,
                55.7623834
              ],
              [
                37.4634259,
                55.7601907
              ],
              [
                37.4596064,
                55.757148199999996
              ],
              [
                37.4576323,
                55.75581999999999
              ],
              [
                37.455443599999995,
                55.75478149999999
              ],
              [
                37.4530833,
                55.753887999999996
              ],
              [
                37.4392216,
                55.7505309
              ],
              [
                37.4373764,
                55.74968559999999
              ],
              [
                37.4368888,
                55.74921849999999
              ],
              [
                37.4363477,
                55.74787319999999
              ],
              [
                37.436691,
                55.74710029999999
              ],
              [
                37.4373777,
                55.7464239
              ],
              [
                37.43973799999999,
                55.74521609999999
              ],
              [
                37.44248459999999,
                55.74357349999999
              ],
              [
                37.44445869999999,
                55.7426072
              ],
              [
                37.4465186,
                55.7418583
              ],
              [
                37.44926519999999,
                55.74113359999999
              ],
              [
                37.452526799999994,
                55.7406021
              ],
              [
                37.45531629999999,
                55.7406021
              ],
              [
                37.45913569999999,
                55.7412061
              ],
              [
                37.46179649999999,
                55.7418583
              ],
              [
                37.46480059999999,
                55.74289709999999
              ],
              [
                37.467375499999996,
                55.744032499999996
              ],
              [
                37.4710233,
                55.7461099
              ],
              [
                37.472782800000004,
                55.74726929999999
              ],
              [
                37.474156099999995,
                55.7485012
              ],
              [
                37.4751432,
                55.749878
              ],
              [
                37.4761731,
                55.75229319999999
              ],
              [
                37.476731,
                55.7559641
              ],
              [
                37.4767739,
                55.7569059
              ],
              [
                37.4761731,
                55.7617112
              ],
              [
                37.476388,
                55.7645104
              ],
              [
                37.4780555,
                55.766692299999995
              ],
              [
                37.47886590000001,
                55.767343399999994
              ],
              [
                37.4794184,
                55.767545399999996
              ],
              [
                37.48191889999999,
                55.767976899999994
              ],
              [
                37.4845108,
                55.76817
              ],
              [
                37.4871806,
                55.768194099999995
              ],
              [
                37.4897158,
                55.7679596
              ],
              [
                37.49205179999999,
                55.7673608
              ],
              [
                37.498145799999996,
                55.7655019
              ],
              [
                37.501064,
                55.764367099999994
              ],
              [
                37.50295229999999,
                55.7634013
              ],
              [
                37.5042827,
                55.762532099999994
              ],
              [
                37.5058276,
                55.761783599999994
              ],
              [
                37.5116641,
                55.759658699999996
              ],
              [
                37.5139298,
                55.75842190000001
              ],
              [
                37.5219435,
                55.76150899999999
              ],
              [
                37.5087504,
                55.7753858
              ],
              [
                37.5074274,
                55.777150999999996
              ],
              [
                37.5065923,
                55.778895299999995
              ],
              [
                37.503545,
                55.792422099999996
              ],
              [
                37.502853699999996,
                55.7943493
              ],
              [
                37.501478999999996,
                55.79623029999999
              ],
              [
                37.490855499999995,
                55.80847539999999
              ],
              [
                37.4878979,
                55.81210209999999
              ],
              [
                37.48722399999999,
                55.81327839999999
              ],
              [
                37.4870278,
                55.81395169999998
              ],
              [
                37.486701,
                55.8174275
              ],
              [
                37.4870696,
                55.8188513
              ],
              [
                37.48753039999999,
                55.81986859999999
              ],
              [
                37.4889712,
                55.821681999999996
              ],
              [
                37.4902612,
                55.822766399999985
              ],
              [
                37.4926481,
                55.824203100000005
              ],
              [
                37.49336569999999,
                55.82447829999999
              ],
              [
                37.491075099999996,
                55.82727179999999
              ],
              [
                37.4881261,
                55.82653259999999
              ],
              [
                37.48574789999999,
                55.826505999999995
              ],
              [
                37.4828213,
                55.8269333
              ],
              [
                37.4803853,
                55.8270233
              ],
              [
                37.47827319999999,
                55.82660769999998
              ],
              [
                37.4744188,
                55.829828599999985
              ],
              [
                37.4744678,
                55.83000359999999
              ],
              [
                37.4783235,
                55.8304707
              ],
              [
                37.47912269999999,
                55.83074799999999
              ],
              [
                37.478983,
                55.831554099999984
              ],
              [
                37.47781659999999,
                55.8328528
              ],
              [
                37.4762079,
                55.834285899999976
              ],
              [
                37.4742235,
                55.8359672
              ],
              [
                37.4721785,
                55.83718230000001
              ],
              [
                37.471677799999995,
                55.837785499999995
              ],
              [
                37.472060899999995,
                55.83938859999999
              ],
              [
                37.4725865,
                55.840353799999995
              ],
              [
                37.4722678,
                55.84177489999998
              ],
              [
                37.4715156,
                55.84239790000001
              ],
              [
                37.4703495,
                55.84272589999999
              ],
              [
                37.4698854,
                55.8431779
              ],
              [
                37.46884529999999,
                55.8435381
              ],
              [
                37.4680678,
                55.844678200000004
              ],
              [
                37.4667117,
                55.845632599999995
              ],
              [
                37.4653798,
                55.84623409999999
              ],
              [
                37.4634933,
                55.848199699999995
              ],
              [
                37.4636035,
                55.8490863
              ],
              [
                37.462894199999994,
                55.8500763
              ],
              [
                37.4613263,
                55.851045000000006
              ],
              [
                37.46100609999999,
                55.8518067
              ],
              [
                37.460847199999996,
                55.85300399999999
              ],
              [
                37.4601813,
                55.85410589999999
              ],
              [
                37.4594457,
                55.85632089999999
              ],
              [
                37.4588211,
                55.85763849999999
              ],
              [
                37.457706800000004,
                55.859837399999996
              ],
              [
                37.45660139999999,
                55.86085859999999
              ],
              [
                37.4560826,
                55.86188479999999
              ],
              [
                37.4559372,
                55.86284259999999
              ],
              [
                37.455091,
                55.8646893
              ],
              [
                37.45454939999999,
                55.86714159999999
              ],
              [
                37.4546027,
                55.86848989999999
              ],
              [
                37.45397349999999,
                55.87011599999999
              ],
              [
                37.45289209999999,
                55.870062600000004
              ],
              [
                37.4514503,
                55.870264799999994
              ],
              [
                37.44762239999999,
                55.8719788
              ],
              [
                37.4449403,
                55.873419
              ],
              [
                37.4426198,
                55.874410999999995
              ],
              [
                37.44013319999999,
                55.8758523
              ],
              [
                37.4387242,
                55.876534299999996
              ],
              [
                37.4379783,
                55.877216099999984
              ],
              [
                37.437785,
                55.87856449999999
              ],
              [
                37.436483499999994,
                55.879578599999995
              ],
              [
                37.4309505,
                55.877851199999995
              ],
              [
                37.4296008,
                55.8780165
              ],
              [
                37.4271857,
                55.87753349999999
              ],
              [
                37.4264475,
                55.87746980000001
              ],
              [
                37.42409549999999,
                55.8780005
              ],
              [
                37.4237221,
                55.8777174
              ],
              [
                37.4211622,
                55.87792129999998
              ],
              [
                37.4211552,
                55.878322399999995
              ],
              [
                37.417163499999994,
                55.87830949999999
              ],
              [
                37.4155185,
                55.87918899999998
              ],
              [
                37.4143735,
                55.87886739999999
              ],
              [
                37.414125799999994,
                55.87909390000001
              ],
              [
                37.4149316,
                55.8793108
              ],
              [
                37.41043129999999,
                55.88030199999999
              ],
              [
                37.4094205,
                55.88068759999999
              ],
              [
                37.4093978,
                55.8849173
              ],
              [
                37.40695459999999,
                55.885687999999995
              ],
              [
                37.40557789999999,
                55.88623479999999
              ],
              [
                37.4047271,
                55.886803400000005
              ],
              [
                37.4042239,
                55.887521299999996
              ],
              [
                37.4040278,
                55.888616899999995
              ],
              [
                37.4043979,
                55.89118090000001
              ],
              [
                37.404181599999994,
                55.89206949999999
              ],
              [
                37.3992913,
                55.900755399999994
              ],
              [
                37.39844879999999,
                55.90153099999999
              ],
              [
                37.3974783,
                55.90119589999998
              ],
              [
                37.3959938,
                55.9015754
              ],
              [
                37.3923927,
                55.9021208
              ],
              [
                37.3913797,
                55.9024645
              ],
              [
                37.3902275,
                55.9033576
              ],
              [
                37.3899733,
                55.9038314
              ],
              [
                37.389907799999996,
                55.90460469999999
              ],
              [
                37.3902377,
                55.91264889999999
              ],
              [
                37.3900178,
                55.9128443
              ],
              [
                37.386723999999994,
                55.911657
              ],
              [
                37.3830057,
                55.91135919999999
              ],
              [
                37.379231399999995,
                55.9114913
              ],
              [
                37.377709,
                55.9114228
              ],
              [
                37.37679519999999,
                55.911243899999995
              ],
              [
                37.3729634,
                55.9096375
              ],
              [
                37.3698614,
                55.908195899999996
              ],
              [
                37.3662836,
                55.9067026
              ],
              [
                37.3678461,
                55.9053439
              ],
              [
                37.3685896,
                55.90557789999999
              ],
              [
                37.3706763,
                55.90363049999999
              ],
              [
                37.369544999999995,
                55.9032148
              ],
              [
                37.3664226,
                55.90281340000001
              ],
              [
                37.3642173,
                55.90217359999999
              ],
              [
                37.3637998,
                55.9021711
              ],
              [
                37.3629357,
                55.9017168
              ],
              [
                37.362833499999994,
                55.9014696
              ],
              [
                37.3625073,
                55.90138249999999
              ],
              [
                37.36181359999999,
                55.90157189999999
              ],
              [
                37.361889399999995,
                55.9008678
              ],
              [
                37.3624065,
                55.90041129999999
              ],
              [
                37.36269300000001,
                55.9003088
              ],
              [
                37.363663499999994,
                55.9002961
              ],
              [
                37.3647991,
                55.9000741
              ],
              [
                37.36569279999999,
                55.8994466
              ],
              [
                37.36575669999999,
                55.8991147
              ],
              [
                37.366019,
                55.8988824
              ],
              [
                37.366886,
                55.898579799999986
              ],
              [
                37.36763349999999,
                55.8980386
              ],
              [
                37.36742939999999,
                55.89765249999999
              ],
              [
                37.367582,
                55.897356699999996
              ],
              [
                37.3674044,
                55.8970732
              ],
              [
                37.3667093,
                55.8967639
              ],
              [
                37.3655227,
                55.896617899999995
              ],
              [
                37.3654674,
                55.8963994
              ],
              [
                37.36571489999999,
                55.89596639999999
              ],
              [
                37.365493,
                55.89497269999999
              ],
              [
                37.365638,
                55.89473329999999
              ],
              [
                37.366395399999995,
                55.8944531
              ],
              [
                37.36682950000001,
                55.89451650000001
              ],
              [
                37.3672753,
                55.8942673
              ],
              [
                37.3691976,
                55.8944739
              ],
              [
                37.3700339,
                55.894789499999995
              ],
              [
                37.37135189999999,
                55.8950429
              ],
              [
                37.37217969999999,
                55.894939799999996
              ],
              [
                37.3735128,
                55.89510409999999
              ],
              [
                37.3741352,
                55.8950696
              ],
              [
                37.3749168,
                55.894751099999986
              ],
              [
                37.377356799999994,
                55.892708299999995
              ],
              [
                37.3771837,
                55.89239559999999
              ],
              [
                37.3766153,
                55.8921191
              ],
              [
                37.3749263,
                55.891628499999996
              ],
              [
                37.3731391,
                55.891386999999995
              ],
              [
                37.3729403,
                55.89110139999999
              ],
              [
                37.3734752,
                55.8900743
              ],
              [
                37.3726855,
                55.88925819999999
              ],
              [
                37.3727875,
                55.88855629999999
              ],
              [
                37.3725332,
                55.888093
              ],
              [
                37.37255919999999,
                55.88764809999999
              ],
              [
                37.3728816,
                55.8874872
              ],
              [
                37.3744503,
                55.887323800000004
              ],
              [
                37.3747747,
                55.88692659999999
              ],
              [
                37.3743759,
                55.88640589999999
              ],
              [
                37.37340089999999,
                55.88590459999999
              ],
              [
                37.3729421,
                55.88538969999999
              ],
              [
                37.3723799,
                55.885136799999984
              ],
              [
                37.37119419999999,
                55.8839596
              ],
              [
                37.371254799999996,
                55.88335229999999
              ],
              [
                37.3722283,
                55.88266049999999
              ],
              [
                37.37286379999999,
                55.8815439
              ],
              [
                37.3736126,
                55.881356999999994
              ],
              [
                37.3742802,
                55.8813764
              ],
              [
                37.3753152,
                55.881169299999996
              ],
              [
                37.3758465,
                55.8812893
              ],
              [
                37.3770543,
                55.88092989999999
              ],
              [
                37.378165,
                55.88015789999999
              ],
              [
                37.3787477,
                55.8801144
              ],
              [
                37.3791188,
                55.87995329999998
              ],
              [
                37.3798326,
                55.8799355
              ],
              [
                37.380530699999994,
                55.8792963
              ],
              [
                37.381056799999996,
                55.87828399999999
              ],
              [
                37.3821655,
                55.87786869999999
              ],
              [
                37.38320490000001,
                55.8778336
              ],
              [
                37.38325150000001,
                55.877912499999994
              ],
              [
                37.3944357,
                55.877242499999994
              ],
              [
                37.40403499999999,
                55.8759958
              ],
              [
                37.4063231,
                55.874261699999984
              ],
              [
                37.411428,
                55.87095759999999
              ],
              [
                37.4093294,
                55.869886399999984
              ],
              [
                37.4068486,
                55.8684287
              ],
              [
                37.40507959999999,
                55.86724009999999
              ],
              [
                37.40166219999999,
                55.8644698
              ],
              [
                37.39959939999999,
                55.862302299999996
              ],
              [
                37.39763979999999,
                55.859973499999995
              ],
              [
                37.39455610000001,
                55.854402300000004
              ],
              [
                37.394112799999995,
                55.854426499999995
              ],
              [
                37.393942,
                55.85468639999999
              ],
              [
                37.39348369999999,
                55.8549174
              ],
              [
                37.3920551,
                55.8550098
              ],
              [
                37.39142269999999,
                55.854851899999986
              ],
              [
                37.3903606,
                55.854164499999996
              ],
              [
                37.3899694,
                55.85416419999999
              ],
              [
                37.3893582,
                55.8544537
              ],
              [
                37.38784679999999,
                55.85569039999999
              ],
              [
                37.3871672,
                55.8558609
              ],
              [
                37.38663859999999,
                55.85569389999999
              ],
              [
                37.385978,
                55.8547694
              ],
              [
                37.3855164,
                55.85451
              ],
              [
                37.384966999999996,
                55.85447069999999
              ],
              [
                37.383244899999994,
                55.8546334
              ],
              [
                37.3819717,
                55.854567999999986
              ],
              [
                37.380532499999994,
                55.8536225
              ],
              [
                37.379872500000005,
                55.8534722
              ],
              [
                37.37898040000001,
                55.8536389
              ],
              [
                37.3777241,
                55.854296
              ],
              [
                37.3761822,
                55.8545066
              ],
              [
                37.374934700000004,
                55.855170400000006
              ],
              [
                37.3748187,
                55.85536989999999
              ],
              [
                37.3749541,
                55.855548
              ],
              [
                37.3761554,
                55.8561788
              ],
              [
                37.3762315,
                55.85652079999999
              ],
              [
                37.37585789999999,
                55.856994099999994
              ],
              [
                37.3765154,
                55.858176599999986
              ],
              [
                37.3782108,
                55.858799899999994
              ],
              [
                37.3798547,
                55.8592597
              ],
              [
                37.380030299999994,
                55.859472199999985
              ],
              [
                37.37994979999999,
                55.85990069999999
              ],
              [
                37.3784965,
                55.86084819999999
              ],
              [
                37.3781735,
                55.8619917
              ],
              [
                37.37846969999999,
                55.86229509999999
              ],
              [
                37.3794864,
                55.86272949999999
              ],
              [
                37.37977469999999,
                55.86303459999999
              ],
              [
                37.379770699999995,
                55.863294399999994
              ],
              [
                37.37902069999999,
                55.863707299999994
              ],
              [
                37.3780915,
                55.8640298
              ],
              [
                37.3779706,
                55.86427359999999
              ],
              [
                37.3776049,
                55.86439939999999
              ],
              [
                37.37744959999999,
                55.8647195
              ],
              [
                37.377555400000006,
                55.8649541
              ],
              [
                37.3779834,
                55.86509409999999
              ],
              [
                37.37815439999999,
                55.86577029999999
              ],
              [
                37.37791359999999,
                55.86595349999999
              ],
              [
                37.3783515,
                55.8660894
              ],
              [
                37.3782038,
                55.86620159999999
              ],
              [
                37.3782334,
                55.866447900000004
              ],
              [
                37.378019099999996,
                55.8665727
              ],
              [
                37.3781895,
                55.866648399999995
              ],
              [
                37.3783208,
                55.8665706
              ],
              [
                37.37835979999999,
                55.8669249
              ],
              [
                37.3786945,
                55.866876199999986
              ],
              [
                37.3786108,
                55.866993199999996
              ],
              [
                37.3790537,
                55.86704169999999
              ],
              [
                37.379212,
                55.86697799999999
              ],
              [
                37.3790676,
                55.8668725
              ],
              [
                37.3793053,
                55.8669384
              ],
              [
                37.3792167,
                55.867285599999995
              ],
              [
                37.3794062,
                55.8673525
              ],
              [
                37.3789295,
                55.867698000000004
              ],
              [
                37.3786079,
                55.8677386
              ],
              [
                37.37888699999999,
                55.86785389999999
              ],
              [
                37.37845899999999,
                55.86794229999999
              ],
              [
                37.37868,
                55.86801169999999
              ],
              [
                37.3785687,
                55.86812319999999
              ],
              [
                37.3779439,
                55.868008100000004
              ],
              [
                37.3774889,
                55.86836189999999
              ],
              [
                37.37701959999999,
                55.86822559999999
              ],
              [
                37.3767785,
                55.8683188
              ],
              [
                37.3766884,
                55.8681619
              ],
              [
                37.3762977,
                55.867998899999996
              ],
              [
                37.3758381,
                55.868032
              ],
              [
                37.3755493,
                55.86782349999999
              ],
              [
                37.3751419,
                55.86790609999999
              ],
              [
                37.3747626,
                55.86777639999999
              ],
              [
                37.3743241,
                55.8677801
              ],
              [
                37.3741989,
                55.86759149999999
              ],
              [
                37.3736186,
                55.8673732
              ],
              [
                37.3737337,
                55.86725889999999
              ],
              [
                37.373122599999995,
                55.8671531
              ],
              [
                37.37254289999999,
                55.867274099999996
              ],
              [
                37.37235340000001,
                55.86746969999999
              ],
              [
                37.372542,
                55.8675559
              ],
              [
                37.3723143,
                55.867686199999994
              ],
              [
                37.3715451,
                55.86745859999999
              ],
              [
                37.3715171,
                55.8673444
              ],
              [
                37.3710755,
                55.8674745
              ],
              [
                37.3706176,
                55.867311599999994
              ],
              [
                37.37010969999999,
                55.86735419999999
              ],
              [
                37.36992349999999,
                55.86768429999999
              ],
              [
                37.3697852,
                55.86758809999999
              ],
              [
                37.3693562,
                55.867560499999996
              ],
              [
                37.3693805,
                55.86775889999999
              ],
              [
                37.3692386,
                55.8677947
              ],
              [
                37.3687829,
                55.867821199999995
              ],
              [
                37.36851759999999,
                55.86763049999999
              ],
              [
                37.3678568,
                55.8675786
              ],
              [
                37.36752499999999,
                55.867748199999994
              ],
              [
                37.3675416,
                55.86790469999999
              ],
              [
                37.36735139999999,
                55.86801899999999
              ],
              [
                37.367336599999994,
                55.86778219999999
              ],
              [
                37.3669258,
                55.86783759999998
              ],
              [
                37.366844099999994,
                55.8680281
              ],
              [
                37.36647779999999,
                55.86782219999999
              ],
              [
                37.3660621,
                55.86798009999999
              ],
              [
                37.3658614,
                55.86798339999999
              ],
              [
                37.3657809,
                55.86785819999999
              ],
              [
                37.3656003,
                55.86792359999999
              ],
              [
                37.3655044,
                55.8677991
              ],
              [
                37.3652052,
                55.8678988
              ],
              [
                37.3651046,
                55.86779709999999
              ],
              [
                37.36523879999999,
                55.867605899999994
              ],
              [
                37.364931799999994,
                55.86740179999999
              ],
              [
                37.364151699999994,
                55.867630899999995
              ],
              [
                37.3639144,
                55.867433999999996
              ],
              [
                37.3636185,
                55.86754129999999
              ],
              [
                37.363541399999995,
                55.86734529999999
              ],
              [
                37.36327719999999,
                55.8673257
              ],
              [
                37.36281579999999,
                55.8674483
              ],
              [
                37.3628222,
                55.86764709999999
              ],
              [
                37.36234600000001,
                55.86751979999999
              ],
              [
                37.3601466,
                55.866056799999996
              ],
              [
                37.3591142,
                55.865068699999995
              ],
              [
                37.3578908,
                55.8642649
              ],
              [
                37.34981899999999,
                55.8637988
              ],
              [
                37.34939189999999,
                55.8635282
              ],
              [
                37.34783449999999,
                55.863430399999984
              ],
              [
                37.34587989999999,
                55.862943699999995
              ],
              [
                37.3465853,
                55.862236399999986
              ],
              [
                37.3451935,
                55.8613095
              ],
              [
                37.3427195,
                55.86062249999999
              ],
              [
                37.3426648,
                55.86035239999999
              ],
              [
                37.3420223,
                55.86020679999999
              ],
              [
                37.3415062,
                55.8591589
              ],
              [
                37.3414536,
                55.85869089999999
              ],
              [
                37.3406337,
                55.8580491
              ],
              [
                37.34028049999999,
                55.857182399999985
              ],
              [
                37.3403516,
                55.85674519999999
              ],
              [
                37.340070399999995,
                55.85647469999999
              ],
              [
                37.3402903,
                55.8560015
              ],
              [
                37.33968740000001,
                55.855507
              ],
              [
                37.33955149999999,
                55.855176099999994
              ],
              [
                37.3399949,
                55.854434299999994
              ],
              [
                37.3404194,
                55.852967499999984
              ],
              [
                37.34094180000001,
                55.8526499
              ],
              [
                37.3405645,
                55.852203499999995
              ],
              [
                37.34044349999999,
                55.8515384
              ],
              [
                37.339173599999995,
                55.85075199999999
              ],
              [
                37.33847289999999,
                55.850063899999995
              ],
              [
                37.337831,
                55.849819499999995
              ],
              [
                37.3376436,
                55.84983629999999
              ],
              [
                37.3375148,
                55.84958469999999
              ],
              [
                37.3377225,
                55.849351699999985
              ],
              [
                37.3382993,
                55.8491437
              ],
              [
                37.3382777,
                55.848959999999984
              ],
              [
                37.33815239999999,
                55.848893699999984
              ],
              [
                37.3379107,
                55.84897209999999
              ],
              [
                37.3373335,
                55.848799099999994
              ],
              [
                37.33727789999999,
                55.84851899999999
              ],
              [
                37.3369193,
                55.8484643
              ],
              [
                37.337155700000004,
                55.848163500000005
              ],
              [
                37.33684159999999,
                55.848132299999996
              ],
              [
                37.3366709,
                55.848001999999994
              ],
              [
                37.33578980000001,
                55.84802880000001
              ],
              [
                37.3356295,
                55.84780500000001
              ],
              [
                37.3353207,
                55.84769159999999
              ],
              [
                37.3341284,
                55.8477278
              ],
              [
                37.33392680000001,
                55.8474856
              ],
              [
                37.3341024,
                55.84741459999999
              ],
              [
                37.334044,
                55.8473283
              ],
              [
                37.33366169999999,
                55.8471294
              ],
              [
                37.3334132,
                55.8471536
              ],
              [
                37.3334756,
                55.847019599999996
              ],
              [
                37.333249599999995,
                55.84698449999999
              ],
              [
                37.3330816,
                55.8467066
              ],
              [
                37.3325802,
                55.846621999999996
              ],
              [
                37.332076699999995,
                55.84629959999999
              ],
              [
                37.332095,
                55.845801200000004
              ],
              [
                37.332726,
                55.8457108
              ],
              [
                37.3329203,
                55.84529579999999
              ],
              [
                37.3356614,
                55.84524979999999
              ]
            ]
          ]
        ]
      }
    },
    {
      "type": "Feature",
      "properties": {
        "id": 1252558,
        "level": "okrug",
        "name_ru": "Северо-Восточный административный округ",
        "parent_id": null,
        "bbox": [
          37.519234899999994,
          55.7825481,
          37.7347837,
          55.95777170000001
        ]
      },
      "geometry": {
        "type": "MultiPolygon",
        "coordinates": [
          [
            [
              [
                37.519234899999994,
                55.9419381
              ],
              [
                37.5200286,
                55.94008589999999
              ],
              [
                37.52874249999999,
                55.922967199999995
              ],
              [
                37.535988399999994,
                55.908151
              ],
              [
                37.5363206,
                55.90756739999999
              ],
              [
                37.5368342,
                55.90711729999999
              ],
              [
                37.5376117,
                55.90547529999999
              ],
              [
                37.538692499999996,
                55.9039985
              ],
              [
                37.5399434,
                55.90288439999999
              ],
              [
                37.5411696,
                55.9020266
              ],
              [
                37.5428854,
                55.9011424
              ],
              [
                37.5590425,
                55.8952338
              ],
              [
                37.5640581,
                55.893273199999996
              ],
              [
                37.56589679999999,
                55.89193409999999
              ],
              [
                37.5667552,
                55.8908373
              ],
              [
                37.567056099999995,
                55.89016320000001
              ],
              [
                37.56740469999999,
                55.8873023
              ],
              [
                37.5676753,
                55.882644299999995
              ],
              [
                37.5682909,
                55.877590299999994
              ],
              [
                37.5746003,
                55.8621169
              ],
              [
                37.57454640000001,
                55.85989310000001
              ],
              [
                37.57270739999999,
                55.854734699999995
              ],
              [
                37.57267819999999,
                55.8532062
              ],
              [
                37.5729058,
                55.851419799999995
              ],
              [
                37.57330939999999,
                55.849840199999996
              ],
              [
                37.5752619,
                55.84422319999999
              ],
              [
                37.5760527,
                55.8430973
              ],
              [
                37.5780233,
                55.841025699999996
              ],
              [
                37.5785127,
                55.8400345
              ],
              [
                37.5787192,
                55.8390322
              ],
              [
                37.5786411,
                55.83790659999999
              ],
              [
                37.5781537,
                55.8367858
              ],
              [
                37.57739959999999,
                55.835901799999995
              ],
              [
                37.57467720000001,
                55.8336306
              ],
              [
                37.5741054,
                55.832865
              ],
              [
                37.573685,
                55.831843899999996
              ],
              [
                37.57357559999999,
                55.8305841
              ],
              [
                37.5740221,
                55.8223928
              ],
              [
                37.5745532,
                55.82111609999999
              ],
              [
                37.5778185,
                55.81664059999998
              ],
              [
                37.5788313,
                55.8126214
              ],
              [
                37.5793077,
                55.8118077
              ],
              [
                37.5804261,
                55.81085239999999
              ],
              [
                37.5847301,
                55.808682399999995
              ],
              [
                37.5831369,
                55.80862149999999
              ],
              [
                37.580652199999996,
                55.8082874
              ],
              [
                37.5823396,
                55.80552109999999
              ],
              [
                37.58372049999999,
                55.79993209999999
              ],
              [
                37.58431769999999,
                55.7953226
              ],
              [
                37.5846713,
                55.79463729999999
              ],
              [
                37.5877997,
                55.79263659999999
              ],
              [
                37.5891654,
                55.79242060000001
              ],
              [
                37.5933114,
                55.7924291
              ],
              [
                37.5958899,
                55.7922257
              ],
              [
                37.5992958,
                55.7924817
              ],
              [
                37.6006396,
                55.78780179999999
              ],
              [
                37.60171989999999,
                55.7851689
              ],
              [
                37.604608299999995,
                55.78531169999999
              ],
              [
                37.6067507,
                55.7844089
              ],
              [
                37.6124492,
                55.7825481
              ],
              [
                37.6129804,
                55.783355699999994
              ],
              [
                37.61319129999999,
                55.78342189999999
              ],
              [
                37.61483549999999,
                55.783478699999996
              ],
              [
                37.6153517,
                55.782836599999996
              ],
              [
                37.6152868,
                55.7834989
              ],
              [
                37.6167159,
                55.78613409999999
              ],
              [
                37.6167978,
                55.7868239
              ],
              [
                37.6163097,
                55.79311599999999
              ],
              [
                37.6279594,
                55.79250780000001
              ],
              [
                37.6324314,
                55.7918625
              ],
              [
                37.63463769999999,
                55.791892299999994
              ],
              [
                37.6344313,
                55.7944611
              ],
              [
                37.63499999999999,
                55.797170300000005
              ],
              [
                37.63567599999999,
                55.79673199999999
              ],
              [
                37.6388082,
                55.7954812
              ],
              [
                37.6401684,
                55.7947911
              ],
              [
                37.64611920000001,
                55.7909534
              ],
              [
                37.647731099999994,
                55.790380699999986
              ],
              [
                37.651542,
                55.78936
              ],
              [
                37.650709199999994,
                55.7909339
              ],
              [
                37.6501162,
                55.7927927
              ],
              [
                37.650489099999994,
                55.7987596
              ],
              [
                37.65072,
                55.79941879999999
              ],
              [
                37.651284,
                55.8004205
              ],
              [
                37.6538241,
                55.8038637
              ],
              [
                37.6548995,
                55.805110899999995
              ],
              [
                37.65781849999999,
                55.80802189999999
              ],
              [
                37.6680768,
                55.81987399999999
              ],
              [
                37.6690882,
                55.82133559999999
              ],
              [
                37.670468899999996,
                55.82419199999999
              ],
              [
                37.67069409999999,
                55.82439359999999
              ],
              [
                37.6715201,
                55.82736259999998
              ],
              [
                37.6715749,
                55.8290255
              ],
              [
                37.6702104,
                55.838739600000004
              ],
              [
                37.672857099999995,
                55.8383528
              ],
              [
                37.673568599999996,
                55.8383359
              ],
              [
                37.6750964,
                55.8384732
              ],
              [
                37.6763165,
                55.83882160000001
              ],
              [
                37.6773835,
                55.83938969999999
              ],
              [
                37.67816479999999,
                55.840172099999975
              ],
              [
                37.6784553,
                55.8410173
              ],
              [
                37.678346399999995,
                55.84181589999999
              ],
              [
                37.68025759999999,
                55.8424748
              ],
              [
                37.6813889,
                55.84321249999999
              ],
              [
                37.6903183,
                55.8480056
              ],
              [
                37.690214999999995,
                55.8481906
              ],
              [
                37.692226399999996,
                55.85030669999999
              ],
              [
                37.6899704,
                55.85122309999999
              ],
              [
                37.692284300000004,
                55.8529088
              ],
              [
                37.6883279,
                55.853925999999994
              ],
              [
                37.6867679,
                55.85451289999999
              ],
              [
                37.686789899999994,
                55.8547734
              ],
              [
                37.68785969999999,
                55.855491599999986
              ],
              [
                37.6886034,
                55.8552849
              ],
              [
                37.6894096,
                55.855956599999985
              ],
              [
                37.690242999999995,
                55.855895800000006
              ],
              [
                37.690747200000004,
                55.85617740000001
              ],
              [
                37.6916307,
                55.8560299
              ],
              [
                37.6925215,
                55.8561333
              ],
              [
                37.6931332,
                55.8557966
              ],
              [
                37.6924303,
                55.85533029999999
              ],
              [
                37.69277369999999,
                55.855166999999994
              ],
              [
                37.6938021,
                55.8540104
              ],
              [
                37.6947455,
                55.853375299999996
              ],
              [
                37.6937646,
                55.8520726
              ],
              [
                37.696822899999994,
                55.8481609
              ],
              [
                37.7035867,
                55.848773300000005
              ],
              [
                37.70564339999999,
                55.84794449999998
              ],
              [
                37.710424399999994,
                55.84750459999999
              ],
              [
                37.71077319999999,
                55.8473869
              ],
              [
                37.7120984,
                55.84735479999999
              ],
              [
                37.71250309999999,
                55.84752749999999
              ],
              [
                37.7140751,
                55.8469149
              ],
              [
                37.7171278,
                55.849057299999984
              ],
              [
                37.719349599999994,
                55.85000879999999
              ],
              [
                37.7201692,
                55.8505716
              ],
              [
                37.719773200000006,
                55.8511819
              ],
              [
                37.719404999999995,
                55.8514226
              ],
              [
                37.721005,
                55.8522056
              ],
              [
                37.7216393,
                55.85292410000001
              ],
              [
                37.71801730000001,
                55.86060729999999
              ],
              [
                37.7094382,
                55.860911099999996
              ],
              [
                37.70918639999999,
                55.86295580000001
              ],
              [
                37.7077052,
                55.863935399999995
              ],
              [
                37.7068678,
                55.864348
              ],
              [
                37.70681259999999,
                55.8644903
              ],
              [
                37.7079241,
                55.86533690000001
              ],
              [
                37.707699399999996,
                55.86551849999999
              ],
              [
                37.7158133,
                55.870154199999995
              ],
              [
                37.719672,
                55.8736992
              ],
              [
                37.7210651,
                55.87320659999999
              ],
              [
                37.7218128,
                55.873875
              ],
              [
                37.723732899999995,
                55.873271899999985
              ],
              [
                37.72425570000001,
                55.873008
              ],
              [
                37.7265802,
                55.8737556
              ],
              [
                37.7273401,
                55.87392189999999
              ],
              [
                37.727926499999995,
                55.8739005
              ],
              [
                37.7290472,
                55.874646999999996
              ],
              [
                37.7298326,
                55.8746655
              ],
              [
                37.7318197,
                55.87494519999999
              ],
              [
                37.73107689999999,
                55.87571599999999
              ],
              [
                37.73101019999999,
                55.876892899999994
              ],
              [
                37.732497099999996,
                55.87771259999999
              ],
              [
                37.7328953,
                55.878048899999996
              ],
              [
                37.7333987,
                55.878105399999995
              ],
              [
                37.7337763,
                55.877913
              ],
              [
                37.7347837,
                55.8784053
              ],
              [
                37.7323696,
                55.879523
              ],
              [
                37.730375,
                55.8806067
              ],
              [
                37.72970169999999,
                55.881057199999994
              ],
              [
                37.7294495,
                55.8815687
              ],
              [
                37.729290899999995,
                55.882046399999986
              ],
              [
                37.7296648,
                55.88309069999999
              ],
              [
                37.7303817,
                55.8840119
              ],
              [
                37.7320995,
                55.8853158
              ],
              [
                37.7315551,
                55.8856186
              ],
              [
                37.72752379999999,
                55.88395109999999
              ],
              [
                37.72436239999999,
                55.883801899999995
              ],
              [
                37.72148099999999,
                55.88503789999999
              ],
              [
                37.7112059,
                55.8901495
              ],
              [
                37.70758179999999,
                55.89176609999999
              ],
              [
                37.7075862,
                55.8921464
              ],
              [
                37.7071883,
                55.89233109999999
              ],
              [
                37.7064346,
                55.89225839999999
              ],
              [
                37.7030517,
                55.8934116
              ],
              [
                37.6987201,
                55.89433599999999
              ],
              [
                37.69428799999999,
                55.8948748
              ],
              [
                37.68233879999999,
                55.89529900000001
              ],
              [
                37.68080150000001,
                55.8954342
              ],
              [
                37.67695479999999,
                55.895462099999996
              ],
              [
                37.6763235,
                55.8956091
              ],
              [
                37.6745498,
                55.89648739999999
              ],
              [
                37.67315289999999,
                55.89703319999998
              ],
              [
                37.67266949999999,
                55.8978367
              ],
              [
                37.67184079999999,
                55.8977269
              ],
              [
                37.671862,
                55.8972362
              ],
              [
                37.671563799999994,
                55.8969057
              ],
              [
                37.6701035,
                55.89601460000001
              ],
              [
                37.6691834,
                55.895678399999994
              ],
              [
                37.6632928,
                55.8959169
              ],
              [
                37.6522572,
                55.8967787
              ],
              [
                37.64736909999999,
                55.897285399999994
              ],
              [
                37.6373525,
                55.89860840000001
              ],
              [
                37.6292697,
                55.899928899999985
              ],
              [
                37.6213487,
                55.901514600000006
              ],
              [
                37.6092529,
                55.904560499999995
              ],
              [
                37.5931529,
                55.9089479
              ],
              [
                37.5910769,
                55.910742199999994
              ],
              [
                37.59039359999999,
                55.911531599999996
              ],
              [
                37.5903786,
                55.9118398
              ],
              [
                37.5912017,
                55.9135942
              ],
              [
                37.5907353,
                55.9136561
              ],
              [
                37.5898758,
                55.9123897
              ],
              [
                37.5895143,
                55.912147899999994
              ],
              [
                37.5887127,
                55.91193079999999
              ],
              [
                37.58827869999999,
                55.91159719999999
              ],
              [
                37.587549,
                55.91053699999999
              ],
              [
                37.587256,
                55.9104216
              ],
              [
                37.5838922,
                55.91095769999999
              ],
              [
                37.5786006,
                55.9114343
              ],
              [
                37.5741491,
                55.91127319999999
              ],
              [
                37.5705367,
                55.91101689999999
              ],
              [
                37.5559156,
                55.9092832
              ],
              [
                37.5588318,
                55.919458
              ],
              [
                37.5593629,
                55.920716199999994
              ],
              [
                37.5613846,
                55.928058899999996
              ],
              [
                37.560955699999994,
                55.93227139999999
              ],
              [
                37.56592129999999,
                55.933349
              ],
              [
                37.56652739999999,
                55.93647349999999
              ],
              [
                37.5675951,
                55.9364643
              ],
              [
                37.5695548,
                55.936623299999994
              ],
              [
                37.57021480000001,
                55.9364521
              ],
              [
                37.5700906,
                55.9409267
              ],
              [
                37.5675405,
                55.9407314
              ],
              [
                37.566695499999994,
                55.9411362
              ],
              [
                37.5645841,
                55.941400699999996
              ],
              [
                37.5637113,
                55.9450632
              ],
              [
                37.5628076,
                55.947667799999984
              ],
              [
                37.5624642,
                55.95107359999999
              ],
              [
                37.56786019999999,
                55.9506606
              ],
              [
                37.5680986,
                55.9504261
              ],
              [
                37.569858399999994,
                55.95045019999999
              ],
              [
                37.57942229999999,
                55.949467899999995
              ],
              [
                37.5800379,
                55.952024599999994
              ],
              [
                37.5791196,
                55.9536733
              ],
              [
                37.580707,
                55.9539887
              ],
              [
                37.57840529999999,
                55.955575399999994
              ],
              [
                37.574737799999994,
                55.95618649999999
              ],
              [
                37.5744299,
                55.95777170000001
              ],
              [
                37.5705388,
                55.9564347
              ],
              [
                37.55515369999999,
                55.951529
              ],
              [
                37.555104,
                55.9535347
              ],
              [
                37.5516576,
                55.953631
              ],
              [
                37.55162059999999,
                55.9519655
              ],
              [
                37.5518367,
                55.95170769999999
              ],
              [
                37.551893699999994,
                55.95122099999999
              ],
              [
                37.5485507,
                55.95115809999999
              ],
              [
                37.5469335,
                55.954295699999996
              ],
              [
                37.5445694,
                55.953990399999995
              ],
              [
                37.5443065,
                55.95440339999999
              ],
              [
                37.5426972,
                55.954091
              ],
              [
                37.54235119999999,
                55.95414209999999
              ],
              [
                37.53744009999999,
                55.952843099999996
              ],
              [
                37.53980849999999,
                55.9493535
              ],
              [
                37.543041,
                55.943903799999994
              ],
              [
                37.541725799999995,
                55.9436627
              ],
              [
                37.5408692,
                55.94381289999998
              ],
              [
                37.5377796,
                55.94383679999999
              ],
              [
                37.537583299999994,
                55.944381199999995
              ],
              [
                37.5356276,
                55.94408879999999
              ],
              [
                37.53423229999999,
                55.9440224
              ],
              [
                37.530555,
                55.9435748
              ],
              [
                37.519234899999994,
                55.9419381
              ]
            ]
          ]
        ]
      }
    },
    {
      "type": "Feature",
      "properties": {
        "id": 1278703,
        "level": "okrug",
        "name_ru": "Юго-Восточный административный округ",
        "parent_id": null,
        "bbox": [
          37.66069029999999,
          55.6229597,
          37.967427699999995,
          55.7753027
        ]
      },
      "geometry": {
        "type": "MultiPolygon",
        "coordinates": [
          [
            [
              [
                37.9192451,
                55.707606399999996
              ],
              [
                37.90701179999999,
                55.706991099999996
              ],
              [
                37.90612759999999,
                55.70625849999998
              ],
              [
                37.9072539,
                55.7047089
              ],
              [
                37.90780569999999,
                55.70463410000001
              ],
              [
                37.909273,
                55.70494409999999
              ],
              [
                37.91137719999999,
                55.7047767
              ],
              [
                37.912240700000005,
                55.7034207
              ],
              [
                37.9122059,
                55.70296989999999
              ],
              [
                37.913464899999994,
                55.702170399999986
              ],
              [
                37.9134366,
                55.697865199999995
              ],
              [
                37.91516669999999,
                55.6970473
              ],
              [
                37.9189383,
                55.6994252
              ],
              [
                37.9193762,
                55.6993521
              ],
              [
                37.924743,
                55.6970422
              ],
              [
                37.9266095,
                55.69822109999999
              ],
              [
                37.93980669999999,
                55.698014599999986
              ],
              [
                37.9397555,
                55.696607599999986
              ],
              [
                37.939876999999996,
                55.696504
              ],
              [
                37.939126,
                55.69649869999999
              ],
              [
                37.93587109999999,
                55.696811
              ],
              [
                37.9282528,
                55.69499929999999
              ],
              [
                37.92740499999999,
                55.69405750000001
              ],
              [
                37.92758309999999,
                55.69397979999999
              ],
              [
                37.9231927,
                55.6892714
              ],
              [
                37.922434599999995,
                55.68880829999998
              ],
              [
                37.91860309999999,
                55.68825999999999
              ],
              [
                37.91772509999999,
                55.6876942
              ],
              [
                37.917387399999996,
                55.687134999999984
              ],
              [
                37.91725819999999,
                55.68626739999999
              ],
              [
                37.91329079999999,
                55.68331679999999
              ],
              [
                37.9142673,
                55.68300769999999
              ],
              [
                37.9137928,
                55.6816045
              ],
              [
                37.91854039999999,
                55.680795999999994
              ],
              [
                37.9189453,
                55.68051909999999
              ],
              [
                37.9197535,
                55.6785385
              ],
              [
                37.9204717,
                55.676143
              ],
              [
                37.92712649999999,
                55.675952399999986
              ],
              [
                37.928111099999995,
                55.67602369999999
              ],
              [
                37.9316044,
                55.67596429999999
              ],
              [
                37.9355974,
                55.67577709999999
              ],
              [
                37.9486257,
                55.67550229999999
              ],
              [
                37.949650899999995,
                55.6751617
              ],
              [
                37.9633779,
                55.673655999999994
              ],
              [
                37.9637963,
                55.673904199999996
              ],
              [
                37.9634687,
                55.674424499999986
              ],
              [
                37.9626019,
                55.6748992
              ],
              [
                37.9617389,
                55.6751315
              ],
              [
                37.9613556,
                55.6756369
              ],
              [
                37.9618771,
                55.67696029999998
              ],
              [
                37.96185909999999,
                55.6777142
              ],
              [
                37.9626295,
                55.6782131
              ],
              [
                37.963263399999995,
                55.6789184
              ],
              [
                37.9642771,
                55.67960289999999
              ],
              [
                37.9644024,
                55.67981459999999
              ],
              [
                37.96435029999999,
                55.68005269999999
              ],
              [
                37.96360589999999,
                55.68053989999999
              ],
              [
                37.963379599999996,
                55.68090699999999
              ],
              [
                37.96358789999999,
                55.68157579999998
              ],
              [
                37.963065699999994,
                55.6823177
              ],
              [
                37.9630378,
                55.68281629999999
              ],
              [
                37.96349109999999,
                55.683351299999984
              ],
              [
                37.9636633,
                55.6839601
              ],
              [
                37.963546199999996,
                55.684181599999995
              ],
              [
                37.9637986,
                55.684518299999986
              ],
              [
                37.9629849,
                55.68503579999999
              ],
              [
                37.9628732,
                55.6856636
              ],
              [
                37.963205499999994,
                55.68593849999999
              ],
              [
                37.96477000000001,
                55.68606019999999
              ],
              [
                37.964771299999995,
                55.686174300000005
              ],
              [
                37.9645395,
                55.686377099999994
              ],
              [
                37.9635973,
                55.686441099999996
              ],
              [
                37.9632451,
                55.6865588
              ],
              [
                37.963570399999995,
                55.687042399999996
              ],
              [
                37.9634548,
                55.6873656
              ],
              [
                37.96161819999999,
                55.6877957
              ],
              [
                37.9611673,
                55.6880814
              ],
              [
                37.9609437,
                55.6884701
              ],
              [
                37.9611844,
                55.68902709999998
              ],
              [
                37.9607325,
                55.6892341
              ],
              [
                37.9596251,
                55.6893352
              ],
              [
                37.959145799999995,
                55.6895692
              ],
              [
                37.9581243,
                55.6893998
              ],
              [
                37.95788009999999,
                55.689450799999996
              ],
              [
                37.960203899999996,
                55.69277400000001
              ],
              [
                37.9575785,
                55.6938492
              ],
              [
                37.956354299999994,
                55.6927429
              ],
              [
                37.953929499999994,
                55.69272599999999
              ],
              [
                37.9556123,
                55.6945131
              ],
              [
                37.950876699999995,
                55.6961866
              ],
              [
                37.9497773,
                55.695242099999994
              ],
              [
                37.9486602,
                55.695072499999995
              ],
              [
                37.9462308,
                55.69667269999999
              ],
              [
                37.9450608,
                55.6968562
              ],
              [
                37.944716099999994,
                55.6971238
              ],
              [
                37.9448393,
                55.697767
              ],
              [
                37.9455387,
                55.698089800000005
              ],
              [
                37.945237,
                55.6991227
              ],
              [
                37.9463598,
                55.699554099999986
              ],
              [
                37.9466318,
                55.700009399999985
              ],
              [
                37.9471254,
                55.7002776
              ],
              [
                37.9494124,
                55.70000739999999
              ],
              [
                37.95169889999999,
                55.70065959999999
              ],
              [
                37.9533496,
                55.700609099999994
              ],
              [
                37.9531583,
                55.701228099999994
              ],
              [
                37.9529031,
                55.7013629
              ],
              [
                37.9532141,
                55.7017179
              ],
              [
                37.9532962,
                55.7020756
              ],
              [
                37.9542086,
                55.7027752
              ],
              [
                37.9546132,
                55.702875
              ],
              [
                37.95575589999999,
                55.7027316
              ],
              [
                37.9565075,
                55.70220659999999
              ],
              [
                37.9560377,
                55.701103599999996
              ],
              [
                37.957009799999994,
                55.7008737
              ],
              [
                37.9589259,
                55.70261339999998
              ],
              [
                37.9582197,
                55.702939799999996
              ],
              [
                37.9597448,
                55.704508399999995
              ],
              [
                37.95791069999999,
                55.70594009999999
              ],
              [
                37.95439519999999,
                55.706938199999996
              ],
              [
                37.954194199999996,
                55.70668260000001
              ],
              [
                37.94730199999999,
                55.708596499999985
              ],
              [
                37.9496668,
                55.711341099999984
              ],
              [
                37.9530979,
                55.7112623
              ],
              [
                37.964077,
                55.709310599999995
              ],
              [
                37.96676969999999,
                55.7102269
              ],
              [
                37.96670629999999,
                55.7104986
              ],
              [
                37.9598592,
                55.7140911
              ],
              [
                37.9606662,
                55.71475409999999
              ],
              [
                37.9650216,
                55.715439800000006
              ],
              [
                37.96731669999999,
                55.71604029999999
              ],
              [
                37.967427699999995,
                55.716248999999976
              ],
              [
                37.96205299999999,
                55.717164499999996
              ],
              [
                37.9584742,
                55.717616799999995
              ],
              [
                37.95551259999999,
                55.720222
              ],
              [
                37.94982340000001,
                55.720004
              ],
              [
                37.948041,
                55.72025029999998
              ],
              [
                37.94747509999999,
                55.7200604
              ],
              [
                37.9456503,
                55.7208385
              ],
              [
                37.94510879999999,
                55.720871499999994
              ],
              [
                37.93658719999999,
                55.716238399999995
              ],
              [
                37.92806989999999,
                55.71615899999998
              ],
              [
                37.92625379999999,
                55.715149699999984
              ],
              [
                37.92611459999999,
                55.71218679999998
              ],
              [
                37.9256924,
                55.711981899999984
              ],
              [
                37.9247941,
                55.71111729999999
              ],
              [
                37.9219165,
                55.707961299999994
              ],
              [
                37.9192451,
                55.707606399999996
              ]
            ]
          ],
          [
            [
              [
                37.660817099999996,
                55.730734299999995
              ],
              [
                37.66069029999999,
                55.730703399999996
              ],
              [
                37.6627185,
                55.7276605
              ],
              [
                37.6635975,
                55.725221199999986
              ],
              [
                37.6636775,
                55.718132
              ],
              [
                37.667811,
                55.70528239999999
              ],
              [
                37.6672891,
                55.70074149999999
              ],
              [
                37.67095479999999,
                55.70050069999999
              ],
              [
                37.672933799999996,
                55.699676899999986
              ],
              [
                37.674485499999996,
                55.6985085
              ],
              [
                37.67901129999999,
                55.698191699999995
              ],
              [
                37.6842701,
                55.69742229999999
              ],
              [
                37.6947839,
                55.69535059999999
              ],
              [
                37.7075727,
                55.69327049999998
              ],
              [
                37.71212169999999,
                55.68845679999999
              ],
              [
                37.7123792,
                55.68465859999999
              ],
              [
                37.711949999999995,
                55.68131979999999
              ],
              [
                37.7047617,
                55.6773626
              ],
              [
                37.7026565,
                55.6765772
              ],
              [
                37.69074749999999,
                55.67323969999999
              ],
              [
                37.6893415,
                55.6727019
              ],
              [
                37.68740249999999,
                55.6711564
              ],
              [
                37.6824243,
                55.670623899999995
              ],
              [
                37.6781327,
                55.6690508
              ],
              [
                37.6750428,
                55.6676469
              ],
              [
                37.6732404,
                55.6651055
              ],
              [
                37.67238209999999,
                55.6619828
              ],
              [
                37.671521799999994,
                55.655779299999985
              ],
              [
                37.6716505,
                55.6543508
              ],
              [
                37.67259469999999,
                55.6532128
              ],
              [
                37.6745688,
                55.651759999999996
              ],
              [
                37.678044899999996,
                55.649944
              ],
              [
                37.688945399999994,
                55.64522179999999
              ],
              [
                37.6944815,
                55.64328429999999
              ],
              [
                37.6994168,
                55.64212179999999
              ],
              [
                37.7132784,
                55.6394575
              ],
              [
                37.7295024,
                55.6408925
              ],
              [
                37.7453811,
                55.6398994
              ],
              [
                37.749586799999996,
                55.64062599999999
              ],
              [
                37.766194999999996,
                55.64544570000001
              ],
              [
                37.7797992,
                55.6487391
              ],
              [
                37.783447,
                55.6485454
              ],
              [
                37.78533529999999,
                55.6473346
              ],
              [
                37.785506899999994,
                55.6451066
              ],
              [
                37.78383319999999,
                55.6425879
              ],
              [
                37.7842624,
                55.638325
              ],
              [
                37.7850349,
                55.633262299999984
              ],
              [
                37.78670859999999,
                55.6302582
              ],
              [
                37.78975559999999,
                55.6257517
              ],
              [
                37.793561,
                55.6229597
              ],
              [
                37.7958476,
                55.62422639999999
              ],
              [
                37.80060219999999,
                55.627459599999995
              ],
              [
                37.800647399999995,
                55.6276939
              ],
              [
                37.8061648,
                55.631261
              ],
              [
                37.8073572,
                55.6319629
              ],
              [
                37.80747379999999,
                55.63193069999999
              ],
              [
                37.808391,
                55.6325296
              ],
              [
                37.80866389999999,
                55.632911
              ],
              [
                37.8181167,
                55.63909249999999
              ],
              [
                37.8185441,
                55.6392663
              ],
              [
                37.8207199,
                55.6394263
              ],
              [
                37.8217579,
                55.63908159999998
              ],
              [
                37.822929,
                55.639321499999994
              ],
              [
                37.82351059999999,
                55.6396749
              ],
              [
                37.8241523,
                55.64023519999999
              ],
              [
                37.824163999999996,
                55.64048679999999
              ],
              [
                37.82393789999999,
                55.64071009999999
              ],
              [
                37.82265629999999,
                55.64136789999999
              ],
              [
                37.8225401,
                55.641510399999994
              ],
              [
                37.822657199999995,
                55.641617600000004
              ],
              [
                37.82483189999999,
                55.64339069999999
              ],
              [
                37.8320939,
                55.6480497
              ],
              [
                37.8351163,
                55.650242399999996
              ],
              [
                37.83771819999999,
                55.653279999999995
              ],
              [
                37.83909979999999,
                55.65546619999999
              ],
              [
                37.839514,
                55.655523499999994
              ],
              [
                37.8411397,
                55.65519159999999
              ],
              [
                37.841265899999996,
                55.6553475
              ],
              [
                37.840962,
                55.6555593
              ],
              [
                37.841599099999996,
                55.65728489999999
              ],
              [
                37.8416266,
                55.65784519999999
              ],
              [
                37.8412502,
                55.65810579999999
              ],
              [
                37.840133,
                55.658272399999994
              ],
              [
                37.84003369999999,
                55.66210719999999
              ],
              [
                37.8395998,
                55.6640071
              ],
              [
                37.83409929999999,
                55.679107
              ],
              [
                37.832464,
                55.683037899999995
              ],
              [
                37.8325244,
                55.683650799999995
              ],
              [
                37.8327674,
                55.68403219999999
              ],
              [
                37.833380399999996,
                55.684389799999984
              ],
              [
                37.8346578,
                55.68464349999999
              ],
              [
                37.835848999999996,
                55.6845696
              ],
              [
                37.8368553,
                55.68425799999999
              ],
              [
                37.8433949,
                55.6817314
              ],
              [
                37.847561299999995,
                55.6799978
              ],
              [
                37.8568896,
                55.67570129999999
              ],
              [
                37.8589569,
                55.677211699999994
              ],
              [
                37.8613401,
                55.681601099999995
              ],
              [
                37.864791999999994,
                55.6873501
              ],
              [
                37.8647451,
                55.688264399999994
              ],
              [
                37.8600053,
                55.6910309
              ],
              [
                37.8608128,
                55.691760399999986
              ],
              [
                37.86409329999999,
                55.6936883
              ],
              [
                37.85873899999999,
                55.69736559999998
              ],
              [
                37.85616649999999,
                55.6987648
              ],
              [
                37.858407,
                55.7001245
              ],
              [
                37.85731549999999,
                55.700697599999984
              ],
              [
                37.85817599999999,
                55.7012543
              ],
              [
                37.853409,
                55.703540199999985
              ],
              [
                37.8534354,
                55.70378849999998
              ],
              [
                37.85234,
                55.70419539999999
              ],
              [
                37.836023899999994,
                55.70977599999999
              ],
              [
                37.77589669999999,
                55.729939099999996
              ],
              [
                37.7671324,
                55.734358199999996
              ],
              [
                37.7622053,
                55.73670789999999
              ],
              [
                37.7599989,
                55.7372466
              ],
              [
                37.75276639999999,
                55.7382581
              ],
              [
                37.74935,
                55.73915670000001
              ],
              [
                37.7467226,
                55.74036780000001
              ],
              [
                37.7423739,
                55.7436661
              ],
              [
                37.7410175,
                55.74445169999999
              ],
              [
                37.7393417,
                55.745177
              ],
              [
                37.7253252,
                55.748966499999995
              ],
              [
                37.7236328,
                55.7495155
              ],
              [
                37.7224005,
                55.7500624
              ],
              [
                37.7205725,
                55.751160799999994
              ],
              [
                37.7191682,
                55.752410899999994
              ],
              [
                37.7181328,
                55.753880499999994
              ],
              [
                37.7176811,
                55.75550699999999
              ],
              [
                37.7177132,
                55.756483299999985
              ],
              [
                37.718179799999994,
                55.758018199999995
              ],
              [
                37.7206319,
                55.762464699999995
              ],
              [
                37.7208733,
                55.76494629999999
              ],
              [
                37.7207817,
                55.76588329999999
              ],
              [
                37.7200863,
                55.7671338
              ],
              [
                37.7173674,
                55.77014549999999
              ],
              [
                37.71594619999999,
                55.772298000000006
              ],
              [
                37.713613499999994,
                55.7753027
              ],
              [
                37.7076735,
                55.77231409999999
              ],
              [
                37.705401,
                55.7712819
              ],
              [
                37.7045926,
                55.770727199999996
              ],
              [
                37.7025185,
                55.770029
              ],
              [
                37.697223900000004,
                55.7668218
              ],
              [
                37.6969201,
                55.7668751
              ],
              [
                37.6921989,
                55.769489899999996
              ],
              [
                37.6890397,
                55.767773899999995
              ],
              [
                37.6858452,
                55.7639835
              ],
              [
                37.68557909999999,
                55.76352059999999
              ],
              [
                37.68581249999999,
                55.76233289999998
              ],
              [
                37.6853903,
                55.7615256
              ],
              [
                37.68415929999999,
                55.76027409999999
              ],
              [
                37.682588,
                55.759535599999985
              ],
              [
                37.680948,
                55.7591418
              ],
              [
                37.680215499999996,
                55.7590725
              ],
              [
                37.6764589,
                55.7591713
              ],
              [
                37.6739117,
                55.759369899999996
              ],
              [
                37.6730154,
                55.75932889999999
              ],
              [
                37.6722196,
                55.7591778
              ],
              [
                37.6712776,
                55.75880299999999
              ],
              [
                37.6704937,
                55.7579563
              ],
              [
                37.6703968,
                55.75760280000001
              ],
              [
                37.6704884,
                55.75749149999999
              ],
              [
                37.6709121,
                55.75742809999999
              ],
              [
                37.672941,
                55.7540014
              ],
              [
                37.6730606,
                55.753434299999995
              ],
              [
                37.672867499999995,
                55.75276559999999
              ],
              [
                37.67254969999999,
                55.75238779999999
              ],
              [
                37.6705308,
                55.750748800000004
              ],
              [
                37.67310609999999,
                55.7500502
              ],
              [
                37.6806622,
                55.74874999999999
              ],
              [
                37.6832039,
                55.7480005
              ],
              [
                37.689943,
                55.7449982
              ],
              [
                37.6937029,
                55.743175499999985
              ],
              [
                37.6952841,
                55.74231979999999
              ],
              [
                37.69615689999999,
                55.7417027
              ],
              [
                37.69708039999999,
                55.74079089999999
              ],
              [
                37.6998353,
                55.7363169
              ],
              [
                37.69886219999999,
                55.73643619999999
              ],
              [
                37.698200099999994,
                55.7352348
              ],
              [
                37.693700099999994,
                55.7293029
              ],
              [
                37.6930372,
                55.72929159999999
              ],
              [
                37.692157699999996,
                55.729540300000004
              ],
              [
                37.6881988,
                55.731772799999995
              ],
              [
                37.68689799999999,
                55.7324468
              ],
              [
                37.685409199999995,
                55.733041799999995
              ],
              [
                37.6858384,
                55.73011319999999
              ],
              [
                37.6840596,
                55.7300307
              ],
              [
                37.684102499999995,
                55.729583599999984
              ],
              [
                37.68333,
                55.7291456
              ],
              [
                37.6814418,
                55.7290399
              ],
              [
                37.6815705,
                55.728472
              ],
              [
                37.6804669,
                55.72840449999999
              ],
              [
                37.6805828,
                55.727683199999994
              ],
              [
                37.6789183,
                55.7282645
              ],
              [
                37.677733499999995,
                55.727355099999976
              ],
              [
                37.6705808,
                55.72582549999999
              ],
              [
                37.6674635,
                55.730863899999996
              ],
              [
                37.66624019999999,
                55.7315357
              ],
              [
                37.6658108,
                55.731635399999995
              ],
              [
                37.6644263,
                55.73146729999999
              ],
              [
                37.660817099999996,
                55.730734299999995
              ]
            ]
          ]
        ]
      }
    },
    {
      "type": "Feature",
      "properties": {
        "id": 1282181,
        "level": "okrug",
        "name_ru": "Южный административный округ",
        "parent_id": null,
        "bbox": [
          37.5697983,
          55.56637269999999,
          37.793561,
          55.729465
        ]
      },
      "geometry": {
        "type": "MultiPolygon",
        "coordinates": [
          [
            [
              [
                37.5700162,
                55.6071992
              ],
              [
                37.571299,
                55.6067179
              ],
              [
                37.5718677,
                55.6059887
              ],
              [
                37.573616,
                55.60594999999999
              ],
              [
                37.573986299999994,
                55.606651299999996
              ],
              [
                37.5748996,
                55.606596
              ],
              [
                37.57576220000001,
                55.606257299999996
              ],
              [
                37.5778221,
                55.6043664
              ],
              [
                37.5815648,
                55.60434279999998
              ],
              [
                37.5817703,
                55.6034936
              ],
              [
                37.5792964,
                55.6010331
              ],
              [
                37.577673399999995,
                55.60016989999999
              ],
              [
                37.5767147,
                55.59928659999999
              ],
              [
                37.576430099999996,
                55.59815499999999
              ],
              [
                37.576663399999994,
                55.59786870000001
              ],
              [
                37.580571000000006,
                55.59776079999999
              ],
              [
                37.580197899999995,
                55.5968987
              ],
              [
                37.5802368,
                55.5958133
              ],
              [
                37.578973999999995,
                55.59591339999999
              ],
              [
                37.578366599999995,
                55.59482140000001
              ],
              [
                37.577868699999996,
                55.593164
              ],
              [
                37.5771393,
                55.5916342
              ],
              [
                37.5768643,
                55.589314899999984
              ],
              [
                37.577621699999995,
                55.589219899999996
              ],
              [
                37.5767866,
                55.58786659999999
              ],
              [
                37.5770668,
                55.587220900000005
              ],
              [
                37.5774765,
                55.5869894
              ],
              [
                37.5774788,
                55.586349599999984
              ],
              [
                37.576074899999995,
                55.58425669999999
              ],
              [
                37.5736777,
                55.5822096
              ],
              [
                37.5738271,
                55.58203579999999
              ],
              [
                37.57374289999999,
                55.58169519999999
              ],
              [
                37.572939899999994,
                55.580966899999986
              ],
              [
                37.5900931,
                55.57689569999999
              ],
              [
                37.5915216,
                55.57607599999999
              ],
              [
                37.5922404,
                55.575399899999994
              ],
              [
                37.59719629999999,
                55.56908309999999
              ],
              [
                37.59755320000001,
                55.5678882
              ],
              [
                37.5974676,
                55.5668718
              ],
              [
                37.598397,
                55.5666055
              ],
              [
                37.6022876,
                55.56637269999999
              ],
              [
                37.60167469999999,
                55.5672282
              ],
              [
                37.6010966,
                55.56841599999999
              ],
              [
                37.6005631,
                55.5707353
              ],
              [
                37.6002004,
                55.57070109999999
              ],
              [
                37.59851209999999,
                55.5721869
              ],
              [
                37.597787999999994,
                55.57377999999999
              ],
              [
                37.5984891,
                55.5744262
              ],
              [
                37.60032029999999,
                55.5753745
              ],
              [
                37.60368499999999,
                55.5752108
              ],
              [
                37.6041802,
                55.574758999999986
              ],
              [
                37.6041629,
                55.5744194
              ],
              [
                37.6047305,
                55.5747623
              ],
              [
                37.6055416,
                55.57505739999999
              ],
              [
                37.632929700000005,
                55.573459299999996
              ],
              [
                37.6329014,
                55.5735341
              ],
              [
                37.6350402,
                55.5734491
              ],
              [
                37.6350319,
                55.573336
              ],
              [
                37.64966489999999,
                55.57247879999999
              ],
              [
                37.6503512,
                55.572285099999995
              ],
              [
                37.65055879999999,
                55.572005399999995
              ],
              [
                37.6504911,
                55.5718316
              ],
              [
                37.6507517,
                55.5717346
              ],
              [
                37.6511323,
                55.5719649
              ],
              [
                37.6528297,
                55.571999399999996
              ],
              [
                37.65389699999999,
                55.572284999999994
              ],
              [
                37.6634287,
                55.571659299999986
              ],
              [
                37.670723599999995,
                55.5716683
              ],
              [
                37.67604939999999,
                55.57208839999999
              ],
              [
                37.680734099999995,
                55.5729178
              ],
              [
                37.68308429999999,
                55.5736685
              ],
              [
                37.68456719999999,
                55.5740546
              ],
              [
                37.6851823,
                55.5741203
              ],
              [
                37.6873881,
                55.57385909999999
              ],
              [
                37.6891553,
                55.57347959999999
              ],
              [
                37.6904333,
                55.572925100000006
              ],
              [
                37.690924599999995,
                55.5723191
              ],
              [
                37.6917206,
                55.572949799999996
              ],
              [
                37.691364099999994,
                55.57426209999998
              ],
              [
                37.6913799,
                55.574784799999996
              ],
              [
                37.69178869999999,
                55.57640739999999
              ],
              [
                37.692564299999994,
                55.57712459999999
              ],
              [
                37.7010582,
                55.58027289999999
              ],
              [
                37.700929,
                55.58039589999999
              ],
              [
                37.70329639999999,
                55.58127989999999
              ],
              [
                37.7034259,
                55.581178699999995
              ],
              [
                37.704747999999995,
                55.581656499999994
              ],
              [
                37.7046441,
                55.581748
              ],
              [
                37.71599809999999,
                55.58589339999998
              ],
              [
                37.7263489,
                55.59006659999999
              ],
              [
                37.7269732,
                55.5900823
              ],
              [
                37.73025229999999,
                55.58971249999998
              ],
              [
                37.732173499999995,
                55.588797299999996
              ],
              [
                37.73280419999999,
                55.589167199999984
              ],
              [
                37.73204059999999,
                55.589934899999996
              ],
              [
                37.7320986,
                55.59091439999999
              ],
              [
                37.73254589999999,
                55.59213379999999
              ],
              [
                37.733529,
                55.5929779
              ],
              [
                37.7538314,
                55.601597399999996
              ],
              [
                37.7622711,
                55.60614939999999
              ],
              [
                37.762281699999996,
                55.60624889999999
              ],
              [
                37.775909799999994,
                55.613783899999994
              ],
              [
                37.78007229999999,
                55.6158902
              ],
              [
                37.7827614,
                55.616338999999996
              ],
              [
                37.7840116,
                55.6168207
              ],
              [
                37.7862832,
                55.6167732
              ],
              [
                37.78692989999999,
                55.61665489999999
              ],
              [
                37.7871859,
                55.616906699999994
              ],
              [
                37.786595399999996,
                55.6172294
              ],
              [
                37.78412850000001,
                55.61754169999999
              ],
              [
                37.7837291,
                55.61788419999999
              ],
              [
                37.7838511,
                55.61822649999999
              ],
              [
                37.7847042,
                55.618667499999994
              ],
              [
                37.7848538,
                55.6185952
              ],
              [
                37.79199239999999,
                55.62230689999999
              ],
              [
                37.7921272,
                55.6221692
              ],
              [
                37.793561,
                55.6229597
              ],
              [
                37.78975559999999,
                55.6257517
              ],
              [
                37.78670859999999,
                55.6302582
              ],
              [
                37.7850349,
                55.633262299999984
              ],
              [
                37.7842624,
                55.638325
              ],
              [
                37.78383319999999,
                55.6425879
              ],
              [
                37.785506899999994,
                55.6451066
              ],
              [
                37.78533529999999,
                55.6473346
              ],
              [
                37.783447,
                55.6485454
              ],
              [
                37.7797992,
                55.6487391
              ],
              [
                37.766194999999996,
                55.64544570000001
              ],
              [
                37.749586799999996,
                55.64062599999999
              ],
              [
                37.7453811,
                55.6398994
              ],
              [
                37.7295024,
                55.6408925
              ],
              [
                37.7132784,
                55.6394575
              ],
              [
                37.6994168,
                55.64212179999999
              ],
              [
                37.6944815,
                55.64328429999999
              ],
              [
                37.688945399999994,
                55.64522179999999
              ],
              [
                37.678044899999996,
                55.649944
              ],
              [
                37.6745688,
                55.651759999999996
              ],
              [
                37.67259469999999,
                55.6532128
              ],
              [
                37.6716505,
                55.6543508
              ],
              [
                37.671521799999994,
                55.655779299999985
              ],
              [
                37.67238209999999,
                55.6619828
              ],
              [
                37.6732404,
                55.6651055
              ],
              [
                37.6750428,
                55.6676469
              ],
              [
                37.6781327,
                55.6690508
              ],
              [
                37.6824243,
                55.670623899999995
              ],
              [
                37.68740249999999,
                55.6711564
              ],
              [
                37.6893415,
                55.6727019
              ],
              [
                37.69074749999999,
                55.67323969999999
              ],
              [
                37.7026565,
                55.6765772
              ],
              [
                37.7047617,
                55.6773626
              ],
              [
                37.711949999999995,
                55.68131979999999
              ],
              [
                37.7123792,
                55.68465859999999
              ],
              [
                37.71212169999999,
                55.68845679999999
              ],
              [
                37.7075727,
                55.69327049999998
              ],
              [
                37.6947839,
                55.69535059999999
              ],
              [
                37.6842701,
                55.69742229999999
              ],
              [
                37.67901129999999,
                55.698191699999995
              ],
              [
                37.674485499999996,
                55.6985085
              ],
              [
                37.672933799999996,
                55.699676899999986
              ],
              [
                37.67095479999999,
                55.70050069999999
              ],
              [
                37.6672891,
                55.70074149999999
              ],
              [
                37.667811,
                55.70528239999999
              ],
              [
                37.6636775,
                55.718132
              ],
              [
                37.66367549999999,
                55.724564099999995
              ],
              [
                37.66312670000001,
                55.72675829999998
              ],
              [
                37.659889199999995,
                55.72667639999999
              ],
              [
                37.6567176,
                55.726372399999995
              ],
              [
                37.6557668,
                55.727623699999995
              ],
              [
                37.6542108,
                55.728821399999994
              ],
              [
                37.65228569999999,
                55.7280661
              ],
              [
                37.65212559999999,
                55.7281997
              ],
              [
                37.65155349999999,
                55.728144199999996
              ],
              [
                37.645995,
                55.729465
              ],
              [
                37.644911099999995,
                55.72801189999999
              ],
              [
                37.64374229999999,
                55.722403799999995
              ],
              [
                37.6417645,
                55.7222109
              ],
              [
                37.6400073,
                55.72290089999999
              ],
              [
                37.636424399999996,
                55.723543299999996
              ],
              [
                37.63580209999999,
                55.72201999999999
              ],
              [
                37.6330619,
                55.722564599999984
              ],
              [
                37.6278928,
                55.72136489999999
              ],
              [
                37.6225369,
                55.72092779999999
              ],
              [
                37.61557729999999,
                55.72008289999999
              ],
              [
                37.6143041,
                55.7210255
              ],
              [
                37.6100957,
                55.721426599999994
              ],
              [
                37.6093473,
                55.71952129999999
              ],
              [
                37.60030999999999,
                55.72130119999999
              ],
              [
                37.59812809999999,
                55.71984669999999
              ],
              [
                37.5974937,
                55.7201418
              ],
              [
                37.59723679999999,
                55.7199632
              ],
              [
                37.596855399999995,
                55.720130299999994
              ],
              [
                37.5940838,
                55.7183252
              ],
              [
                37.59256489999999,
                55.719146
              ],
              [
                37.5926185,
                55.7194059
              ],
              [
                37.5929726,
                55.71957509999999
              ],
              [
                37.592714599999994,
                55.719686
              ],
              [
                37.5922285,
                55.71942849999999
              ],
              [
                37.5921327,
                55.71882779999999
              ],
              [
                37.590795099999994,
                55.717873
              ],
              [
                37.5908118,
                55.71774649999999
              ],
              [
                37.5916661,
                55.7174589
              ],
              [
                37.5926713,
                55.7168706
              ],
              [
                37.5919057,
                55.71637909999999
              ],
              [
                37.591720699999996,
                55.7164483
              ],
              [
                37.5906915,
                55.71568659999999
              ],
              [
                37.5905037,
                55.71574559999999
              ],
              [
                37.58923729999999,
                55.714854499999994
              ],
              [
                37.5894204,
                55.71477019999999
              ],
              [
                37.5891755,
                55.714579099999995
              ],
              [
                37.5889792,
                55.71467539999999
              ],
              [
                37.5879384,
                55.71395309999999
              ],
              [
                37.5884454,
                55.71376279999999
              ],
              [
                37.5878737,
                55.7132951
              ],
              [
                37.58833609999999,
                55.71309589999999
              ],
              [
                37.585594,
                55.711091
              ],
              [
                37.585232,
                55.7112481
              ],
              [
                37.5839253,
                55.711013799999996
              ],
              [
                37.5827864,
                55.7112279
              ],
              [
                37.5821396,
                55.710992499999996
              ],
              [
                37.5834012,
                55.7100423
              ],
              [
                37.5853646,
                55.7088144
              ],
              [
                37.588752899999996,
                55.70712180000001
              ],
              [
                37.58734239999999,
                55.7063265
              ],
              [
                37.5961214,
                55.69613369999998
              ],
              [
                37.597028,
                55.6952161
              ],
              [
                37.6012404,
                55.6917549
              ],
              [
                37.6015422,
                55.69155159999999
              ],
              [
                37.60197569999999,
                55.69153669999999
              ],
              [
                37.6037863,
                55.6906298
              ],
              [
                37.6035132,
                55.6903468
              ],
              [
                37.6044927,
                55.68979730000001
              ],
              [
                37.60510119999999,
                55.6891501
              ],
              [
                37.605244199999994,
                55.68880699999999
              ],
              [
                37.6052903,
                55.68807429999998
              ],
              [
                37.604914799999996,
                55.6863256
              ],
              [
                37.60502279999999,
                55.6857954
              ],
              [
                37.605713,
                55.68495719999999
              ],
              [
                37.607168,
                55.684196
              ],
              [
                37.6086084,
                55.683886699999995
              ],
              [
                37.6106538,
                55.6839671
              ],
              [
                37.613702399999994,
                55.684475799999994
              ],
              [
                37.613970099999996,
                55.683171599999994
              ],
              [
                37.61458040000001,
                55.682689599999996
              ],
              [
                37.61476069999999,
                55.6819975
              ],
              [
                37.614700899999995,
                55.68159829999999
              ],
              [
                37.614920999999995,
                55.6809259
              ],
              [
                37.6146941,
                55.680555699999985
              ],
              [
                37.6141474,
                55.680381099999984
              ],
              [
                37.6137783,
                55.6799858
              ],
              [
                37.611710699999996,
                55.67860559999999
              ],
              [
                37.6114759,
                55.67832949999999
              ],
              [
                37.6115213,
                55.6775203
              ],
              [
                37.6112922,
                55.6772175
              ],
              [
                37.6101849,
                55.6769658
              ],
              [
                37.6099335,
                55.676735699999995
              ],
              [
                37.6094397,
                55.6766155
              ],
              [
                37.6089553,
                55.67630469999999
              ],
              [
                37.608480899999996,
                55.67567859999999
              ],
              [
                37.6085902,
                55.67533619999999
              ],
              [
                37.6077372,
                55.67471179999999
              ],
              [
                37.6073783,
                55.674668200000006
              ],
              [
                37.6072286,
                55.6741797
              ],
              [
                37.6069148,
                55.67387310000001
              ],
              [
                37.60662469999999,
                55.67286789999999
              ],
              [
                37.60563109999999,
                55.67230049999999
              ],
              [
                37.6059399,
                55.671755299999994
              ],
              [
                37.6066929,
                55.671172099999986
              ],
              [
                37.6057896,
                55.6705589
              ],
              [
                37.605906899999994,
                55.66906579999999
              ],
              [
                37.6070449,
                55.66818909999999
              ],
              [
                37.61164519999999,
                55.66608
              ],
              [
                37.610865499999996,
                55.6654964
              ],
              [
                37.6109155,
                55.66519259999999
              ],
              [
                37.610689199999996,
                55.664966
              ],
              [
                37.609438499999996,
                55.66523509999999
              ],
              [
                37.60883489999999,
                55.66515309999998
              ],
              [
                37.60764639999999,
                55.6640831
              ],
              [
                37.613571799999995,
                55.66347929999999
              ],
              [
                37.606860299999994,
                55.6579294
              ],
              [
                37.6054137,
                55.65653
              ],
              [
                37.6056701,
                55.64137159999999
              ],
              [
                37.5945131,
                55.6419632
              ],
              [
                37.5902236,
                55.6423972
              ],
              [
                37.58038839999999,
                55.645326199999985
              ],
              [
                37.5804124,
                55.64492249999999
              ],
              [
                37.58011470000001,
                55.644940999999996
              ],
              [
                37.58000309999999,
                55.643821900000006
              ],
              [
                37.5793622,
                55.64361519999999
              ],
              [
                37.5792904,
                55.642801199999994
              ],
              [
                37.5807067,
                55.642333199999996
              ],
              [
                37.58200109999999,
                55.64122220000001
              ],
              [
                37.58192309999999,
                55.6409
              ],
              [
                37.58126179999999,
                55.640895099999994
              ],
              [
                37.5816158,
                55.63996530000001
              ],
              [
                37.582155300000004,
                55.639652299999995
              ],
              [
                37.58205679999999,
                55.63954439999999
              ],
              [
                37.58144769999999,
                55.63948709999999
              ],
              [
                37.581490699999996,
                55.63895999999999
              ],
              [
                37.5822546,
                55.638467
              ],
              [
                37.5816659,
                55.637200299999996
              ],
              [
                37.5811043,
                55.63727839999999
              ],
              [
                37.5808298,
                55.636814699999995
              ],
              [
                37.5803197,
                55.636567500000005
              ],
              [
                37.5798446,
                55.6360226
              ],
              [
                37.580594399999995,
                55.63591099999999
              ],
              [
                37.58015759999999,
                55.63556359999999
              ],
              [
                37.5792798,
                55.6357807
              ],
              [
                37.579058,
                55.635405199999994
              ],
              [
                37.5787979,
                55.635358
              ],
              [
                37.5781387,
                55.6347388
              ],
              [
                37.5777814,
                55.63469889999999
              ],
              [
                37.57740600000001,
                55.6343603
              ],
              [
                37.5772657,
                55.63267689999999
              ],
              [
                37.58382,
                55.6314728
              ],
              [
                37.5852426,
                55.63148639999999
              ],
              [
                37.5855818,
                55.63141009999998
              ],
              [
                37.5858587,
                55.6311686
              ],
              [
                37.58587539999999,
                55.63087139999999
              ],
              [
                37.5851468,
                55.6292006
              ],
              [
                37.5841652,
                55.628693199999994
              ],
              [
                37.5842215,
                55.6284348
              ],
              [
                37.58435049999999,
                55.628562799999976
              ],
              [
                37.5846721,
                55.6284764
              ],
              [
                37.5848357,
                55.6287675
              ],
              [
                37.5850272,
                55.628722999999994
              ],
              [
                37.584740499999995,
                55.6279252
              ],
              [
                37.5840882,
                55.627994999999984
              ],
              [
                37.5840258,
                55.6277789
              ],
              [
                37.5841914,
                55.62758459999999
              ],
              [
                37.5846823,
                55.62770389999999
              ],
              [
                37.58435049999999,
                55.626683599999986
              ],
              [
                37.5838164,
                55.626912299999994
              ],
              [
                37.58363539999999,
                55.626329
              ],
              [
                37.5832427,
                55.6262311
              ],
              [
                37.5827831,
                55.62516509999999
              ],
              [
                37.5820298,
                55.6245849
              ],
              [
                37.5823542,
                55.62436229999999
              ],
              [
                37.5813932,
                55.6240714
              ],
              [
                37.5819264,
                55.62363619999999
              ],
              [
                37.58172079999999,
                55.62338799999999
              ],
              [
                37.5818814,
                55.6233534
              ],
              [
                37.5818279,
                55.6232463
              ],
              [
                37.5815441,
                55.623036199999994
              ],
              [
                37.5816589,
                55.622919399999994
              ],
              [
                37.582219200000004,
                55.62332769999998
              ],
              [
                37.5826329,
                55.6232446
              ],
              [
                37.58053519999999,
                55.6217889
              ],
              [
                37.5799079,
                55.62174209999999
              ],
              [
                37.57966749999999,
                55.6219386
              ],
              [
                37.57871479999999,
                55.62223629999999
              ],
              [
                37.57838129999999,
                55.622213899999984
              ],
              [
                37.57830799999999,
                55.62205199999998
              ],
              [
                37.5788428,
                55.6217451
              ],
              [
                37.5780789,
                55.621908
              ],
              [
                37.577934899999995,
                55.62173959999999
              ],
              [
                37.57692089999999,
                55.621962899999986
              ],
              [
                37.5759467,
                55.62142260000001
              ],
              [
                37.5750562,
                55.62054419999999
              ],
              [
                37.57474499999999,
                55.6200474
              ],
              [
                37.57499179999999,
                55.61982330000001
              ],
              [
                37.5769766,
                55.61930829999999
              ],
              [
                37.5775513,
                55.6192541
              ],
              [
                37.577894799999996,
                55.61934500000001
              ],
              [
                37.5788852,
                55.62009489999999
              ],
              [
                37.5804987,
                55.619386199999994
              ],
              [
                37.5804221,
                55.619329199999996
              ],
              [
                37.579424700000004,
                55.61969140000001
              ],
              [
                37.5784625,
                55.618756299999994
              ],
              [
                37.57593440000001,
                55.6155066
              ],
              [
                37.57808669999999,
                55.61475800000001
              ],
              [
                37.5775274,
                55.6143282
              ],
              [
                37.5746262,
                55.6132284
              ],
              [
                37.5757104,
                55.6122829
              ],
              [
                37.57557559999999,
                55.610983499999996
              ],
              [
                37.5746859,
                55.60881689999999
              ],
              [
                37.5736164,
                55.608360799999986
              ],
              [
                37.5720021,
                55.608360799999986
              ],
              [
                37.5709543,
                55.60851319999999
              ],
              [
                37.5699163,
                55.608469299999996
              ],
              [
                37.5697983,
                55.60806929999999
              ],
              [
                37.5698955,
                55.60724299999999
              ],
              [
                37.5700162,
                55.6071992
              ]
            ]
          ]
        ]
      }
    },
    {
      "type": "Feature",
      "properties": {
        "id": 1304596,
        "level": "okrug",
        "name_ru": "Юго-Западный административный округ",
        "parent_id": null,
        "bbox": [
          37.45571869999999,
          55.516683999999984,
          37.614920999999995,
          55.71420579999999
        ]
      },
      "geometry": {
        "type": "MultiPolygon",
        "coordinates": [
          [
            [
              [
                37.45571869999999,
                55.6370488
              ],
              [
                37.4560027,
                55.636874999999996
              ],
              [
                37.4568828,
                55.6372406
              ],
              [
                37.45795869999999,
                55.637384999999995
              ],
              [
                37.4607823,
                55.63706379999999
              ],
              [
                37.4618966,
                55.6361154
              ],
              [
                37.462036299999994,
                55.6361223
              ],
              [
                37.462088699999995,
                55.635951899999995
              ],
              [
                37.4638722,
                55.63443349999999
              ],
              [
                37.46376789999999,
                55.63433069999999
              ],
              [
                37.4644825,
                55.63369579999999
              ],
              [
                37.4646666,
                55.633756999999996
              ],
              [
                37.4659737,
                55.63313899999999
              ],
              [
                37.466832999999994,
                55.6323657
              ],
              [
                37.467492099999994,
                55.63136159999999
              ],
              [
                37.4693924,
                55.629715299999994
              ],
              [
                37.481533000000006,
                55.61930809999999
              ],
              [
                37.4876936,
                55.61435439999999
              ],
              [
                37.4888953,
                55.6132759
              ],
              [
                37.4888054,
                55.6130303
              ],
              [
                37.4890191,
                55.61244429999999
              ],
              [
                37.4891195,
                55.61072240000001
              ],
              [
                37.4887752,
                55.6098379
              ],
              [
                37.487842,
                55.6083904
              ],
              [
                37.4887893,
                55.608164
              ],
              [
                37.4898454,
                55.60961099999999
              ],
              [
                37.490946099999995,
                55.610174399999984
              ],
              [
                37.491178999999995,
                55.6101003
              ],
              [
                37.4917073,
                55.6097679
              ],
              [
                37.4927469,
                55.60877159999999
              ],
              [
                37.4930981,
                55.60863179999998
              ],
              [
                37.4940975,
                55.60857359999999
              ],
              [
                37.5021825,
                55.60160809999999
              ],
              [
                37.5065527,
                55.5982494
              ],
              [
                37.5118794,
                55.59559609999999
              ],
              [
                37.51808979999999,
                55.59364779999999
              ],
              [
                37.5262906,
                55.5916192
              ],
              [
                37.526885,
                55.59113899999999
              ],
              [
                37.527412899999995,
                55.590362
              ],
              [
                37.5274787,
                55.59003249999999
              ],
              [
                37.5272405,
                55.58966309999999
              ],
              [
                37.5277138,
                55.589546299999995
              ],
              [
                37.5279049,
                55.5896069
              ],
              [
                37.5288024,
                55.589470000000006
              ],
              [
                37.52907909999999,
                55.5895265
              ],
              [
                37.5301569,
                55.5906626
              ],
              [
                37.53042430000001,
                55.590695799999985
              ],
              [
                37.54726579999999,
                55.58666299999999
              ],
              [
                37.54567130000001,
                55.585582599999995
              ],
              [
                37.54575710000001,
                55.58540769999999
              ],
              [
                37.5454146,
                55.584939799999994
              ],
              [
                37.545911499999995,
                55.5848254
              ],
              [
                37.546139399999994,
                55.584584799999995
              ],
              [
                37.5462463,
                55.58411219999999
              ],
              [
                37.547274599999994,
                55.583894799999996
              ],
              [
                37.5479889,
                55.5833942
              ],
              [
                37.5483947,
                55.5832147
              ],
              [
                37.54870530000001,
                55.583248999999995
              ],
              [
                37.5488349,
                55.58299729999999
              ],
              [
                37.5491709,
                55.5829504
              ],
              [
                37.54949669999999,
                55.5822502
              ],
              [
                37.549105299999994,
                55.582513099999986
              ],
              [
                37.5489921,
                55.58246489999999
              ],
              [
                37.54955089999999,
                55.5820858
              ],
              [
                37.5496407,
                55.581415099999994
              ],
              [
                37.5499878,
                55.58126200000001
              ],
              [
                37.5504209,
                55.580659299999986
              ],
              [
                37.5506603,
                55.580649699999995
              ],
              [
                37.5511787,
                55.58032129999999
              ],
              [
                37.5479303,
                55.578997
              ],
              [
                37.545742,
                55.57835730000001
              ],
              [
                37.544251599999996,
                55.5785155
              ],
              [
                37.5429333,
                55.5784362
              ],
              [
                37.541901599999996,
                55.578553499999984
              ],
              [
                37.540912999999996,
                55.5788372
              ],
              [
                37.540787699999996,
                55.57905449999999
              ],
              [
                37.5410234,
                55.5792324
              ],
              [
                37.5386505,
                55.57955979999999
              ],
              [
                37.53684619999999,
                55.577289
              ],
              [
                37.53929639999999,
                55.576720299999984
              ],
              [
                37.5387246,
                55.5759206
              ],
              [
                37.539947,
                55.576043199999994
              ],
              [
                37.5395031,
                55.5744015
              ],
              [
                37.5395423,
                55.573263
              ],
              [
                37.536883499999995,
                55.5730962
              ],
              [
                37.5372358,
                55.5723867
              ],
              [
                37.5389077,
                55.5722054
              ],
              [
                37.54031989999999,
                55.5716706
              ],
              [
                37.54068629999999,
                55.57112729999999
              ],
              [
                37.54367899999999,
                55.57075269999999
              ],
              [
                37.5445091,
                55.57022
              ],
              [
                37.5461161,
                55.5699389
              ],
              [
                37.5469486,
                55.57044869999999
              ],
              [
                37.5475033,
                55.570399599999995
              ],
              [
                37.54887829999999,
                55.56993789999999
              ],
              [
                37.5478851,
                55.568923299999994
              ],
              [
                37.550135,
                55.568316499999995
              ],
              [
                37.5534945,
                55.567624499999994
              ],
              [
                37.5534487,
                55.5649232
              ],
              [
                37.55315749999999,
                55.56405969999999
              ],
              [
                37.5525068,
                55.5636521
              ],
              [
                37.5517352,
                55.56351829999999
              ],
              [
                37.55058739999999,
                55.56360349999999
              ],
              [
                37.5503542,
                55.56292869999999
              ],
              [
                37.55201219999999,
                55.561846
              ],
              [
                37.554799,
                55.5614779
              ],
              [
                37.5541992,
                55.5593015
              ],
              [
                37.552968699999994,
                55.5562265
              ],
              [
                37.5521474,
                55.55486899999998
              ],
              [
                37.5494658,
                55.554131399999996
              ],
              [
                37.5488225,
                55.552625899999995
              ],
              [
                37.544878,
                55.55202
              ],
              [
                37.5365076,
                55.55367209999999
              ],
              [
                37.52918809999999,
                55.55524549999999
              ],
              [
                37.528579,
                55.554864699999996
              ],
              [
                37.5181868,
                55.5503233
              ],
              [
                37.5144961,
                55.54850499999999
              ],
              [
                37.51111499999999,
                55.544985999999994
              ],
              [
                37.5077676,
                55.5429454
              ],
              [
                37.49467649999999,
                55.5400015
              ],
              [
                37.4934494,
                55.539645799999995
              ],
              [
                37.4910662,
                55.53953169999999
              ],
              [
                37.4887675,
                55.5396281
              ],
              [
                37.4878655,
                55.5397681
              ],
              [
                37.48774809999999,
                55.5400867
              ],
              [
                37.487480399999995,
                55.54009200000001
              ],
              [
                37.48746729999999,
                55.5399085
              ],
              [
                37.4861751,
                55.539792999999996
              ],
              [
                37.47551649999999,
                55.5372951
              ],
              [
                37.475708999999995,
                55.5353874
              ],
              [
                37.47268119999999,
                55.534910899999986
              ],
              [
                37.47261759999999,
                55.5345989
              ],
              [
                37.47018979999999,
                55.534052099999975
              ],
              [
                37.470700099999995,
                55.5318364
              ],
              [
                37.4708997,
                55.529604799999994
              ],
              [
                37.471282599999995,
                55.5295634
              ],
              [
                37.4712249,
                55.52933759999999
              ],
              [
                37.4709252,
                55.52937639999999
              ],
              [
                37.4709829,
                55.5288439
              ],
              [
                37.4712978,
                55.529021699999994
              ],
              [
                37.47230869999999,
                55.5288203
              ],
              [
                37.4728247,
                55.5281769
              ],
              [
                37.473602899999996,
                55.52788329999999
              ],
              [
                37.4741501,
                55.527348100000005
              ],
              [
                37.47627979999999,
                55.5265603
              ],
              [
                37.4763788,
                55.52642049999999
              ],
              [
                37.4767803,
                55.526417
              ],
              [
                37.477389,
                55.52615629999999
              ],
              [
                37.4779211,
                55.52612609999999
              ],
              [
                37.4782429,
                55.526180599999996
              ],
              [
                37.4785757,
                55.5264929
              ],
              [
                37.4789075,
                55.5265167
              ],
              [
                37.4792665,
                55.5263269
              ],
              [
                37.48017299999999,
                55.52620499999999
              ],
              [
                37.4814721,
                55.52664239999999
              ],
              [
                37.4820355,
                55.52698869999999
              ],
              [
                37.4824558,
                55.52697489999999
              ],
              [
                37.48293929999999,
                55.527158899999996
              ],
              [
                37.48279629999999,
                55.527814799999994
              ],
              [
                37.48316179999999,
                55.5282629
              ],
              [
                37.4831153,
                55.528604699999995
              ],
              [
                37.48495,
                55.529169599999996
              ],
              [
                37.4854807,
                55.5296237
              ],
              [
                37.48666529999999,
                55.529800699999996
              ],
              [
                37.487219,
                55.5295843
              ],
              [
                37.487688999999996,
                55.5296399
              ],
              [
                37.4882321,
                55.52945749999999
              ],
              [
                37.4893642,
                55.529997099999996
              ],
              [
                37.4894998,
                55.52995949999999
              ],
              [
                37.4893942,
                55.52964909999999
              ],
              [
                37.4899095,
                55.5296032
              ],
              [
                37.4902945,
                55.5293308
              ],
              [
                37.49073039999999,
                55.52931299999999
              ],
              [
                37.4908562,
                55.52917889999999
              ],
              [
                37.4917788,
                55.5289921
              ],
              [
                37.49226709999999,
                55.5291595
              ],
              [
                37.49261309999999,
                55.528689199999995
              ],
              [
                37.49294870000001,
                55.528689199999995
              ],
              [
                37.4930923,
                55.528561
              ],
              [
                37.49350869999999,
                55.5286535
              ],
              [
                37.49401799999999,
                55.5284414
              ],
              [
                37.49389669999999,
                55.528243599999996
              ],
              [
                37.49409159999999,
                55.5281068
              ],
              [
                37.494379,
                55.52813729999999
              ],
              [
                37.49480299999999,
                55.527532099999995
              ],
              [
                37.4950696,
                55.52760339999999
              ],
              [
                37.4962723,
                55.527389599999985
              ],
              [
                37.4967591,
                55.5271994
              ],
              [
                37.49731169999999,
                55.527308899999994
              ],
              [
                37.497521299999995,
                55.52682839999999
              ],
              [
                37.4977189,
                55.5267656
              ],
              [
                37.49790469999999,
                55.5269294
              ],
              [
                37.4981774,
                55.5268285
              ],
              [
                37.498358399999994,
                55.5269245
              ],
              [
                37.4986679,
                55.5267888
              ],
              [
                37.4991688,
                55.5267545
              ],
              [
                37.5019197,
                55.527684199999996
              ],
              [
                37.50229769999999,
                55.52760790000001
              ],
              [
                37.502223799999996,
                55.5270756
              ],
              [
                37.502579399999995,
                55.526913999999984
              ],
              [
                37.5025317,
                55.5266753
              ],
              [
                37.5028845,
                55.52673730000001
              ],
              [
                37.503069499999995,
                55.52694709999999
              ],
              [
                37.5033177,
                55.5269621
              ],
              [
                37.5034134,
                55.526854099999994
              ],
              [
                37.5036729,
                55.526892700000005
              ],
              [
                37.5037986,
                55.526721099999996
              ],
              [
                37.5041282,
                55.5268588
              ],
              [
                37.50448109999999,
                55.5267416
              ],
              [
                37.50449569999999,
                55.5264095
              ],
              [
                37.5056018,
                55.526750999999976
              ],
              [
                37.5067542,
                55.52694949999999
              ],
              [
                37.5069331,
                55.5271171
              ],
              [
                37.5072615,
                55.52696399999999
              ],
              [
                37.5073969,
                55.5271102
              ],
              [
                37.5075787,
                55.5269243
              ],
              [
                37.507932499999995,
                55.526883199999986
              ],
              [
                37.5082003,
                55.527086700000005
              ],
              [
                37.50841119999999,
                55.52704399999999
              ],
              [
                37.508564,
                55.52683419999999
              ],
              [
                37.50894399999999,
                55.526917399999995
              ],
              [
                37.5094146,
                55.526754299999986
              ],
              [
                37.5097617,
                55.5269356
              ],
              [
                37.510028,
                55.52689569999999
              ],
              [
                37.5101081,
                55.52681439999999
              ],
              [
                37.509921399999996,
                55.5266562
              ],
              [
                37.5102671,
                55.52662980000001
              ],
              [
                37.5104543,
                55.5264815
              ],
              [
                37.511103799999994,
                55.52650659999998
              ],
              [
                37.51236039999999,
                55.5263246
              ],
              [
                37.5126784,
                55.52640149999999
              ],
              [
                37.5130957,
                55.52631530000001
              ],
              [
                37.5132556,
                55.5263957
              ],
              [
                37.5134767,
                55.5263558
              ],
              [
                37.513555,
                55.526208499999996
              ],
              [
                37.5143092,
                55.5262546
              ],
              [
                37.515880499999994,
                55.5259069
              ],
              [
                37.519368699999994,
                55.525496699999984
              ],
              [
                37.5194014,
                55.524994
              ],
              [
                37.5202022,
                55.5238681
              ],
              [
                37.5202854,
                55.52288919999999
              ],
              [
                37.5201236,
                55.52248439999999
              ],
              [
                37.52280989999999,
                55.521634199999994
              ],
              [
                37.5274982,
                55.5211929
              ],
              [
                37.5295791,
                55.520545199999994
              ],
              [
                37.5326508,
                55.518760199999996
              ],
              [
                37.5351234,
                55.5179618
              ],
              [
                37.534419,
                55.520075299999995
              ],
              [
                37.53436239999999,
                55.5218509
              ],
              [
                37.53454399999999,
                55.522819099999985
              ],
              [
                37.5353177,
                55.524400699999994
              ],
              [
                37.5360308,
                55.52532149999999
              ],
              [
                37.537966999999995,
                55.52693849999999
              ],
              [
                37.54029609999999,
                55.52816839999999
              ],
              [
                37.54365800000001,
                55.5293622
              ],
              [
                37.5456205,
                55.52976659999999
              ],
              [
                37.5471561,
                55.529945799999986
              ],
              [
                37.54927059999999,
                55.5300782
              ],
              [
                37.5524825,
                55.529955199999996
              ],
              [
                37.5550054,
                55.52952879999999
              ],
              [
                37.55788269999999,
                55.52872549999999
              ],
              [
                37.55937999999999,
                55.52814209999999
              ],
              [
                37.560847599999995,
                55.5273329
              ],
              [
                37.56232409999999,
                55.52627700000001
              ],
              [
                37.5633054,
                55.52531179999999
              ],
              [
                37.564203,
                55.5240451
              ],
              [
                37.564958,
                55.52201459999999
              ],
              [
                37.56480109999999,
                55.52060680000001
              ],
              [
                37.564099199999994,
                55.51849479999999
              ],
              [
                37.5647788,
                55.51841099999999
              ],
              [
                37.5653604,
                55.52043669999999
              ],
              [
                37.56687509999999,
                55.5202911
              ],
              [
                37.56617889999999,
                55.517080599999986
              ],
              [
                37.5676921,
                55.516683999999984
              ],
              [
                37.5771272,
                55.5172033
              ],
              [
                37.58032209999999,
                55.52776029999999
              ],
              [
                37.58071999999999,
                55.5277172
              ],
              [
                37.5822123,
                55.5316397
              ],
              [
                37.5839151,
                55.5371993
              ],
              [
                37.5833174,
                55.53786159999999
              ],
              [
                37.58544499999999,
                55.5453421
              ],
              [
                37.5859327,
                55.54626189999999
              ],
              [
                37.58714549999999,
                55.5502236
              ],
              [
                37.58811889999999,
                55.552732799999994
              ],
              [
                37.5882062,
                55.553690999999986
              ],
              [
                37.589454,
                55.55768299999998
              ],
              [
                37.5942413,
                55.560876199999996
              ],
              [
                37.59552759999999,
                55.56148329999999
              ],
              [
                37.5988327,
                55.56272449999999
              ],
              [
                37.6009257,
                55.5633246
              ],
              [
                37.60357669999999,
                55.56459159999999
              ],
              [
                37.6022876,
                55.56637269999999
              ],
              [
                37.598397,
                55.5666055
              ],
              [
                37.5974676,
                55.5668718
              ],
              [
                37.59755320000001,
                55.5678882
              ],
              [
                37.59719629999999,
                55.56908309999999
              ],
              [
                37.5922404,
                55.575399899999994
              ],
              [
                37.5915216,
                55.57607599999999
              ],
              [
                37.5900931,
                55.57689569999999
              ],
              [
                37.572939899999994,
                55.580966899999986
              ],
              [
                37.57374289999999,
                55.58169519999999
              ],
              [
                37.5738271,
                55.58203579999999
              ],
              [
                37.5736777,
                55.5822096
              ],
              [
                37.576074899999995,
                55.58425669999999
              ],
              [
                37.5774788,
                55.586349599999984
              ],
              [
                37.5774765,
                55.5869894
              ],
              [
                37.5770668,
                55.587220900000005
              ],
              [
                37.5767866,
                55.58786659999999
              ],
              [
                37.577621699999995,
                55.589219899999996
              ],
              [
                37.5768643,
                55.589314899999984
              ],
              [
                37.5771393,
                55.5916342
              ],
              [
                37.577868699999996,
                55.593164
              ],
              [
                37.578366599999995,
                55.59482140000001
              ],
              [
                37.578973999999995,
                55.59591339999999
              ],
              [
                37.5802368,
                55.5958133
              ],
              [
                37.580197899999995,
                55.5968987
              ],
              [
                37.580571000000006,
                55.59776079999999
              ],
              [
                37.576663399999994,
                55.59786870000001
              ],
              [
                37.576430099999996,
                55.59815499999999
              ],
              [
                37.5767147,
                55.59928659999999
              ],
              [
                37.577673399999995,
                55.60016989999999
              ],
              [
                37.5792964,
                55.6010331
              ],
              [
                37.5817703,
                55.6034936
              ],
              [
                37.5815648,
                55.60434279999998
              ],
              [
                37.5778221,
                55.6043664
              ],
              [
                37.57576220000001,
                55.606257299999996
              ],
              [
                37.5748996,
                55.606596
              ],
              [
                37.573986299999994,
                55.606651299999996
              ],
              [
                37.573616,
                55.60594999999999
              ],
              [
                37.5718677,
                55.6059887
              ],
              [
                37.571299,
                55.6067179
              ],
              [
                37.5698955,
                55.60724299999999
              ],
              [
                37.5697983,
                55.60806929999999
              ],
              [
                37.5699163,
                55.608469299999996
              ],
              [
                37.5709543,
                55.60851319999999
              ],
              [
                37.5720021,
                55.608360799999986
              ],
              [
                37.5736164,
                55.608360799999986
              ],
              [
                37.5746859,
                55.60881689999999
              ],
              [
                37.57557559999999,
                55.610983499999996
              ],
              [
                37.5757104,
                55.6122829
              ],
              [
                37.5746262,
                55.6132284
              ],
              [
                37.5775274,
                55.6143282
              ],
              [
                37.57808669999999,
                55.61475800000001
              ],
              [
                37.57593440000001,
                55.6155066
              ],
              [
                37.5784625,
                55.618756299999994
              ],
              [
                37.579424700000004,
                55.61969140000001
              ],
              [
                37.5804221,
                55.619329199999996
              ],
              [
                37.5804987,
                55.619386199999994
              ],
              [
                37.5788852,
                55.62009489999999
              ],
              [
                37.577894799999996,
                55.61934500000001
              ],
              [
                37.5775513,
                55.6192541
              ],
              [
                37.5769766,
                55.61930829999999
              ],
              [
                37.57499179999999,
                55.61982330000001
              ],
              [
                37.57474499999999,
                55.6200474
              ],
              [
                37.5750562,
                55.62054419999999
              ],
              [
                37.5763973,
                55.6217558
              ],
              [
                37.57692089999999,
                55.621962899999986
              ],
              [
                37.577934899999995,
                55.62173959999999
              ],
              [
                37.5780789,
                55.621908
              ],
              [
                37.5788428,
                55.6217451
              ],
              [
                37.57830799999999,
                55.62205199999998
              ],
              [
                37.57838129999999,
                55.622213899999984
              ],
              [
                37.57871479999999,
                55.62223629999999
              ],
              [
                37.57966749999999,
                55.6219386
              ],
              [
                37.5799079,
                55.62174209999999
              ],
              [
                37.58053519999999,
                55.6217889
              ],
              [
                37.5826329,
                55.6232446
              ],
              [
                37.582219200000004,
                55.62332769999998
              ],
              [
                37.5816589,
                55.622919399999994
              ],
              [
                37.5815441,
                55.623036199999994
              ],
              [
                37.5818279,
                55.6232463
              ],
              [
                37.5818814,
                55.6233534
              ],
              [
                37.58172079999999,
                55.62338799999999
              ],
              [
                37.5819264,
                55.62363619999999
              ],
              [
                37.5813932,
                55.6240714
              ],
              [
                37.5823542,
                55.62436229999999
              ],
              [
                37.5820298,
                55.6245849
              ],
              [
                37.5827831,
                55.62516509999999
              ],
              [
                37.5832427,
                55.6262311
              ],
              [
                37.58363539999999,
                55.626329
              ],
              [
                37.5838164,
                55.626912299999994
              ],
              [
                37.58435049999999,
                55.626683599999986
              ],
              [
                37.5846823,
                55.62770389999999
              ],
              [
                37.5841914,
                55.62758459999999
              ],
              [
                37.5840258,
                55.6277789
              ],
              [
                37.5840882,
                55.627994999999984
              ],
              [
                37.584740499999995,
                55.6279252
              ],
              [
                37.5850272,
                55.628722999999994
              ],
              [
                37.5848357,
                55.6287675
              ],
              [
                37.5846721,
                55.6284764
              ],
              [
                37.58435049999999,
                55.628562799999976
              ],
              [
                37.5842215,
                55.6284348
              ],
              [
                37.5841652,
                55.628693199999994
              ],
              [
                37.5851468,
                55.6292006
              ],
              [
                37.58587539999999,
                55.63087139999999
              ],
              [
                37.5858587,
                55.6311686
              ],
              [
                37.5855818,
                55.63141009999998
              ],
              [
                37.5852426,
                55.63148639999999
              ],
              [
                37.58382,
                55.6314728
              ],
              [
                37.5772657,
                55.63267689999999
              ],
              [
                37.57740600000001,
                55.6343603
              ],
              [
                37.5777814,
                55.63469889999999
              ],
              [
                37.5781387,
                55.6347388
              ],
              [
                37.5787979,
                55.635358
              ],
              [
                37.579058,
                55.635405199999994
              ],
              [
                37.5792798,
                55.6357807
              ],
              [
                37.58015759999999,
                55.63556359999999
              ],
              [
                37.580594399999995,
                55.63591099999999
              ],
              [
                37.5798446,
                55.6360226
              ],
              [
                37.5803197,
                55.636567500000005
              ],
              [
                37.5808298,
                55.636814699999995
              ],
              [
                37.5811043,
                55.63727839999999
              ],
              [
                37.5816659,
                55.637200299999996
              ],
              [
                37.5822546,
                55.638467
              ],
              [
                37.581490699999996,
                55.63895999999999
              ],
              [
                37.58144769999999,
                55.63948709999999
              ],
              [
                37.58205679999999,
                55.63954439999999
              ],
              [
                37.582155300000004,
                55.639652299999995
              ],
              [
                37.5816158,
                55.63996530000001
              ],
              [
                37.58126179999999,
                55.640895099999994
              ],
              [
                37.58192309999999,
                55.6409
              ],
              [
                37.58200109999999,
                55.64122220000001
              ],
              [
                37.5807067,
                55.642333199999996
              ],
              [
                37.5792904,
                55.642801199999994
              ],
              [
                37.5793622,
                55.64361519999999
              ],
              [
                37.58000309999999,
                55.643821900000006
              ],
              [
                37.58011470000001,
                55.644940999999996
              ],
              [
                37.5804124,
                55.64492249999999
              ],
              [
                37.58038839999999,
                55.645326199999985
              ],
              [
                37.5902236,
                55.6423972
              ],
              [
                37.5945131,
                55.6419632
              ],
              [
                37.6056701,
                55.64137159999999
              ],
              [
                37.6054137,
                55.65653
              ],
              [
                37.606860299999994,
                55.6579294
              ],
              [
                37.613571799999995,
                55.66347929999999
              ],
              [
                37.60764639999999,
                55.6640831
              ],
              [
                37.60883489999999,
                55.66515309999998
              ],
              [
                37.609438499999996,
                55.66523509999999
              ],
              [
                37.610689199999996,
                55.664966
              ],
              [
                37.6109155,
                55.66519259999999
              ],
              [
                37.610865499999996,
                55.6654964
              ],
              [
                37.61164519999999,
                55.66608
              ],
              [
                37.6070449,
                55.66818909999999
              ],
              [
                37.605906899999994,
                55.66906579999999
              ],
              [
                37.6057896,
                55.6705589
              ],
              [
                37.6066929,
                55.671172099999986
              ],
              [
                37.6059399,
                55.671755299999994
              ],
              [
                37.60563109999999,
                55.67230049999999
              ],
              [
                37.60662469999999,
                55.67286789999999
              ],
              [
                37.6069148,
                55.67387310000001
              ],
              [
                37.6072286,
                55.6741797
              ],
              [
                37.6073783,
                55.674668200000006
              ],
              [
                37.6077372,
                55.67471179999999
              ],
              [
                37.6085902,
                55.67533619999999
              ],
              [
                37.608480899999996,
                55.67567859999999
              ],
              [
                37.6089553,
                55.67630469999999
              ],
              [
                37.6094397,
                55.6766155
              ],
              [
                37.6099335,
                55.676735699999995
              ],
              [
                37.6101849,
                55.6769658
              ],
              [
                37.6112922,
                55.6772175
              ],
              [
                37.6115213,
                55.6775203
              ],
              [
                37.6114759,
                55.67832949999999
              ],
              [
                37.611710699999996,
                55.67860559999999
              ],
              [
                37.6137783,
                55.6799858
              ],
              [
                37.6141474,
                55.680381099999984
              ],
              [
                37.6146941,
                55.680555699999985
              ],
              [
                37.614920999999995,
                55.6809259
              ],
              [
                37.61458040000001,
                55.682689599999996
              ],
              [
                37.613970099999996,
                55.683171599999994
              ],
              [
                37.613702399999994,
                55.684475799999994
              ],
              [
                37.6106538,
                55.6839671
              ],
              [
                37.6086084,
                55.683886699999995
              ],
              [
                37.607168,
                55.684196
              ],
              [
                37.605713,
                55.68495719999999
              ],
              [
                37.605271699999996,
                55.6854176
              ],
              [
                37.6049491,
                55.6860546
              ],
              [
                37.6049834,
                55.68697949999999
              ],
              [
                37.6052903,
                55.68807429999998
              ],
              [
                37.60510119999999,
                55.6891501
              ],
              [
                37.6044927,
                55.68979730000001
              ],
              [
                37.6035132,
                55.6903468
              ],
              [
                37.6037863,
                55.6906298
              ],
              [
                37.60197569999999,
                55.69153669999999
              ],
              [
                37.6015422,
                55.69155159999999
              ],
              [
                37.6012404,
                55.6917549
              ],
              [
                37.597028,
                55.6952161
              ],
              [
                37.5961214,
                55.69613369999998
              ],
              [
                37.58734239999999,
                55.7063265
              ],
              [
                37.588752899999996,
                55.70712180000001
              ],
              [
                37.5853646,
                55.7088144
              ],
              [
                37.58422699999999,
                55.709513599999994
              ],
              [
                37.5776083,
                55.71420579999999
              ],
              [
                37.57492799999999,
                55.713117699999984
              ],
              [
                37.5696101,
                55.711617299999986
              ],
              [
                37.5654006,
                55.7107574
              ],
              [
                37.560995399999996,
                55.7103378
              ],
              [
                37.5592321,
                55.71028019999999
              ],
              [
                37.53657119999999,
                55.6935632
              ],
              [
                37.51166239999999,
                55.679730599999985
              ],
              [
                37.5142637,
                55.678286
              ],
              [
                37.5240099,
                55.6737058
              ],
              [
                37.5200937,
                55.67088459999999
              ],
              [
                37.5016534,
                55.658524599999986
              ],
              [
                37.4826333,
                55.64953699999998
              ],
              [
                37.45571869999999,
                55.6370488
              ]
            ]
          ]
        ]
      }
    },
    {
      "type": "Feature",
      "properties": {
        "id": 1320234,
        "level": "okrug",
        "name_ru": "Восточный административный округ",
        "parent_id": null,
        "bbox": [
          37.6501162,
          55.6952975,
          37.9456503,
          56.0097028
        ]
      },
      "geometry": {
        "type": "MultiPolygon",
        "coordinates": [
          [
            [
              [
                37.6501162,
                55.7927927
              ],
              [
                37.650709199999994,
                55.7909339
              ],
              [
                37.651542,
                55.78936
              ],
              [
                37.65181629999999,
                55.7890984
              ],
              [
                37.685813,
                55.7825747
              ],
              [
                37.6858873,
                55.7824453
              ],
              [
                37.68826669999999,
                55.781899
              ],
              [
                37.69255879999999,
                55.781899
              ],
              [
                37.692549,
                55.78199
              ],
              [
                37.6963604,
                55.782047
              ],
              [
                37.70124359999999,
                55.78185049999999
              ],
              [
                37.7031812,
                55.781523799999995
              ],
              [
                37.7052497,
                55.7809935
              ],
              [
                37.707741899999995,
                55.7801608
              ],
              [
                37.7099197,
                55.77887449999999
              ],
              [
                37.71093119999999,
                55.7780007
              ],
              [
                37.71352949999999,
                55.7752599
              ],
              [
                37.713613499999994,
                55.7753027
              ],
              [
                37.71594619999999,
                55.772298000000006
              ],
              [
                37.7173674,
                55.77014549999999
              ],
              [
                37.7200863,
                55.7671338
              ],
              [
                37.72062759999999,
                55.7663184
              ],
              [
                37.7208733,
                55.76494629999999
              ],
              [
                37.7206319,
                55.762464699999995
              ],
              [
                37.718179799999994,
                55.758018199999995
              ],
              [
                37.7177132,
                55.756483299999985
              ],
              [
                37.7176811,
                55.75550699999999
              ],
              [
                37.7181328,
                55.753880499999994
              ],
              [
                37.7191682,
                55.752410899999994
              ],
              [
                37.7205725,
                55.751160799999994
              ],
              [
                37.7224005,
                55.7500624
              ],
              [
                37.7236328,
                55.7495155
              ],
              [
                37.7253252,
                55.748966499999995
              ],
              [
                37.7393417,
                55.745177
              ],
              [
                37.7410175,
                55.74445169999999
              ],
              [
                37.7423739,
                55.7436661
              ],
              [
                37.7467226,
                55.74036780000001
              ],
              [
                37.74935,
                55.73915670000001
              ],
              [
                37.75276639999999,
                55.7382581
              ],
              [
                37.7599989,
                55.7372466
              ],
              [
                37.7622053,
                55.73670789999999
              ],
              [
                37.7671324,
                55.734358199999996
              ],
              [
                37.77589669999999,
                55.729939099999996
              ],
              [
                37.836023899999994,
                55.70977599999999
              ],
              [
                37.85234,
                55.70419539999999
              ],
              [
                37.8534354,
                55.70378849999998
              ],
              [
                37.853409,
                55.703540199999985
              ],
              [
                37.8587815,
                55.7009951
              ],
              [
                37.8589515,
                55.70110409999999
              ],
              [
                37.859528899999994,
                55.7008246
              ],
              [
                37.8600534,
                55.70113679999999
              ],
              [
                37.87153219999999,
                55.6952975
              ],
              [
                37.8753042,
                55.69751849999999
              ],
              [
                37.8794724,
                55.70026809999999
              ],
              [
                37.8811401,
                55.700861599999996
              ],
              [
                37.8805731,
                55.7011496
              ],
              [
                37.882306,
                55.70246089999999
              ],
              [
                37.8824966,
                55.702356200000004
              ],
              [
                37.883870599999995,
                55.703285799999996
              ],
              [
                37.8840147,
                55.7032255
              ],
              [
                37.8869711,
                55.7052153
              ],
              [
                37.8928973,
                55.705506199999995
              ],
              [
                37.89724379999999,
                55.7062547
              ],
              [
                37.9054419,
                55.7069928
              ],
              [
                37.90701179999999,
                55.706991099999996
              ],
              [
                37.9192451,
                55.707606399999996
              ],
              [
                37.9219165,
                55.707961299999994
              ],
              [
                37.9247941,
                55.71111729999999
              ],
              [
                37.9256924,
                55.711981899999984
              ],
              [
                37.92611459999999,
                55.71218679999998
              ],
              [
                37.92625379999999,
                55.715149699999984
              ],
              [
                37.92806989999999,
                55.71615899999998
              ],
              [
                37.93658719999999,
                55.716238399999995
              ],
              [
                37.94510879999999,
                55.720871499999994
              ],
              [
                37.9456503,
                55.7208385
              ],
              [
                37.944547799999995,
                55.7215375
              ],
              [
                37.9443308,
                55.721326899999994
              ],
              [
                37.9440665,
                55.72139719999999
              ],
              [
                37.9440868,
                55.7215073
              ],
              [
                37.9435793,
                55.721449699999994
              ],
              [
                37.9433354,
                55.721913999999984
              ],
              [
                37.9426104,
                55.72205189999998
              ],
              [
                37.9422726,
                55.722991799999996
              ],
              [
                37.941810200000006,
                55.723170200000006
              ],
              [
                37.9408193,
                55.724337600000005
              ],
              [
                37.9405223,
                55.72449240000001
              ],
              [
                37.94064959999999,
                55.72455789999999
              ],
              [
                37.9401397,
                55.72468539999999
              ],
              [
                37.9376829,
                55.72653369999999
              ],
              [
                37.9376089,
                55.726887
              ],
              [
                37.936336399999995,
                55.727131299999996
              ],
              [
                37.9342897,
                55.7278764
              ],
              [
                37.932951700000004,
                55.72869049999999
              ],
              [
                37.9313791,
                55.7293736
              ],
              [
                37.9308738,
                55.729755
              ],
              [
                37.93041360000001,
                55.7298581
              ],
              [
                37.929963599999994,
                55.7294527
              ],
              [
                37.928522799999996,
                55.729353599999996
              ],
              [
                37.9280221,
                55.73000319999999
              ],
              [
                37.9274801,
                55.73022679999999
              ],
              [
                37.9265295,
                55.730542
              ],
              [
                37.9251996,
                55.7305099
              ],
              [
                37.9235854,
                55.731225499999994
              ],
              [
                37.922866199999994,
                55.731230700000005
              ],
              [
                37.9211623,
                55.73085819999999
              ],
              [
                37.9206051,
                55.7308776
              ],
              [
                37.9180394,
                55.730621899999996
              ],
              [
                37.916927799999996,
                55.7283571
              ],
              [
                37.91639549999999,
                55.728159999999995
              ],
              [
                37.9161753,
                55.7277098
              ],
              [
                37.9154673,
                55.72746789999999
              ],
              [
                37.915047699999995,
                55.72698379999999
              ],
              [
                37.9138057,
                55.726580999999996
              ],
              [
                37.9118339,
                55.725744500000005
              ],
              [
                37.90778809999999,
                55.7248027
              ],
              [
                37.906355999999995,
                55.724790899999995
              ],
              [
                37.905047599999996,
                55.72496989999999
              ],
              [
                37.905050700000004,
                55.7250997
              ],
              [
                37.9035256,
                55.7253344
              ],
              [
                37.9024213,
                55.725250900000006
              ],
              [
                37.9018232,
                55.7244186
              ],
              [
                37.90018479999999,
                55.7243431
              ],
              [
                37.89932979999999,
                55.724026900000005
              ],
              [
                37.899317599999996,
                55.723619099999986
              ],
              [
                37.89230839999999,
                55.72318709999999
              ],
              [
                37.890633199999996,
                55.722309
              ],
              [
                37.889850499999994,
                55.723701199999994
              ],
              [
                37.8874435,
                55.723768599999985
              ],
              [
                37.8854775,
                55.724191600000005
              ],
              [
                37.88415619999999,
                55.723396199999996
              ],
              [
                37.886080799999995,
                55.722369699999994
              ],
              [
                37.8871291,
                55.721652999999996
              ],
              [
                37.8869204,
                55.7202606
              ],
              [
                37.88612319999999,
                55.7195938
              ],
              [
                37.8824863,
                55.7190029
              ],
              [
                37.8810045,
                55.719099199999995
              ],
              [
                37.8765345,
                55.72047090000001
              ],
              [
                37.8769962,
                55.7216165
              ],
              [
                37.8761077,
                55.72338519999999
              ],
              [
                37.8724504,
                55.72337699999999
              ],
              [
                37.8702706,
                55.72658609999998
              ],
              [
                37.8721668,
                55.727705099999994
              ],
              [
                37.8734123,
                55.72964759999999
              ],
              [
                37.8715704,
                55.73084779999999
              ],
              [
                37.8712339,
                55.730838599999984
              ],
              [
                37.8688922,
                55.7329729
              ],
              [
                37.865471,
                55.733158499999995
              ],
              [
                37.864238,
                55.73471680000001
              ],
              [
                37.8667051,
                55.73618179999999
              ],
              [
                37.86653939999999,
                55.736296399999986
              ],
              [
                37.8684891,
                55.7372895
              ],
              [
                37.87316109999999,
                55.7381569
              ],
              [
                37.878008699999995,
                55.737869499999995
              ],
              [
                37.8800331,
                55.741746499999984
              ],
              [
                37.8801347,
                55.74229279999999
              ],
              [
                37.8807532,
                55.74250409999999
              ],
              [
                37.881749899999996,
                55.742731
              ],
              [
                37.8858291,
                55.7426129
              ],
              [
                37.8900854,
                55.74160359999999
              ],
              [
                37.8900847,
                55.7418706
              ],
              [
                37.8904033,
                55.74208469999999
              ],
              [
                37.8909533,
                55.74219459999999
              ],
              [
                37.8900278,
                55.743627799999985
              ],
              [
                37.88824569999999,
                55.74846419999999
              ],
              [
                37.88771049999999,
                55.7485772
              ],
              [
                37.8873468,
                55.7484574
              ],
              [
                37.882540899999995,
                55.7493396
              ],
              [
                37.864223,
                55.745724099999975
              ],
              [
                37.8605434,
                55.74524339999999
              ],
              [
                37.8539206,
                55.7449497
              ],
              [
                37.8479957,
                55.7444999
              ],
              [
                37.8468046,
                55.74458709999999
              ],
              [
                37.84570649999999,
                55.74487169999999
              ],
              [
                37.8448044,
                55.7453149
              ],
              [
                37.843677899999996,
                55.745903
              ],
              [
                37.84265489999999,
                55.746734499999995
              ],
              [
                37.8425433,
                55.747176100000004
              ],
              [
                37.84271389999999,
                55.749444600000004
              ],
              [
                37.8426552,
                55.7531421
              ],
              [
                37.84289439999999,
                55.75505710000001
              ],
              [
                37.84320139999999,
                55.7618465
              ],
              [
                37.8432344,
                55.76219489999999
              ],
              [
                37.8434118,
                55.762200599999986
              ],
              [
                37.8434109,
                55.76236089999998
              ],
              [
                37.8432587,
                55.7624028
              ],
              [
                37.8434979,
                55.7669072
              ],
              [
                37.8438285,
                55.767279
              ],
              [
                37.84442229999999,
                55.767597099999996
              ],
              [
                37.84518789999999,
                55.76796939999999
              ],
              [
                37.845698,
                55.76807099999999
              ],
              [
                37.8459341,
                55.7686145
              ],
              [
                37.843624899999995,
                55.7725573
              ],
              [
                37.843400700000004,
                55.7747346
              ],
              [
                37.8438087,
                55.7753146
              ],
              [
                37.8450368,
                55.77597949999999
              ],
              [
                37.8457574,
                55.777006499999985
              ],
              [
                37.850676500000006,
                55.77856669999999
              ],
              [
                37.8504731,
                55.77890359999999
              ],
              [
                37.8500041,
                55.77892859999999
              ],
              [
                37.846381799999996,
                55.77819939999999
              ],
              [
                37.84555739999999,
                55.7782083
              ],
              [
                37.8446216,
                55.77850059999999
              ],
              [
                37.8431377,
                55.7792395
              ],
              [
                37.8405143,
                55.80247119999999
              ],
              [
                37.83976199999999,
                55.811624699999996
              ],
              [
                37.8400458,
                55.81207839999998
              ],
              [
                37.8414487,
                55.8128949
              ],
              [
                37.843043599999994,
                55.8143651
              ],
              [
                37.84376159999999,
                55.81477379999999
              ],
              [
                37.84330239999999,
                55.815207499999985
              ],
              [
                37.84272729999999,
                55.8151177
              ],
              [
                37.841991400000005,
                55.8151816
              ],
              [
                37.8398088,
                55.815869799999994
              ],
              [
                37.8391745,
                55.8162615
              ],
              [
                37.838706499999994,
                55.819106399999995
              ],
              [
                37.8380944,
                55.82097179999999
              ],
              [
                37.8373695,
                55.82248959999999
              ],
              [
                37.8360495,
                55.8242232
              ],
              [
                37.8343899,
                55.825960699999996
              ],
              [
                37.83008149999999,
                55.829152999999984
              ],
              [
                37.83013890000001,
                55.8303025
              ],
              [
                37.829743699999995,
                55.83055809999999
              ],
              [
                37.8273855,
                55.8305991
              ],
              [
                37.8185855,
                55.83529519999998
              ],
              [
                37.7895455,
                55.850238799999985
              ],
              [
                37.7684983,
                55.860892099999994
              ],
              [
                37.7347837,
                55.8784053
              ],
              [
                37.7337763,
                55.877913
              ],
              [
                37.7333987,
                55.878105399999995
              ],
              [
                37.7328953,
                55.878048899999996
              ],
              [
                37.732497099999996,
                55.87771259999999
              ],
              [
                37.73101019999999,
                55.876892899999994
              ],
              [
                37.73107689999999,
                55.87571599999999
              ],
              [
                37.7318197,
                55.87494519999999
              ],
              [
                37.7298326,
                55.8746655
              ],
              [
                37.7290472,
                55.874646999999996
              ],
              [
                37.727926499999995,
                55.8739005
              ],
              [
                37.7273401,
                55.87392189999999
              ],
              [
                37.7265802,
                55.8737556
              ],
              [
                37.72425570000001,
                55.873008
              ],
              [
                37.723732899999995,
                55.873271899999985
              ],
              [
                37.7218128,
                55.873875
              ],
              [
                37.7210651,
                55.87320659999999
              ],
              [
                37.719672,
                55.8736992
              ],
              [
                37.7158133,
                55.870154199999995
              ],
              [
                37.707699399999996,
                55.86551849999999
              ],
              [
                37.7079241,
                55.86533690000001
              ],
              [
                37.70681259999999,
                55.8644903
              ],
              [
                37.7068678,
                55.864348
              ],
              [
                37.7077052,
                55.863935399999995
              ],
              [
                37.70918639999999,
                55.86295580000001
              ],
              [
                37.7094382,
                55.860911099999996
              ],
              [
                37.71801730000001,
                55.86060729999999
              ],
              [
                37.7216393,
                55.85292410000001
              ],
              [
                37.721005,
                55.8522056
              ],
              [
                37.719404999999995,
                55.8514226
              ],
              [
                37.719773200000006,
                55.8511819
              ],
              [
                37.7201692,
                55.8505716
              ],
              [
                37.719349599999994,
                55.85000879999999
              ],
              [
                37.7171278,
                55.849057299999984
              ],
              [
                37.7140751,
                55.8469149
              ],
              [
                37.71250309999999,
                55.84752749999999
              ],
              [
                37.7120984,
                55.84735479999999
              ],
              [
                37.71077319999999,
                55.8473869
              ],
              [
                37.710424399999994,
                55.84750459999999
              ],
              [
                37.70564339999999,
                55.84794449999998
              ],
              [
                37.7035867,
                55.848773300000005
              ],
              [
                37.696822899999994,
                55.8481609
              ],
              [
                37.6937646,
                55.8520726
              ],
              [
                37.6947455,
                55.853375299999996
              ],
              [
                37.6938021,
                55.8540104
              ],
              [
                37.69277369999999,
                55.855166999999994
              ],
              [
                37.6924303,
                55.85533029999999
              ],
              [
                37.6931332,
                55.8557966
              ],
              [
                37.6925215,
                55.8561333
              ],
              [
                37.6916307,
                55.8560299
              ],
              [
                37.690747200000004,
                55.85617740000001
              ],
              [
                37.690242999999995,
                55.855895800000006
              ],
              [
                37.6894096,
                55.855956599999985
              ],
              [
                37.6886034,
                55.8552849
              ],
              [
                37.68785969999999,
                55.855491599999986
              ],
              [
                37.686789899999994,
                55.8547734
              ],
              [
                37.6867679,
                55.85451289999999
              ],
              [
                37.6883279,
                55.853925999999994
              ],
              [
                37.692284300000004,
                55.8529088
              ],
              [
                37.6899704,
                55.85122309999999
              ],
              [
                37.692226399999996,
                55.85030669999999
              ],
              [
                37.690214999999995,
                55.8481906
              ],
              [
                37.6903183,
                55.8480056
              ],
              [
                37.6813889,
                55.84321249999999
              ],
              [
                37.68025759999999,
                55.8424748
              ],
              [
                37.678346399999995,
                55.84181589999999
              ],
              [
                37.6784553,
                55.8410173
              ],
              [
                37.67816479999999,
                55.840172099999975
              ],
              [
                37.6773835,
                55.83938969999999
              ],
              [
                37.6763165,
                55.83882160000001
              ],
              [
                37.6750964,
                55.8384732
              ],
              [
                37.673568599999996,
                55.8383359
              ],
              [
                37.672857099999995,
                55.8383528
              ],
              [
                37.6702104,
                55.838739600000004
              ],
              [
                37.6715749,
                55.8290255
              ],
              [
                37.6715201,
                55.82736259999998
              ],
              [
                37.67069409999999,
                55.82439359999999
              ],
              [
                37.670468899999996,
                55.82419199999999
              ],
              [
                37.6690882,
                55.82133559999999
              ],
              [
                37.6680768,
                55.81987399999999
              ],
              [
                37.65781849999999,
                55.80802189999999
              ],
              [
                37.6548995,
                55.805110899999995
              ],
              [
                37.651284,
                55.8004205
              ],
              [
                37.650489099999994,
                55.7987596
              ],
              [
                37.6501162,
                55.7927927
              ]
            ]
          ],
          [
            [
              [
                37.849809,
                55.810466199999986
              ],
              [
                37.848871499999994,
                55.8094232
              ],
              [
                37.8502374,
                55.80855699999999
              ],
              [
                37.850469399999994,
                55.80867189999999
              ],
              [
                37.850691499999996,
                55.80854959999999
              ],
              [
                37.8512996,
                55.808833599999986
              ],
              [
                37.852185199999994,
                55.80896039999999
              ],
              [
                37.85601079999999,
                55.8065884
              ],
              [
                37.8561187,
                55.806648499999994
              ],
              [
                37.85636949999999,
                55.80604139999999
              ],
              [
                37.8606871,
                55.807540599999996
              ],
              [
                37.86003379999999,
                55.80842669999999
              ],
              [
                37.86027180000001,
                55.80857579999999
              ],
              [
                37.861697299999996,
                55.80869019999999
              ],
              [
                37.8628232,
                55.8073119
              ],
              [
                37.863264699999995,
                55.8074211
              ],
              [
                37.865743099999996,
                55.80420800000001
              ],
              [
                37.8665868,
                55.80421069999999
              ],
              [
                37.8711986,
                55.80632920000001
              ],
              [
                37.8700807,
                55.80776069999998
              ],
              [
                37.87358249999999,
                55.8086963
              ],
              [
                37.87412779999999,
                55.8106937
              ],
              [
                37.8773566,
                55.811467199999996
              ],
              [
                37.8781481,
                55.81142919999999
              ],
              [
                37.8796416,
                55.813267299999985
              ],
              [
                37.8794843,
                55.81347199999999
              ],
              [
                37.8798248,
                55.81420459999999
              ],
              [
                37.88084249999999,
                55.8143186
              ],
              [
                37.880831799999996,
                55.8145808
              ],
              [
                37.881639899999996,
                55.81501499999999
              ],
              [
                37.8830652,
                55.8162984
              ],
              [
                37.88412859999999,
                55.816660799999994
              ],
              [
                37.8853211,
                55.816661999999994
              ],
              [
                37.8861402,
                55.81616629999999
              ],
              [
                37.8868742,
                55.8165315
              ],
              [
                37.8879025,
                55.8159417
              ],
              [
                37.888152399999996,
                55.81567519999999
              ],
              [
                37.88888599999999,
                55.81547869999999
              ],
              [
                37.8892963,
                55.8151759
              ],
              [
                37.89139709999999,
                55.815121999999995
              ],
              [
                37.8923994,
                55.814573599999996
              ],
              [
                37.894541,
                55.813939899999994
              ],
              [
                37.89672989999999,
                55.8139771
              ],
              [
                37.898548999999996,
                55.81438659999999
              ],
              [
                37.8993002,
                55.8150981
              ],
              [
                37.8993112,
                55.816291099999994
              ],
              [
                37.8985819,
                55.81748040000001
              ],
              [
                37.8978239,
                55.817922
              ],
              [
                37.8890935,
                55.8194231
              ],
              [
                37.887907999999996,
                55.82079029999999
              ],
              [
                37.8851643,
                55.8206244
              ],
              [
                37.8842776,
                55.8199606
              ],
              [
                37.88396769999999,
                55.820339399999995
              ],
              [
                37.8805382,
                55.819513499999985
              ],
              [
                37.8797221,
                55.819573399999996
              ],
              [
                37.8789454,
                55.819896899999996
              ],
              [
                37.8783391,
                55.8206528
              ],
              [
                37.876441,
                55.820471299999994
              ],
              [
                37.87379769999999,
                55.8200036
              ],
              [
                37.8722162,
                55.8225388
              ],
              [
                37.8685139,
                55.8218817
              ],
              [
                37.86871549999999,
                55.82149889999999
              ],
              [
                37.8662082,
                55.8209341
              ],
              [
                37.8662311,
                55.82085949999999
              ],
              [
                37.8622608,
                55.820018299999994
              ],
              [
                37.8623186,
                55.8199379
              ],
              [
                37.86001160000001,
                55.81939799999999
              ],
              [
                37.8594399,
                55.8194823
              ],
              [
                37.8591727,
                55.819978600000006
              ],
              [
                37.85764629999999,
                55.819597099999996
              ],
              [
                37.8581098,
                55.8187889
              ],
              [
                37.8572656,
                55.818339599999995
              ],
              [
                37.8573206,
                55.817911099999996
              ],
              [
                37.852883,
                55.81672059999998
              ],
              [
                37.84532709999999,
                55.81356219999999
              ],
              [
                37.849809,
                55.810466199999986
              ]
            ]
          ],
          [
            [
              [
                37.8717278,
                55.8246505
              ],
              [
                37.868496199999996,
                55.82377859999998
              ],
              [
                37.8689418,
                55.82286969999999
              ],
              [
                37.8730967,
                55.8237936
              ],
              [
                37.8760016,
                55.8249027
              ],
              [
                37.8756653,
                55.82534239999998
              ],
              [
                37.87297529999999,
                55.825125899999996
              ],
              [
                37.8717278,
                55.8246505
              ]
            ]
          ],
          [
            [
              [
                37.7928913,
                56.00388149999999
              ],
              [
                37.790034299999995,
                56.0029214
              ],
              [
                37.7904761,
                56.0024768
              ],
              [
                37.79163299999999,
                56.0028753
              ],
              [
                37.7921011,
                56.0024925
              ],
              [
                37.79409390000001,
                56.0031557
              ],
              [
                37.7934895,
                56.003726699999994
              ],
              [
                37.7928913,
                56.00388149999999
              ]
            ]
          ],
          [
            [
              [
                37.7931919,
                56.0080413
              ],
              [
                37.791489199999994,
                56.00747719999998
              ],
              [
                37.7912235,
                56.0072852
              ],
              [
                37.793149799999995,
                56.0055432
              ],
              [
                37.7968376,
                56.00476089999999
              ],
              [
                37.7973464,
                56.005409599999986
              ],
              [
                37.7994322,
                56.0061526
              ],
              [
                37.7981439,
                56.00744340000001
              ],
              [
                37.799,
                56.0076888
              ],
              [
                37.79870679999999,
                56.0079388
              ],
              [
                37.798900399999994,
                56.00824399999998
              ],
              [
                37.7984641,
                56.00871179999999
              ],
              [
                37.79798559999999,
                56.0087675
              ],
              [
                37.79811759999999,
                56.0089876
              ],
              [
                37.7989795,
                56.0092752
              ],
              [
                37.7985143,
                56.0097028
              ],
              [
                37.79797469999999,
                56.0095523
              ],
              [
                37.7948968,
                56.0093202
              ],
              [
                37.795318599999995,
                56.009024199999985
              ],
              [
                37.79295799999999,
                56.00825359999999
              ],
              [
                37.7931919,
                56.0080413
              ]
            ]
          ]
        ]
      }
    },
    {
      "type": "Feature",
      "properties": {
        "id": 2162196,
        "level": "okrug",
        "name_ru": "Центральный административный округ",
        "parent_id": null,
        "bbox": [
          37.5139298,
          55.71028019999999,
          37.71352949999999,
          55.797170300000005
        ]
      },
      "geometry": {
        "type": "MultiPolygon",
        "coordinates": [
          [
            [
              [
                37.5139298,
                55.75842190000001
              ],
              [
                37.51629899999999,
                55.75683339999999
              ],
              [
                37.517672299999994,
                55.75463579999999
              ],
              [
                37.51850269999999,
                55.75258459999999
              ],
              [
                37.5220496,
                55.74758340000001
              ],
              [
                37.5236375,
                55.74632729999999
              ],
              [
                37.525568699999994,
                55.74533689999999
              ],
              [
                37.52797199999999,
                55.7446122
              ],
              [
                37.532404199999995,
                55.74439629999999
              ],
              [
                37.5357486,
                55.744582099999995
              ],
              [
                37.53734949999999,
                55.7447767
              ],
              [
                37.5403745,
                55.74545769999999
              ],
              [
                37.54355019999999,
                55.74652050000001
              ],
              [
                37.554535200000004,
                55.7514364
              ],
              [
                37.557561699999994,
                55.7523904
              ],
              [
                37.56017829999999,
                55.7530784
              ],
              [
                37.56402080000001,
                55.7535974
              ],
              [
                37.5678832,
                55.753355799999994
              ],
              [
                37.5708015,
                55.75272789999999
              ],
              [
                37.5730331,
                55.751472
              ],
              [
                37.5740201,
                55.7503369
              ],
              [
                37.5744922,
                55.748863500000006
              ],
              [
                37.57444929999999,
                55.74632729999999
              ],
              [
                37.5738914,
                55.7447089
              ],
              [
                37.56832669999999,
                55.7385525
              ],
              [
                37.5657503,
                55.736401
              ],
              [
                37.5636326,
                55.73509539999999
              ],
              [
                37.5590625,
                55.73306869999998
              ],
              [
                37.5530345,
                55.7299466
              ],
              [
                37.54490259999999,
                55.727055699999994
              ],
              [
                37.5430747,
                55.7255663
              ],
              [
                37.5418635,
                55.72403959999999
              ],
              [
                37.5411815,
                55.72205580000001
              ],
              [
                37.5410812,
                55.72012509999999
              ],
              [
                37.5418853,
                55.717594599999984
              ],
              [
                37.5433307,
                55.7156172
              ],
              [
                37.5459418,
                55.71368699999999
              ],
              [
                37.54851589999999,
                55.71226279999999
              ],
              [
                37.552897,
                55.7109726
              ],
              [
                37.556872899999995,
                55.71034259999999
              ],
              [
                37.5592321,
                55.71028019999999
              ],
              [
                37.560995399999996,
                55.7103378
              ],
              [
                37.5654006,
                55.7107574
              ],
              [
                37.5696101,
                55.711617299999986
              ],
              [
                37.57492799999999,
                55.713117699999984
              ],
              [
                37.5776083,
                55.71420579999999
              ],
              [
                37.5821396,
                55.710992499999996
              ],
              [
                37.5827864,
                55.7112279
              ],
              [
                37.5839253,
                55.711013799999996
              ],
              [
                37.585232,
                55.7112481
              ],
              [
                37.585594,
                55.711091
              ],
              [
                37.58833609999999,
                55.71309589999999
              ],
              [
                37.5878737,
                55.7132951
              ],
              [
                37.5884454,
                55.71376279999999
              ],
              [
                37.5879384,
                55.71395309999999
              ],
              [
                37.5889792,
                55.71467539999999
              ],
              [
                37.5891755,
                55.714579099999995
              ],
              [
                37.5894204,
                55.71477019999999
              ],
              [
                37.58923729999999,
                55.714854499999994
              ],
              [
                37.5905037,
                55.71574559999999
              ],
              [
                37.5906915,
                55.71568659999999
              ],
              [
                37.591720699999996,
                55.7164483
              ],
              [
                37.5919057,
                55.71637909999999
              ],
              [
                37.5926713,
                55.7168706
              ],
              [
                37.5916661,
                55.7174589
              ],
              [
                37.5908118,
                55.71774649999999
              ],
              [
                37.590795099999994,
                55.717873
              ],
              [
                37.5921327,
                55.71882779999999
              ],
              [
                37.5922285,
                55.71942849999999
              ],
              [
                37.592714599999994,
                55.719686
              ],
              [
                37.5929726,
                55.71957509999999
              ],
              [
                37.5926185,
                55.7194059
              ],
              [
                37.59256489999999,
                55.719146
              ],
              [
                37.5940838,
                55.7183252
              ],
              [
                37.596855399999995,
                55.720130299999994
              ],
              [
                37.59723679999999,
                55.7199632
              ],
              [
                37.5974937,
                55.7201418
              ],
              [
                37.59812809999999,
                55.71984669999999
              ],
              [
                37.60030999999999,
                55.72130119999999
              ],
              [
                37.6093473,
                55.71952129999999
              ],
              [
                37.6100957,
                55.721426599999994
              ],
              [
                37.6143041,
                55.7210255
              ],
              [
                37.61557729999999,
                55.72008289999999
              ],
              [
                37.6225369,
                55.72092779999999
              ],
              [
                37.6278928,
                55.72136489999999
              ],
              [
                37.6330619,
                55.722564599999984
              ],
              [
                37.63580209999999,
                55.72201999999999
              ],
              [
                37.636424399999996,
                55.723543299999996
              ],
              [
                37.6400073,
                55.72290089999999
              ],
              [
                37.6417645,
                55.7222109
              ],
              [
                37.64374229999999,
                55.722403799999995
              ],
              [
                37.644911099999995,
                55.72801189999999
              ],
              [
                37.645995,
                55.729465
              ],
              [
                37.65155349999999,
                55.728144199999996
              ],
              [
                37.65212559999999,
                55.7281997
              ],
              [
                37.65228569999999,
                55.7280661
              ],
              [
                37.6542108,
                55.728821399999994
              ],
              [
                37.6557668,
                55.727623699999995
              ],
              [
                37.6567176,
                55.726372399999995
              ],
              [
                37.659889199999995,
                55.72667639999999
              ],
              [
                37.66312670000001,
                55.72675829999998
              ],
              [
                37.6627185,
                55.7276605
              ],
              [
                37.66069029999999,
                55.730703399999996
              ],
              [
                37.6644263,
                55.73146729999999
              ],
              [
                37.6658108,
                55.731635399999995
              ],
              [
                37.66624019999999,
                55.7315357
              ],
              [
                37.6674635,
                55.730863899999996
              ],
              [
                37.6705808,
                55.72582549999999
              ],
              [
                37.677733499999995,
                55.727355099999976
              ],
              [
                37.6789183,
                55.7282645
              ],
              [
                37.6805828,
                55.727683199999994
              ],
              [
                37.6804669,
                55.72840449999999
              ],
              [
                37.6815705,
                55.728472
              ],
              [
                37.6814418,
                55.7290399
              ],
              [
                37.68333,
                55.7291456
              ],
              [
                37.684102499999995,
                55.729583599999984
              ],
              [
                37.6840596,
                55.7300307
              ],
              [
                37.6858384,
                55.73011319999999
              ],
              [
                37.685409199999995,
                55.733041799999995
              ],
              [
                37.68689799999999,
                55.7324468
              ],
              [
                37.6881988,
                55.731772799999995
              ],
              [
                37.692157699999996,
                55.729540300000004
              ],
              [
                37.6930372,
                55.72929159999999
              ],
              [
                37.693700099999994,
                55.7293029
              ],
              [
                37.698200099999994,
                55.7352348
              ],
              [
                37.69886219999999,
                55.73643619999999
              ],
              [
                37.6998353,
                55.7363169
              ],
              [
                37.69708039999999,
                55.74079089999999
              ],
              [
                37.69615689999999,
                55.7417027
              ],
              [
                37.6952841,
                55.74231979999999
              ],
              [
                37.6937029,
                55.743175499999985
              ],
              [
                37.689943,
                55.7449982
              ],
              [
                37.6832039,
                55.7480005
              ],
              [
                37.6806622,
                55.74874999999999
              ],
              [
                37.67310609999999,
                55.7500502
              ],
              [
                37.6705308,
                55.750748800000004
              ],
              [
                37.67254969999999,
                55.75238779999999
              ],
              [
                37.672867499999995,
                55.75276559999999
              ],
              [
                37.6730606,
                55.753434299999995
              ],
              [
                37.672941,
                55.7540014
              ],
              [
                37.6709121,
                55.75742809999999
              ],
              [
                37.6704884,
                55.75749149999999
              ],
              [
                37.6703968,
                55.75760280000001
              ],
              [
                37.6704937,
                55.7579563
              ],
              [
                37.6712776,
                55.75880299999999
              ],
              [
                37.6722196,
                55.7591778
              ],
              [
                37.6730154,
                55.75932889999999
              ],
              [
                37.6739117,
                55.759369899999996
              ],
              [
                37.6764589,
                55.7591713
              ],
              [
                37.680215499999996,
                55.7590725
              ],
              [
                37.680948,
                55.7591418
              ],
              [
                37.682588,
                55.759535599999985
              ],
              [
                37.68415929999999,
                55.76027409999999
              ],
              [
                37.6853903,
                55.7615256
              ],
              [
                37.68581249999999,
                55.76233289999998
              ],
              [
                37.68557909999999,
                55.76352059999999
              ],
              [
                37.6858452,
                55.7639835
              ],
              [
                37.6890397,
                55.767773899999995
              ],
              [
                37.6921989,
                55.769489899999996
              ],
              [
                37.6969201,
                55.7668751
              ],
              [
                37.697223900000004,
                55.7668218
              ],
              [
                37.7025185,
                55.770029
              ],
              [
                37.7045926,
                55.770727199999996
              ],
              [
                37.705401,
                55.7712819
              ],
              [
                37.71352949999999,
                55.7752599
              ],
              [
                37.71093119999999,
                55.7780007
              ],
              [
                37.70933649999999,
                55.7792845
              ],
              [
                37.707741899999995,
                55.7801608
              ],
              [
                37.7052497,
                55.7809935
              ],
              [
                37.7018967,
                55.7817704
              ],
              [
                37.69955970000001,
                55.781968
              ],
              [
                37.6963604,
                55.782047
              ],
              [
                37.692549,
                55.78199
              ],
              [
                37.69255879999999,
                55.781899
              ],
              [
                37.68826669999999,
                55.781899
              ],
              [
                37.6858873,
                55.7824453
              ],
              [
                37.685813,
                55.7825747
              ],
              [
                37.65181629999999,
                55.7890984
              ],
              [
                37.651542,
                55.78936
              ],
              [
                37.647731099999994,
                55.790380699999986
              ],
              [
                37.64611920000001,
                55.7909534
              ],
              [
                37.6401684,
                55.7947911
              ],
              [
                37.6388082,
                55.7954812
              ],
              [
                37.63567599999999,
                55.79673199999999
              ],
              [
                37.63499999999999,
                55.797170300000005
              ],
              [
                37.6344313,
                55.7944611
              ],
              [
                37.63463769999999,
                55.791892299999994
              ],
              [
                37.6324314,
                55.7918625
              ],
              [
                37.6279594,
                55.79250780000001
              ],
              [
                37.6163097,
                55.79311599999999
              ],
              [
                37.6167978,
                55.7868239
              ],
              [
                37.6167159,
                55.78613409999999
              ],
              [
                37.6152868,
                55.7834989
              ],
              [
                37.6153517,
                55.782836599999996
              ],
              [
                37.61483549999999,
                55.783478699999996
              ],
              [
                37.61319129999999,
                55.78342189999999
              ],
              [
                37.6129804,
                55.783355699999994
              ],
              [
                37.6124492,
                55.7825481
              ],
              [
                37.6067507,
                55.7844089
              ],
              [
                37.604608299999995,
                55.78531169999999
              ],
              [
                37.60171989999999,
                55.7851689
              ],
              [
                37.6006396,
                55.78780179999999
              ],
              [
                37.5992958,
                55.7924817
              ],
              [
                37.5958899,
                55.7922257
              ],
              [
                37.5933114,
                55.7924291
              ],
              [
                37.5893281,
                55.7924067
              ],
              [
                37.5877997,
                55.79263659999999
              ],
              [
                37.5886333,
                55.7920566
              ],
              [
                37.587869,
                55.7897054
              ],
              [
                37.58684139999999,
                55.78523869999999
              ],
              [
                37.58544369999999,
                55.78101519999998
              ],
              [
                37.5845745,
                55.779676599999995
              ],
              [
                37.5832531,
                55.77870539999999
              ],
              [
                37.581095499999996,
                55.7774318
              ],
              [
                37.5780999,
                55.7761477
              ],
              [
                37.5759936,
                55.775607999999984
              ],
              [
                37.57108019999999,
                55.775425799999994
              ],
              [
                37.55191659999999,
                55.7734083
              ],
              [
                37.5496059,
                55.7732177
              ],
              [
                37.544433999999995,
                55.772989
              ],
              [
                37.541863199999995,
                55.7724063
              ],
              [
                37.5405701,
                55.7719534
              ],
              [
                37.5389633,
                55.7711286
              ],
              [
                37.5371295,
                55.769760799999986
              ],
              [
                37.5366332,
                55.76906509999999
              ],
              [
                37.536061,
                55.7661039
              ],
              [
                37.5347649,
                55.7661935
              ],
              [
                37.5340363,
                55.76501069999998
              ],
              [
                37.5332853,
                55.76452100000001
              ],
              [
                37.5323326,
                55.76351749999999
              ],
              [
                37.531819299999995,
                55.7632157
              ],
              [
                37.5272829,
                55.76129530000001
              ],
              [
                37.52561229999999,
                55.7604868
              ],
              [
                37.5250671,
                55.760107999999995
              ],
              [
                37.5242852,
                55.7598459
              ],
              [
                37.5225622,
                55.76168839999998
              ],
              [
                37.5139298,
                55.75842190000001
              ]
            ]
          ]
        ]
      }
    },
    {
      "type": "Feature",
      "properties": {
        "id": 2263058,
        "level": "okrug",
        "name_ru": "Новомосковский административный округ",
        "parent_id": null,
        "bbox": [
          37.0872002,
          55.4358453,
          37.6113541,
          55.66444729999999
        ]
      },
      "geometry": {
        "type": "MultiPolygon",
        "coordinates": [
          [
            [
              [
                37.0872002,
                55.59048469999999
              ],
              [
                37.0964945,
                55.57740289999999
              ],
              [
                37.09950469999999,
                55.575274799999995
              ],
              [
                37.1007603,
                55.57458629999999
              ],
              [
                37.110489,
                55.567988899999996
              ],
              [
                37.1146925,
                55.56555109999999
              ],
              [
                37.1179814,
                55.5607278
              ],
              [
                37.1228743,
                55.55311429999998
              ],
              [
                37.1254702,
                55.54996339999999
              ],
              [
                37.11517679999999,
                55.5474463
              ],
              [
                37.1135595,
                55.538946
              ],
              [
                37.1225083,
                55.53836549999999
              ],
              [
                37.122165,
                55.535144499999994
              ],
              [
                37.1217923,
                55.53424069999999
              ],
              [
                37.12087509999999,
                55.53314549999999
              ],
              [
                37.1205186,
                55.53292969999999
              ],
              [
                37.119921999999995,
                55.53140929999999
              ],
              [
                37.1179791,
                55.530383799999996
              ],
              [
                37.11590619999999,
                55.52999849999999
              ],
              [
                37.11649379999999,
                55.5289149
              ],
              [
                37.1174219,
                55.5279294
              ],
              [
                37.1173789,
                55.52768849999999
              ],
              [
                37.1169213,
                55.5272393
              ],
              [
                37.11695079999999,
                55.5268847
              ],
              [
                37.1188548,
                55.523517
              ],
              [
                37.11994889999999,
                55.519130499999996
              ],
              [
                37.117393699999994,
                55.51886769999999
              ],
              [
                37.11758019999999,
                55.5176335
              ],
              [
                37.1184037,
                55.517686100000006
              ],
              [
                37.118510699999995,
                55.5176212
              ],
              [
                37.1186307,
                55.513136900000006
              ],
              [
                37.11898299999999,
                55.5129825
              ],
              [
                37.1241855,
                55.5130752
              ],
              [
                37.125169,
                55.5129719
              ],
              [
                37.1280172,
                55.513011299999995
              ],
              [
                37.1299698,
                55.513387599999994
              ],
              [
                37.1308372,
                55.51265800000001
              ],
              [
                37.136395199999995,
                55.51302639999999
              ],
              [
                37.1360858,
                55.5157095
              ],
              [
                37.1384665,
                55.51488049999999
              ],
              [
                37.1361965,
                55.50002189999999
              ],
              [
                37.133608,
                55.4994461
              ],
              [
                37.1324267,
                55.4994278
              ],
              [
                37.13161999999999,
                55.4984602
              ],
              [
                37.1297106,
                55.49868759999999
              ],
              [
                37.1289256,
                55.49796779999999
              ],
              [
                37.125581,
                55.49723239999999
              ],
              [
                37.1239598,
                55.496136199999995
              ],
              [
                37.1265898,
                55.495200100000005
              ],
              [
                37.1238807,
                55.492745299999996
              ],
              [
                37.12505869999999,
                55.492262999999994
              ],
              [
                37.12418129999999,
                55.4915532
              ],
              [
                37.1286974,
                55.4885441
              ],
              [
                37.12689829999999,
                55.48744879999999
              ],
              [
                37.1320696,
                55.48437599999998
              ],
              [
                37.1334237,
                55.4841981
              ],
              [
                37.135601599999994,
                55.48264499999999
              ],
              [
                37.13675580000001,
                55.48284120000001
              ],
              [
                37.1382807,
                55.4826559
              ],
              [
                37.13842859999999,
                55.4823977
              ],
              [
                37.1392071,
                55.4820849
              ],
              [
                37.14206430000001,
                55.4824008
              ],
              [
                37.1429682,
                55.48096600000001
              ],
              [
                37.1470603,
                55.48174809999998
              ],
              [
                37.1482193,
                55.47992049999999
              ],
              [
                37.1485589,
                55.47979419999999
              ],
              [
                37.1525045,
                55.48056449999999
              ],
              [
                37.18402569999999,
                55.4834696
              ],
              [
                37.19566739999999,
                55.4884719
              ],
              [
                37.2015317,
                55.4929483
              ],
              [
                37.2087267,
                55.4935475
              ],
              [
                37.22686219999999,
                55.495561099999996
              ],
              [
                37.243444,
                55.49725999999999
              ],
              [
                37.24159339999999,
                55.4976305
              ],
              [
                37.240353199999994,
                55.49872899999998
              ],
              [
                37.23996929999999,
                55.4992816
              ],
              [
                37.24046709999999,
                55.4991439
              ],
              [
                37.242196,
                55.49811149999999
              ],
              [
                37.24404369999999,
                55.4978052
              ],
              [
                37.2466151,
                55.49780989999999
              ],
              [
                37.2474888,
                55.49857369999999
              ],
              [
                37.2484927,
                55.499811699999995
              ],
              [
                37.2497086,
                55.50181489999999
              ],
              [
                37.2511332,
                55.502951499999995
              ],
              [
                37.25394980000001,
                55.5042583
              ],
              [
                37.2556509,
                55.50342379999999
              ],
              [
                37.2611978,
                55.50457609999999
              ],
              [
                37.2659748,
                55.505180499999994
              ],
              [
                37.26793589999999,
                55.5061743
              ],
              [
                37.2691672,
                55.505697999999995
              ],
              [
                37.2705632,
                55.50664079999999
              ],
              [
                37.26984699999999,
                55.507446399999985
              ],
              [
                37.2698584,
                55.50804769999999
              ],
              [
                37.27059189999999,
                55.508573199999994
              ],
              [
                37.27010099999999,
                55.508984899999994
              ],
              [
                37.27193859999999,
                55.510213
              ],
              [
                37.2724581,
                55.51087509999999
              ],
              [
                37.27242939999999,
                55.51541499999999
              ],
              [
                37.27298639999999,
                55.51608829999999
              ],
              [
                37.273413999999995,
                55.5175541
              ],
              [
                37.27195090000001,
                55.5185639
              ],
              [
                37.2703955,
                55.5190894
              ],
              [
                37.27166009999999,
                55.52217699999999
              ],
              [
                37.2739283,
                55.52093169999999
              ],
              [
                37.2840337,
                55.5256569
              ],
              [
                37.2934971,
                55.5290951
              ],
              [
                37.299732399999996,
                55.530190700000006
              ],
              [
                37.2980889,
                55.5393236
              ],
              [
                37.3045139,
                55.5424474
              ],
              [
                37.3113041,
                55.5437288
              ],
              [
                37.3114776,
                55.543498
              ],
              [
                37.31150349999999,
                55.54274840000001
              ],
              [
                37.3112101,
                55.54265040000001
              ],
              [
                37.31179519999999,
                55.54162769999999
              ],
              [
                37.3126424,
                55.54157459999998
              ],
              [
                37.313656,
                55.5391211
              ],
              [
                37.3180069,
                55.53943110000001
              ],
              [
                37.3189191,
                55.5384435
              ],
              [
                37.3207819,
                55.53830010000001
              ],
              [
                37.3236869,
                55.53859889999999
              ],
              [
                37.3275629,
                55.53849159999999
              ],
              [
                37.32874429999999,
                55.5399131
              ],
              [
                37.330645,
                55.53938359999999
              ],
              [
                37.3333116,
                55.53963669999999
              ],
              [
                37.3360651,
                55.5406375
              ],
              [
                37.33984259999999,
                55.54313309999999
              ],
              [
                37.3420311,
                55.5448712
              ],
              [
                37.3423528,
                55.546062299999996
              ],
              [
                37.34356009999999,
                55.5470448
              ],
              [
                37.347497999999995,
                55.547371799999986
              ],
              [
                37.3491813,
                55.547070299999994
              ],
              [
                37.351805299999995,
                55.547383800000006
              ],
              [
                37.3521295,
                55.5479897
              ],
              [
                37.35239469999999,
                55.54906969999999
              ],
              [
                37.35362159999999,
                55.550477799999996
              ],
              [
                37.354078,
                55.55034119999999
              ],
              [
                37.3557577,
                55.5494133
              ],
              [
                37.3567237,
                55.5487515
              ],
              [
                37.3578643,
                55.54948459999999
              ],
              [
                37.36487369999999,
                55.5476258
              ],
              [
                37.365726,
                55.5484953
              ],
              [
                37.3687282,
                55.54893559999999
              ],
              [
                37.36975489999999,
                55.5511174
              ],
              [
                37.36805119999999,
                55.551566999999984
              ],
              [
                37.36767009999999,
                55.5525386
              ],
              [
                37.3675604,
                55.553814399999986
              ],
              [
                37.3679583,
                55.555633699999994
              ],
              [
                37.376465499999995,
                55.5614836
              ],
              [
                37.3784955,
                55.561167
              ],
              [
                37.3787661,
                55.5617234
              ],
              [
                37.3845063,
                55.5602965
              ],
              [
                37.384760299999996,
                55.559875899999994
              ],
              [
                37.3872699,
                55.55894299999999
              ],
              [
                37.3874979,
                55.5591553
              ],
              [
                37.389036499999996,
                55.5588264
              ],
              [
                37.3890656,
                55.5584231
              ],
              [
                37.3887428,
                55.55811989999999
              ],
              [
                37.3885022,
                55.5575493
              ],
              [
                37.388877799999996,
                55.5571341
              ],
              [
                37.38941619999999,
                55.55683569999999
              ],
              [
                37.3908724,
                55.55671770000001
              ],
              [
                37.3940581,
                55.55566339999999
              ],
              [
                37.39274869999999,
                55.5546085
              ],
              [
                37.39220759999999,
                55.553635199999995
              ],
              [
                37.3964742,
                55.5525162
              ],
              [
                37.39894019999999,
                55.55207339999999
              ],
              [
                37.400746299999994,
                55.5516179
              ],
              [
                37.4080255,
                55.54957050000001
              ],
              [
                37.40716359999999,
                55.54841089999999
              ],
              [
                37.4122417,
                55.5444781
              ],
              [
                37.3994816,
                55.539277899999995
              ],
              [
                37.3968023,
                55.538309899999994
              ],
              [
                37.394830299999995,
                55.53723759999999
              ],
              [
                37.3934381,
                55.53633380000001
              ],
              [
                37.3921437,
                55.5351254
              ],
              [
                37.3913418,
                55.53413819999999
              ],
              [
                37.390652,
                55.53295380000001
              ],
              [
                37.3900358,
                55.53136249999999
              ],
              [
                37.3897461,
                55.52849289999999
              ],
              [
                37.394292,
                55.5265723
              ],
              [
                37.39522709999999,
                55.5264553
              ],
              [
                37.3965003,
                55.52657599999999
              ],
              [
                37.396667799999996,
                55.52334389999999
              ],
              [
                37.39654819999999,
                55.522289799999996
              ],
              [
                37.39684249999999,
                55.52058470000001
              ],
              [
                37.3973857,
                55.520143
              ],
              [
                37.3988055,
                55.5197675
              ],
              [
                37.3990689,
                55.5203356
              ],
              [
                37.3996698,
                55.520704899999984
              ],
              [
                37.401189,
                55.5211276
              ],
              [
                37.4024335,
                55.5212977
              ],
              [
                37.4032918,
                55.5212879
              ],
              [
                37.40410719999999,
                55.52107899999999
              ],
              [
                37.40711129999999,
                55.519295699999994
              ],
              [
                37.4073259,
                55.5188195
              ],
              [
                37.4071971,
                55.51844049999999
              ],
              [
                37.4053088,
                55.517254900000005
              ],
              [
                37.4050513,
                55.5168272
              ],
              [
                37.4055835,
                55.5164482
              ],
              [
                37.406725,
                55.51594279999999
              ],
              [
                37.4094716,
                55.516108
              ],
              [
                37.4104758,
                55.516108
              ],
              [
                37.411299799999995,
                55.5159525
              ],
              [
                37.41178909999999,
                55.515233299999984
              ],
              [
                37.412604400000006,
                55.512929799999995
              ],
              [
                37.4135057,
                55.5123952
              ],
              [
                37.41500769999999,
                55.512298
              ],
              [
                37.416858,
                55.51240719999999
              ],
              [
                37.416660199999995,
                55.511386099999996
              ],
              [
                37.4146307,
                55.51152619999999
              ],
              [
                37.41405699999999,
                55.5112129
              ],
              [
                37.41366899999999,
                55.51121859999999
              ],
              [
                37.4136498,
                55.5116461
              ],
              [
                37.4110847,
                55.51223099999999
              ],
              [
                37.4095993,
                55.51268160000001
              ],
              [
                37.4088694,
                55.512744799999986
              ],
              [
                37.409002,
                55.5139111
              ],
              [
                37.4077353,
                55.513894699999994
              ],
              [
                37.40719969999999,
                55.5129697
              ],
              [
                37.4065672,
                55.51239389999999
              ],
              [
                37.40531289999999,
                55.510063399999986
              ],
              [
                37.4043801,
                55.5096411
              ],
              [
                37.4054576,
                55.509019599999995
              ],
              [
                37.4064697,
                55.5097503
              ],
              [
                37.4076211,
                55.5091332
              ],
              [
                37.40984529999999,
                55.508459999999985
              ],
              [
                37.4090837,
                55.5047936
              ],
              [
                37.404914700000006,
                55.5016587
              ],
              [
                37.40823459999999,
                55.5005751
              ],
              [
                37.4099209,
                55.5011816
              ],
              [
                37.4136507,
                55.5019432
              ],
              [
                37.41499869999999,
                55.50188649999999
              ],
              [
                37.4178058,
                55.50112539999999
              ],
              [
                37.4182221,
                55.50178470000001
              ],
              [
                37.4167147,
                55.502382199999985
              ],
              [
                37.4158218,
                55.503458499999994
              ],
              [
                37.4151532,
                55.504801199999996
              ],
              [
                37.41561,
                55.505890599999994
              ],
              [
                37.41781989999999,
                55.506702699999984
              ],
              [
                37.42048069999999,
                55.5064221
              ],
              [
                37.4211168,
                55.5057532
              ],
              [
                37.4215318,
                55.504787399999984
              ],
              [
                37.42414819999999,
                55.5046543
              ],
              [
                37.4243073,
                55.5041516
              ],
              [
                37.4271541,
                55.50430459999999
              ],
              [
                37.4288698,
                55.504281899999995
              ],
              [
                37.4292307,
                55.50569539999999
              ],
              [
                37.4328167,
                55.505682799999995
              ],
              [
                37.432088,
                55.5040449
              ],
              [
                37.4322168,
                55.5037629
              ],
              [
                37.43274889999999,
                55.5035199
              ],
              [
                37.4329672,
                55.503212799999986
              ],
              [
                37.4326778,
                55.5029146
              ],
              [
                37.4325482,
                55.50238079999999
              ],
              [
                37.4328313,
                55.50237919999999
              ],
              [
                37.43483609999999,
                55.5010558
              ],
              [
                37.4369315,
                55.50049679999999
              ],
              [
                37.4375772,
                55.500557699999995
              ],
              [
                37.4379775,
                55.50074599999999
              ],
              [
                37.4382623,
                55.501276499999996
              ],
              [
                37.439108399999995,
                55.50211629999999
              ],
              [
                37.4408639,
                55.501988399999995
              ],
              [
                37.441213,
                55.50188549999999
              ],
              [
                37.441176999999996,
                55.501361799999984
              ],
              [
                37.443693599999996,
                55.5001219
              ],
              [
                37.4444505,
                55.50010739999998
              ],
              [
                37.447019999999995,
                55.4994423
              ],
              [
                37.44786799999999,
                55.498792999999985
              ],
              [
                37.4482383,
                55.498153699999996
              ],
              [
                37.4488851,
                55.49792439999999
              ],
              [
                37.4494773,
                55.49612549999999
              ],
              [
                37.44966610000001,
                55.495921299999985
              ],
              [
                37.4501897,
                55.4956976
              ],
              [
                37.450850599999995,
                55.495615
              ],
              [
                37.4515887,
                55.49571219999999
              ],
              [
                37.4531766,
                55.496334499999996
              ],
              [
                37.453725899999995,
                55.4963686
              ],
              [
                37.45436109999999,
                55.496285900000004
              ],
              [
                37.45509919999999,
                55.49597959999999
              ],
              [
                37.4553653,
                55.4954545
              ],
              [
                37.455262299999994,
                55.495192
              ],
              [
                37.4545499,
                55.4945356
              ],
              [
                37.45462659999999,
                55.4940783
              ],
              [
                37.4542604,
                55.49393369999999
              ],
              [
                37.448812999999994,
                55.48988609999999
              ],
              [
                37.4457991,
                55.49092
              ],
              [
                37.44530819999999,
                55.49045829999999
              ],
              [
                37.44545049999999,
                55.488764299999985
              ],
              [
                37.446745400000005,
                55.48852309999999
              ],
              [
                37.4474941,
                55.4882321
              ],
              [
                37.44801609999999,
                55.4879382
              ],
              [
                37.44812189999999,
                55.4876497
              ],
              [
                37.447571499999995,
                55.487707099999994
              ],
              [
                37.4465721,
                55.4881238
              ],
              [
                37.4444937,
                55.4885804
              ],
              [
                37.4439682,
                55.48800479999999
              ],
              [
                37.4473873,
                55.4871037
              ],
              [
                37.4469127,
                55.485713100000005
              ],
              [
                37.4458409,
                55.48364939999998
              ],
              [
                37.4446378,
                55.4821179
              ],
              [
                37.4450761,
                55.48195459999999
              ],
              [
                37.446469799999996,
                55.48207959999999
              ],
              [
                37.4481589,
                55.4802174
              ],
              [
                37.4496746,
                55.4801239
              ],
              [
                37.44761329999999,
                55.475106799999985
              ],
              [
                37.4520502,
                55.47255479999999
              ],
              [
                37.45333449999999,
                55.472570999999995
              ],
              [
                37.456412199999995,
                55.4728728
              ],
              [
                37.45701189999999,
                55.47275690000001
              ],
              [
                37.4581076,
                55.47131099999999
              ],
              [
                37.4595553,
                55.47125409999999
              ],
              [
                37.460077899999995,
                55.470208799999995
              ],
              [
                37.4612273,
                55.4700462
              ],
              [
                37.4616214,
                55.46987399999999
              ],
              [
                37.462203099999996,
                55.46997789999999
              ],
              [
                37.4629517,
                55.4708889
              ],
              [
                37.4646724,
                55.4708569
              ],
              [
                37.4642182,
                55.4684469
              ],
              [
                37.4616327,
                55.468371499999996
              ],
              [
                37.46053799999999,
                55.46810009999999
              ],
              [
                37.4585142,
                55.4679137
              ],
              [
                37.458316399999994,
                55.46620459999999
              ],
              [
                37.4578476,
                55.4661128
              ],
              [
                37.4576475,
                55.4659171
              ],
              [
                37.4579022,
                55.4656842
              ],
              [
                37.4589621,
                55.465633099999984
              ],
              [
                37.4599751,
                55.4653346
              ],
              [
                37.465322199999996,
                55.46483289999999
              ],
              [
                37.4700953,
                55.46227290000001
              ],
              [
                37.4740837,
                55.461277
              ],
              [
                37.4748921,
                55.46113149999999
              ],
              [
                37.47675159999999,
                55.46170109999999
              ],
              [
                37.477327499999994,
                55.4616609
              ],
              [
                37.4777224,
                55.461461899999996
              ],
              [
                37.4780473,
                55.4606287
              ],
              [
                37.4785521,
                55.4605196
              ],
              [
                37.4792143,
                55.460663
              ],
              [
                37.4792658,
                55.4604246
              ],
              [
                37.47988380000001,
                55.45984549999999
              ],
              [
                37.480990999999996,
                55.45937339999999
              ],
              [
                37.4842097,
                55.4583028
              ],
              [
                37.48482769999999,
                55.45826869999999
              ],
              [
                37.486235300000004,
                55.4589306
              ],
              [
                37.48734249999999,
                55.45968
              ],
              [
                37.489522599999994,
                55.46083339999999
              ],
              [
                37.4899346,
                55.4608869
              ],
              [
                37.4934279,
                55.460263999999995
              ],
              [
                37.4953505,
                55.459762700000006
              ],
              [
                37.4967152,
                55.459139799999996
              ],
              [
                37.49688689999999,
                55.45877
              ],
              [
                37.4967667,
                55.458502300000006
              ],
              [
                37.4962517,
                55.4580984
              ],
              [
                37.4940716,
                55.45712499999999
              ],
              [
                37.49252669999999,
                55.456594499999994
              ],
              [
                37.492149,
                55.4561663
              ],
              [
                37.4923293,
                55.4556893
              ],
              [
                37.4951617,
                55.4534602
              ],
              [
                37.4961659,
                55.45236009999999
              ],
              [
                37.4969727,
                55.451732199999995
              ],
              [
                37.4985177,
                55.4508902
              ],
              [
                37.498655,
                55.4506468
              ],
              [
                37.4985348,
                55.450038299999996
              ],
              [
                37.4981572,
                55.44980949999999
              ],
              [
                37.495462100000005,
                55.4490745
              ],
              [
                37.4900805,
                55.4482811
              ],
              [
                37.4875828,
                55.4480669
              ],
              [
                37.4864241,
                55.44782829999998
              ],
              [
                37.4858147,
                55.44724909999999
              ],
              [
                37.485771799999995,
                55.446898600000004
              ],
              [
                37.4861087,
                55.4462039
              ],
              [
                37.487208800000005,
                55.446569000000004
              ],
              [
                37.4889655,
                55.445072
              ],
              [
                37.489942,
                55.44447219999999
              ],
              [
                37.4910536,
                55.4440405
              ],
              [
                37.49379009999999,
                55.4433336
              ],
              [
                37.4955284,
                55.44305450000001
              ],
              [
                37.495379199999995,
                55.4422722
              ],
              [
                37.4976593,
                55.4419864
              ],
              [
                37.4994875,
                55.44137289999999
              ],
              [
                37.50091019999999,
                55.440195199999984
              ],
              [
                37.5011646,
                55.43945
              ],
              [
                37.5022461,
                55.4383835
              ],
              [
                37.5030414,
                55.437885999999985
              ],
              [
                37.5045719,
                55.43773370000001
              ],
              [
                37.5073874,
                55.4366877
              ],
              [
                37.5085424,
                55.4363932
              ],
              [
                37.5100567,
                55.4361862
              ],
              [
                37.51348130000001,
                55.43592329999999
              ],
              [
                37.5184853,
                55.43597199999999
              ],
              [
                37.5293944,
                55.4358453
              ],
              [
                37.5352652,
                55.436278699999995
              ],
              [
                37.53839159999999,
                55.43748569999998
              ],
              [
                37.5366355,
                55.439224700000004
              ],
              [
                37.53580689999999,
                55.439248500000005
              ],
              [
                37.5357037,
                55.43980809999999
              ],
              [
                37.536669499999995,
                55.4399235
              ],
              [
                37.5358398,
                55.4419153
              ],
              [
                37.53596739999999,
                55.44225459999999
              ],
              [
                37.5347712,
                55.444950899999995
              ],
              [
                37.5337012,
                55.445793
              ],
              [
                37.5322915,
                55.446401599999994
              ],
              [
                37.5315207,
                55.4469073
              ],
              [
                37.531421900000005,
                55.447899599999985
              ],
              [
                37.5316384,
                55.44818999999999
              ],
              [
                37.531793,
                55.449619199999994
              ],
              [
                37.5316812,
                55.4503187
              ],
              [
                37.5319498,
                55.45096490000001
              ],
              [
                37.5316084,
                55.45100570000001
              ],
              [
                37.5318412,
                55.45159060000001
              ],
              [
                37.53160549999999,
                55.451749799999995
              ],
              [
                37.532763900000006,
                55.4536847
              ],
              [
                37.5344313,
                55.453420099999995
              ],
              [
                37.5366617,
                55.4533485
              ],
              [
                37.53687759999999,
                55.4534607
              ],
              [
                37.53681869999999,
                55.45477609999999
              ],
              [
                37.5392121,
                55.45549320000001
              ],
              [
                37.5397451,
                55.45553879999999
              ],
              [
                37.540127999999996,
                55.4557921
              ],
              [
                37.54255330000001,
                55.45672299999998
              ],
              [
                37.54431629999999,
                55.4578625
              ],
              [
                37.5467428,
                55.45713099999999
              ],
              [
                37.5480083,
                55.4568969
              ],
              [
                37.5478605,
                55.4598497
              ],
              [
                37.54753229999999,
                55.459833999999994
              ],
              [
                37.5474715,
                55.4596722
              ],
              [
                37.5471216,
                55.459761199999996
              ],
              [
                37.5459199,
                55.4597185
              ],
              [
                37.547579199999994,
                55.46167889999999
              ],
              [
                37.547357899999994,
                55.46206959999999
              ],
              [
                37.5470641,
                55.46211679999998
              ],
              [
                37.546862,
                55.46173249999998
              ],
              [
                37.5459091,
                55.461565799999995
              ],
              [
                37.5466821,
                55.46316409999999
              ],
              [
                37.547093499999995,
                55.4645853
              ],
              [
                37.5456016,
                55.4648502
              ],
              [
                37.5447501,
                55.4726458
              ],
              [
                37.5554109,
                55.47298589999999
              ],
              [
                37.5553965,
                55.4731342
              ],
              [
                37.56084479999999,
                55.47338709999999
              ],
              [
                37.5608064,
                55.4742513
              ],
              [
                37.561028699999994,
                55.4744746
              ],
              [
                37.56146360000001,
                55.4744623
              ],
              [
                37.56154279999999,
                55.474795099999994
              ],
              [
                37.56176039999999,
                55.47479039999999
              ],
              [
                37.5623904,
                55.47801979999999
              ],
              [
                37.5629741,
                55.4793015
              ],
              [
                37.5627617,
                55.4799323
              ],
              [
                37.56305139999999,
                55.4801466
              ],
              [
                37.56317169999999,
                55.4806151
              ],
              [
                37.5630507,
                55.4806843
              ],
              [
                37.5631946,
                55.4806757
              ],
              [
                37.563456699999996,
                55.4815016
              ],
              [
                37.56410859999999,
                55.482498099999994
              ],
              [
                37.5649155,
                55.484731999999994
              ],
              [
                37.5654849,
                55.48741799999998
              ],
              [
                37.56629430000001,
                55.4876207
              ],
              [
                37.56745509999999,
                55.4876619
              ],
              [
                37.578667,
                55.48669229999999
              ],
              [
                37.5777803,
                55.4837651
              ],
              [
                37.5798005,
                55.483678399999995
              ],
              [
                37.5811998,
                55.48459609999999
              ],
              [
                37.5813689,
                55.4849633
              ],
              [
                37.58198399999999,
                55.48538039999999
              ],
              [
                37.582171499999994,
                55.4853441
              ],
              [
                37.5834559,
                55.486291399999985
              ],
              [
                37.58702749999999,
                55.48672169999999
              ],
              [
                37.58700329999999,
                55.48686769999999
              ],
              [
                37.5854915,
                55.487251300000004
              ],
              [
                37.5840105,
                55.487460199999994
              ],
              [
                37.5837123,
                55.48767479999999
              ],
              [
                37.5859645,
                55.489054
              ],
              [
                37.5832057,
                55.49063840000001
              ],
              [
                37.5845028,
                55.491195499999996
              ],
              [
                37.58189130000001,
                55.4920181
              ],
              [
                37.583356699999996,
                55.4935768
              ],
              [
                37.5950843,
                55.4887276
              ],
              [
                37.5969087,
                55.489331799999995
              ],
              [
                37.5997177,
                55.4890511
              ],
              [
                37.600389,
                55.488858
              ],
              [
                37.6012343,
                55.4892467
              ],
              [
                37.601931,
                55.489283199999996
              ],
              [
                37.6035763,
                55.49048319999999
              ],
              [
                37.6035226,
                55.49140059999999
              ],
              [
                37.603949899999996,
                55.49135029999999
              ],
              [
                37.6046793,
                55.4916699
              ],
              [
                37.6058837,
                55.49078260000001
              ],
              [
                37.6061365,
                55.488876499999996
              ],
              [
                37.6064915,
                55.48829859999999
              ],
              [
                37.6113541,
                55.48963509999999
              ],
              [
                37.6110248,
                55.4914069
              ],
              [
                37.60961669999999,
                55.49113359999999
              ],
              [
                37.6073946,
                55.49181539999999
              ],
              [
                37.6079282,
                55.4927869
              ],
              [
                37.61041699999999,
                55.4932414
              ],
              [
                37.60968389999999,
                55.4963167
              ],
              [
                37.6091037,
                55.500876999999996
              ],
              [
                37.606402599999996,
                55.50149629999999
              ],
              [
                37.60567309999999,
                55.50187099999999
              ],
              [
                37.60569339999999,
                55.50235109999999
              ],
              [
                37.6089293,
                55.50240749999999
              ],
              [
                37.6080963,
                55.509844
              ],
              [
                37.6021162,
                55.5104561
              ],
              [
                37.604767900000006,
                55.5125038
              ],
              [
                37.603814,
                55.5130378
              ],
              [
                37.6008921,
                55.51092469999998
              ],
              [
                37.5992684,
                55.512633599999994
              ],
              [
                37.5980226,
                55.5147069
              ],
              [
                37.5918282,
                55.51249330000001
              ],
              [
                37.589715,
                55.514009699999995
              ],
              [
                37.58869839999999,
                55.51552929999999
              ],
              [
                37.5858048,
                55.517129399999995
              ],
              [
                37.585523099999996,
                55.51799729999999
              ],
              [
                37.5784455,
                55.5216802
              ],
              [
                37.5771272,
                55.5172033
              ],
              [
                37.5676921,
                55.516683999999984
              ],
              [
                37.56617889999999,
                55.517080599999986
              ],
              [
                37.56687509999999,
                55.5202911
              ],
              [
                37.5653604,
                55.52043669999999
              ],
              [
                37.5647788,
                55.51841099999999
              ],
              [
                37.564099199999994,
                55.51849479999999
              ],
              [
                37.56480109999999,
                55.52060680000001
              ],
              [
                37.564958,
                55.52201459999999
              ],
              [
                37.564203,
                55.5240451
              ],
              [
                37.5633054,
                55.52531179999999
              ],
              [
                37.56232409999999,
                55.52627700000001
              ],
              [
                37.560847599999995,
                55.5273329
              ],
              [
                37.55937999999999,
                55.52814209999999
              ],
              [
                37.556465599999996,
                55.529186499999994
              ],
              [
                37.5524825,
                55.529955199999996
              ],
              [
                37.54927059999999,
                55.5300782
              ],
              [
                37.5471561,
                55.529945799999986
              ],
              [
                37.5456205,
                55.52976659999999
              ],
              [
                37.54365800000001,
                55.5293622
              ],
              [
                37.54029609999999,
                55.52816839999999
              ],
              [
                37.539096199999996,
                55.5276121
              ],
              [
                37.537966999999995,
                55.52693849999999
              ],
              [
                37.5360308,
                55.52532149999999
              ],
              [
                37.5353177,
                55.524400699999994
              ],
              [
                37.53454399999999,
                55.522819099999985
              ],
              [
                37.53436239999999,
                55.5218509
              ],
              [
                37.534419,
                55.520075299999995
              ],
              [
                37.5351234,
                55.5179618
              ],
              [
                37.5326508,
                55.518760199999996
              ],
              [
                37.5295791,
                55.520545199999994
              ],
              [
                37.5274982,
                55.5211929
              ],
              [
                37.52280989999999,
                55.521634199999994
              ],
              [
                37.5201236,
                55.52248439999999
              ],
              [
                37.5202854,
                55.52288919999999
              ],
              [
                37.5202022,
                55.5238681
              ],
              [
                37.5194014,
                55.524994
              ],
              [
                37.519368699999994,
                55.525496699999984
              ],
              [
                37.515880499999994,
                55.5259069
              ],
              [
                37.5143092,
                55.5262546
              ],
              [
                37.513555,
                55.526208499999996
              ],
              [
                37.5134767,
                55.5263558
              ],
              [
                37.5132556,
                55.5263957
              ],
              [
                37.5130957,
                55.52631530000001
              ],
              [
                37.5126784,
                55.52640149999999
              ],
              [
                37.51236039999999,
                55.5263246
              ],
              [
                37.511103799999994,
                55.52650659999998
              ],
              [
                37.5104543,
                55.5264815
              ],
              [
                37.5102671,
                55.52662980000001
              ],
              [
                37.509921399999996,
                55.5266562
              ],
              [
                37.5101081,
                55.52681439999999
              ],
              [
                37.510028,
                55.52689569999999
              ],
              [
                37.5097617,
                55.5269356
              ],
              [
                37.5094146,
                55.526754299999986
              ],
              [
                37.50894399999999,
                55.526917399999995
              ],
              [
                37.508564,
                55.52683419999999
              ],
              [
                37.50841119999999,
                55.52704399999999
              ],
              [
                37.5082003,
                55.527086700000005
              ],
              [
                37.507932499999995,
                55.526883199999986
              ],
              [
                37.5075787,
                55.5269243
              ],
              [
                37.5073969,
                55.5271102
              ],
              [
                37.5072615,
                55.52696399999999
              ],
              [
                37.5069331,
                55.5271171
              ],
              [
                37.5067542,
                55.52694949999999
              ],
              [
                37.5056018,
                55.526750999999976
              ],
              [
                37.50449569999999,
                55.5264095
              ],
              [
                37.50448109999999,
                55.5267416
              ],
              [
                37.5041282,
                55.5268588
              ],
              [
                37.5037986,
                55.526721099999996
              ],
              [
                37.5036729,
                55.526892700000005
              ],
              [
                37.5034134,
                55.526854099999994
              ],
              [
                37.5033177,
                55.5269621
              ],
              [
                37.503069499999995,
                55.52694709999999
              ],
              [
                37.5028845,
                55.52673730000001
              ],
              [
                37.5025317,
                55.5266753
              ],
              [
                37.502579399999995,
                55.526913999999984
              ],
              [
                37.502223799999996,
                55.5270756
              ],
              [
                37.50229769999999,
                55.52760790000001
              ],
              [
                37.5019197,
                55.527684199999996
              ],
              [
                37.4991688,
                55.5267545
              ],
              [
                37.4986679,
                55.5267888
              ],
              [
                37.498358399999994,
                55.5269245
              ],
              [
                37.4981774,
                55.5268285
              ],
              [
                37.49790469999999,
                55.5269294
              ],
              [
                37.4977189,
                55.5267656
              ],
              [
                37.497521299999995,
                55.52682839999999
              ],
              [
                37.49731169999999,
                55.527308899999994
              ],
              [
                37.4967591,
                55.5271994
              ],
              [
                37.4962723,
                55.527389599999985
              ],
              [
                37.4950696,
                55.52760339999999
              ],
              [
                37.49480299999999,
                55.527532099999995
              ],
              [
                37.494379,
                55.52813729999999
              ],
              [
                37.49409159999999,
                55.5281068
              ],
              [
                37.49389669999999,
                55.528243599999996
              ],
              [
                37.49401799999999,
                55.5284414
              ],
              [
                37.49350869999999,
                55.5286535
              ],
              [
                37.4930923,
                55.528561
              ],
              [
                37.49294870000001,
                55.528689199999995
              ],
              [
                37.49261309999999,
                55.528689199999995
              ],
              [
                37.49226709999999,
                55.5291595
              ],
              [
                37.4917788,
                55.5289921
              ],
              [
                37.4908562,
                55.52917889999999
              ],
              [
                37.49073039999999,
                55.52931299999999
              ],
              [
                37.4902945,
                55.5293308
              ],
              [
                37.4899095,
                55.5296032
              ],
              [
                37.4893942,
                55.52964909999999
              ],
              [
                37.4894998,
                55.52995949999999
              ],
              [
                37.4893642,
                55.529997099999996
              ],
              [
                37.4882321,
                55.52945749999999
              ],
              [
                37.487688999999996,
                55.5296399
              ],
              [
                37.487219,
                55.5295843
              ],
              [
                37.48666529999999,
                55.529800699999996
              ],
              [
                37.4854807,
                55.5296237
              ],
              [
                37.48495,
                55.529169599999996
              ],
              [
                37.4831153,
                55.528604699999995
              ],
              [
                37.48316179999999,
                55.5282629
              ],
              [
                37.48279629999999,
                55.527814799999994
              ],
              [
                37.48293929999999,
                55.527158899999996
              ],
              [
                37.4824558,
                55.52697489999999
              ],
              [
                37.4820355,
                55.52698869999999
              ],
              [
                37.4814721,
                55.52664239999999
              ],
              [
                37.48017299999999,
                55.52620499999999
              ],
              [
                37.4792665,
                55.5263269
              ],
              [
                37.4789075,
                55.5265167
              ],
              [
                37.4785757,
                55.5264929
              ],
              [
                37.4782429,
                55.526180599999996
              ],
              [
                37.4779211,
                55.52612609999999
              ],
              [
                37.477389,
                55.52615629999999
              ],
              [
                37.4767803,
                55.526417
              ],
              [
                37.4763788,
                55.52642049999999
              ],
              [
                37.47627979999999,
                55.5265603
              ],
              [
                37.4741501,
                55.527348100000005
              ],
              [
                37.473602899999996,
                55.52788329999999
              ],
              [
                37.4728247,
                55.5281769
              ],
              [
                37.47230869999999,
                55.5288203
              ],
              [
                37.4712978,
                55.529021699999994
              ],
              [
                37.4709829,
                55.5288439
              ],
              [
                37.4709252,
                55.52937639999999
              ],
              [
                37.4712249,
                55.52933759999999
              ],
              [
                37.471282599999995,
                55.5295634
              ],
              [
                37.4708997,
                55.529604799999994
              ],
              [
                37.470700099999995,
                55.5318364
              ],
              [
                37.47018979999999,
                55.534052099999975
              ],
              [
                37.47261759999999,
                55.5345989
              ],
              [
                37.47268119999999,
                55.534910899999986
              ],
              [
                37.475708999999995,
                55.5353874
              ],
              [
                37.47551649999999,
                55.5372951
              ],
              [
                37.4861751,
                55.539792999999996
              ],
              [
                37.48746729999999,
                55.5399085
              ],
              [
                37.487480399999995,
                55.54009200000001
              ],
              [
                37.48774809999999,
                55.5400867
              ],
              [
                37.4878655,
                55.5397681
              ],
              [
                37.4887675,
                55.5396281
              ],
              [
                37.4910662,
                55.53953169999999
              ],
              [
                37.4934494,
                55.539645799999995
              ],
              [
                37.49467649999999,
                55.5400015
              ],
              [
                37.5077676,
                55.5429454
              ],
              [
                37.51111499999999,
                55.544985999999994
              ],
              [
                37.5144961,
                55.54850499999999
              ],
              [
                37.5181868,
                55.5503233
              ],
              [
                37.528579,
                55.554864699999996
              ],
              [
                37.52918809999999,
                55.55524549999999
              ],
              [
                37.5365076,
                55.55367209999999
              ],
              [
                37.544878,
                55.55202
              ],
              [
                37.5488225,
                55.552625899999995
              ],
              [
                37.5494658,
                55.554131399999996
              ],
              [
                37.5521474,
                55.55486899999998
              ],
              [
                37.552968699999994,
                55.5562265
              ],
              [
                37.5541992,
                55.5593015
              ],
              [
                37.554799,
                55.5614779
              ],
              [
                37.55201219999999,
                55.561846
              ],
              [
                37.5503542,
                55.56292869999999
              ],
              [
                37.55058739999999,
                55.56360349999999
              ],
              [
                37.5517352,
                55.56351829999999
              ],
              [
                37.5525068,
                55.5636521
              ],
              [
                37.55315749999999,
                55.56405969999999
              ],
              [
                37.5534487,
                55.5649232
              ],
              [
                37.5534945,
                55.567624499999994
              ],
              [
                37.550135,
                55.568316499999995
              ],
              [
                37.5478851,
                55.568923299999994
              ],
              [
                37.54887829999999,
                55.56993789999999
              ],
              [
                37.5475033,
                55.570399599999995
              ],
              [
                37.5469486,
                55.57044869999999
              ],
              [
                37.5461161,
                55.5699389
              ],
              [
                37.5445091,
                55.57022
              ],
              [
                37.54367899999999,
                55.57075269999999
              ],
              [
                37.54068629999999,
                55.57112729999999
              ],
              [
                37.54031989999999,
                55.5716706
              ],
              [
                37.5389077,
                55.5722054
              ],
              [
                37.5372358,
                55.5723867
              ],
              [
                37.536883499999995,
                55.5730962
              ],
              [
                37.5395423,
                55.573263
              ],
              [
                37.5395031,
                55.5744015
              ],
              [
                37.539947,
                55.576043199999994
              ],
              [
                37.5387246,
                55.5759206
              ],
              [
                37.53929639999999,
                55.576720299999984
              ],
              [
                37.53684619999999,
                55.577289
              ],
              [
                37.5386505,
                55.57955979999999
              ],
              [
                37.5410234,
                55.5792324
              ],
              [
                37.540787699999996,
                55.57905449999999
              ],
              [
                37.540912999999996,
                55.5788372
              ],
              [
                37.541901599999996,
                55.578553499999984
              ],
              [
                37.5429333,
                55.5784362
              ],
              [
                37.544251599999996,
                55.5785155
              ],
              [
                37.545742,
                55.57835730000001
              ],
              [
                37.5479303,
                55.578997
              ],
              [
                37.5511787,
                55.58032129999999
              ],
              [
                37.5506603,
                55.580649699999995
              ],
              [
                37.5504209,
                55.580659299999986
              ],
              [
                37.5499878,
                55.58126200000001
              ],
              [
                37.5496407,
                55.581415099999994
              ],
              [
                37.54955089999999,
                55.5820858
              ],
              [
                37.5489921,
                55.58246489999999
              ],
              [
                37.549105299999994,
                55.582513099999986
              ],
              [
                37.54949669999999,
                55.5822502
              ],
              [
                37.5491709,
                55.5829504
              ],
              [
                37.5488349,
                55.58299729999999
              ],
              [
                37.54870530000001,
                55.583248999999995
              ],
              [
                37.5483947,
                55.5832147
              ],
              [
                37.5479889,
                55.5833942
              ],
              [
                37.547274599999994,
                55.583894799999996
              ],
              [
                37.5462463,
                55.58411219999999
              ],
              [
                37.546139399999994,
                55.584584799999995
              ],
              [
                37.545911499999995,
                55.5848254
              ],
              [
                37.5454146,
                55.584939799999994
              ],
              [
                37.54575710000001,
                55.58540769999999
              ],
              [
                37.54567130000001,
                55.585582599999995
              ],
              [
                37.54726579999999,
                55.58666299999999
              ],
              [
                37.53042430000001,
                55.590695799999985
              ],
              [
                37.5301569,
                55.5906626
              ],
              [
                37.52907909999999,
                55.5895265
              ],
              [
                37.5288024,
                55.589470000000006
              ],
              [
                37.5279049,
                55.5896069
              ],
              [
                37.5277138,
                55.589546299999995
              ],
              [
                37.5272405,
                55.58966309999999
              ],
              [
                37.5274787,
                55.59003249999999
              ],
              [
                37.527412899999995,
                55.590362
              ],
              [
                37.526885,
                55.59113899999999
              ],
              [
                37.5262906,
                55.5916192
              ],
              [
                37.51808979999999,
                55.59364779999999
              ],
              [
                37.5118794,
                55.59559609999999
              ],
              [
                37.5065527,
                55.5982494
              ],
              [
                37.5021825,
                55.60160809999999
              ],
              [
                37.4940975,
                55.60857359999999
              ],
              [
                37.4930981,
                55.60863179999998
              ],
              [
                37.4927469,
                55.60877159999999
              ],
              [
                37.4917073,
                55.6097679
              ],
              [
                37.491178999999995,
                55.6101003
              ],
              [
                37.490946099999995,
                55.610174399999984
              ],
              [
                37.4898454,
                55.60961099999999
              ],
              [
                37.4887893,
                55.608164
              ],
              [
                37.487842,
                55.6083904
              ],
              [
                37.4887752,
                55.6098379
              ],
              [
                37.4891195,
                55.61072240000001
              ],
              [
                37.4890191,
                55.61244429999999
              ],
              [
                37.4888054,
                55.6130303
              ],
              [
                37.4888953,
                55.6132759
              ],
              [
                37.486207,
                55.61559439999999
              ],
              [
                37.481533000000006,
                55.61930809999999
              ],
              [
                37.467492099999994,
                55.63136159999999
              ],
              [
                37.466832999999994,
                55.6323657
              ],
              [
                37.4659737,
                55.63313899999999
              ],
              [
                37.4646666,
                55.633756999999996
              ],
              [
                37.4644825,
                55.63369579999999
              ],
              [
                37.46376789999999,
                55.63433069999999
              ],
              [
                37.4638722,
                55.63443349999999
              ],
              [
                37.462088699999995,
                55.635951899999995
              ],
              [
                37.462036299999994,
                55.6361223
              ],
              [
                37.4618966,
                55.6361154
              ],
              [
                37.4607823,
                55.63706379999999
              ],
              [
                37.460406799999994,
                55.63714329999999
              ],
              [
                37.45778119999999,
                55.63738239999999
              ],
              [
                37.4568828,
                55.6372406
              ],
              [
                37.4560027,
                55.636874999999996
              ],
              [
                37.4554342,
                55.6372228
              ],
              [
                37.448574099999995,
                55.634243599999984
              ],
              [
                37.446280099999996,
                55.63347939999999
              ],
              [
                37.441740100000004,
                55.6321821
              ],
              [
                37.418491599999996,
                55.626233600000006
              ],
              [
                37.3880903,
                55.61820119999999
              ],
              [
                37.37422899999999,
                55.61469629999999
              ],
              [
                37.3739831,
                55.6160562
              ],
              [
                37.37228890000001,
                55.620327
              ],
              [
                37.3709544,
                55.622777899999996
              ],
              [
                37.3686851,
                55.6248944
              ],
              [
                37.3656887,
                55.62670059999999
              ],
              [
                37.3638921,
                55.627932399999985
              ],
              [
                37.36179739999999,
                55.6290315
              ],
              [
                37.3598713,
                55.62972479999999
              ],
              [
                37.3561172,
                55.63057619999999
              ],
              [
                37.34378319999999,
                55.6324281
              ],
              [
                37.3425517,
                55.63316009999999
              ],
              [
                37.3421195,
                55.6337877
              ],
              [
                37.3388586,
                55.63539419999999
              ],
              [
                37.33854959999999,
                55.635487999999995
              ],
              [
                37.3360563,
                55.635179
              ],
              [
                37.33561580000001,
                55.6361084
              ],
              [
                37.33548420000001,
                55.6360955
              ],
              [
                37.334406200000004,
                55.63847989999999
              ],
              [
                37.3324398,
                55.63954769999999
              ],
              [
                37.3303472,
                55.639323899999994
              ],
              [
                37.3298184,
                55.6398738
              ],
              [
                37.3302905,
                55.64091529999998
              ],
              [
                37.3299897,
                55.6418396
              ],
              [
                37.3306524,
                55.64225029999999
              ],
              [
                37.3317032,
                55.64452699999999
              ],
              [
                37.33204719999999,
                55.64593779999999
              ],
              [
                37.3308994,
                55.64730549999999
              ],
              [
                37.3328449,
                55.648367699999994
              ],
              [
                37.3342189,
                55.64979339999998
              ],
              [
                37.3350044,
                55.6509183
              ],
              [
                37.3360925,
                55.651878499999995
              ],
              [
                37.33786,
                55.652824
              ],
              [
                37.3405144,
                55.6535229
              ],
              [
                37.3430571,
                55.65405779999999
              ],
              [
                37.3428291,
                55.6541916
              ],
              [
                37.3425024,
                55.6548082
              ],
              [
                37.3421265,
                55.655026799999995
              ],
              [
                37.3423664,
                55.655497
              ],
              [
                37.34152890000001,
                55.65606619999999
              ],
              [
                37.341346,
                55.65651609999999
              ],
              [
                37.341427499999995,
                55.65691499999999
              ],
              [
                37.34101919999999,
                55.65713499999999
              ],
              [
                37.335242199999996,
                55.65853719999999
              ],
              [
                37.333265,
                55.65910869999999
              ],
              [
                37.3320097,
                55.6596748
              ],
              [
                37.33386579999999,
                55.6605415
              ],
              [
                37.3368822,
                55.6615442
              ],
              [
                37.3375276,
                55.6625356
              ],
              [
                37.3371845,
                55.66303159999999
              ],
              [
                37.336498399999996,
                55.66297019999999
              ],
              [
                37.3344735,
                55.66353729999999
              ],
              [
                37.3333147,
                55.6635556
              ],
              [
                37.3324139,
                55.6638019
              ],
              [
                37.3314387,
                55.663877
              ],
              [
                37.3304603,
                55.6638836
              ],
              [
                37.3304952,
                55.66356679999999
              ],
              [
                37.3285973,
                55.66317719999999
              ],
              [
                37.32756229999999,
                55.66322459999999
              ],
              [
                37.3266408,
                55.663423599999994
              ],
              [
                37.326485,
                55.6636292
              ],
              [
                37.3260423,
                55.663822599999996
              ],
              [
                37.325971499999994,
                55.66424999999999
              ],
              [
                37.3254413,
                55.66444729999999
              ],
              [
                37.3247619,
                55.664308299999995
              ],
              [
                37.32116779999999,
                55.66403050000001
              ],
              [
                37.319522500000005,
                55.664280999999995
              ],
              [
                37.3190609,
                55.662795300000006
              ],
              [
                37.3191526,
                55.6616033
              ],
              [
                37.3208897,
                55.661034099999995
              ],
              [
                37.3240457,
                55.6610045
              ],
              [
                37.32290809999999,
                55.6508895
              ],
              [
                37.322064299999994,
                55.6511066
              ],
              [
                37.311537599999994,
                55.6511939
              ],
              [
                37.3115233,
                55.6500832
              ],
              [
                37.3119019,
                55.650076399999996
              ],
              [
                37.311894,
                55.649913899999994
              ],
              [
                37.312791299999994,
                55.64983449999999
              ],
              [
                37.3121033,
                55.64726089999999
              ],
              [
                37.3112033,
                55.64657199999999
              ],
              [
                37.3056825,
                55.646306599999996
              ],
              [
                37.290269599999995,
                55.6484902
              ],
              [
                37.29015939999999,
                55.651941599999994
              ],
              [
                37.2915608,
                55.65188169999998
              ],
              [
                37.2926244,
                55.6520749
              ],
              [
                37.2925284,
                55.653694399999985
              ],
              [
                37.2929212,
                55.654081399999995
              ],
              [
                37.29265099999999,
                55.6547243
              ],
              [
                37.2921022,
                55.6545607
              ],
              [
                37.290921,
                55.655349
              ],
              [
                37.28858590000001,
                55.6548888
              ],
              [
                37.2895877,
                55.6519478
              ],
              [
                37.2900957,
                55.651944
              ],
              [
                37.290214299999995,
                55.64849439999999
              ],
              [
                37.2828129,
                55.649536699999985
              ],
              [
                37.2773891,
                55.6494345
              ],
              [
                37.277358299999996,
                55.64966099999999
              ],
              [
                37.275386299999994,
                55.64960369999999
              ],
              [
                37.2753777,
                55.6501223
              ],
              [
                37.27141369999999,
                55.650524999999995
              ],
              [
                37.2714907,
                55.65150649999998
              ],
              [
                37.267360599999996,
                55.6506812
              ],
              [
                37.26719299999999,
                55.65037259999999
              ],
              [
                37.2661825,
                55.65037229999999
              ],
              [
                37.2656877,
                55.649488899999994
              ],
              [
                37.26476679999999,
                55.64981419999999
              ],
              [
                37.2633531,
                55.65004259999999
              ],
              [
                37.2621013,
                55.6500668
              ],
              [
                37.2616017,
                55.649536699999985
              ],
              [
                37.2604773,
                55.64962229999999
              ],
              [
                37.2573516,
                55.64929819999999
              ],
              [
                37.254534199999995,
                55.648482
              ],
              [
                37.2532734,
                55.647991399999995
              ],
              [
                37.2497974,
                55.64606959999999
              ],
              [
                37.2496629,
                55.64617779999999
              ],
              [
                37.2488942,
                55.64563659999999
              ],
              [
                37.248372999999994,
                55.64563029999999
              ],
              [
                37.2408203,
                55.64373049999999
              ],
              [
                37.2412642,
                55.64315359999999
              ],
              [
                37.24155499999999,
                55.64322449999998
              ],
              [
                37.240614699999995,
                55.64186349999999
              ],
              [
                37.2388452,
                55.64208949999999
              ],
              [
                37.2371924,
                55.6401731
              ],
              [
                37.235135299999996,
                55.6387035
              ],
              [
                37.235969299999994,
                55.63779319999999
              ],
              [
                37.235090099999994,
                55.637360599999994
              ],
              [
                37.23567539999999,
                55.6371109
              ],
              [
                37.2363575,
                55.6359836
              ],
              [
                37.2385718,
                55.6356409
              ],
              [
                37.23938969999999,
                55.63532579999999
              ],
              [
                37.2400519,
                55.634195299999995
              ],
              [
                37.240717,
                55.6341997
              ],
              [
                37.2408375,
                55.633838399999995
              ],
              [
                37.2418517,
                55.63380739999999
              ],
              [
                37.243271,
                55.6340362
              ],
              [
                37.2438889,
                55.6335642
              ],
              [
                37.2420101,
                55.63283969999999
              ],
              [
                37.2401098,
                55.632526899999995
              ],
              [
                37.2384595,
                55.63104260000001
              ],
              [
                37.2363241,
                55.6295585
              ],
              [
                37.2350611,
                55.6289021
              ],
              [
                37.23535509999999,
                55.6287227
              ],
              [
                37.235248799999994,
                55.6286774
              ],
              [
                37.23762309999999,
                55.627472499999996
              ],
              [
                37.2374386,
                55.626491
              ],
              [
                37.235782699999994,
                55.6248652
              ],
              [
                37.2344001,
                55.6253
              ],
              [
                37.23306289999999,
                55.625029
              ],
              [
                37.2320197,
                55.6254034
              ],
              [
                37.23063909999999,
                55.6248585
              ],
              [
                37.2292053,
                55.6245168
              ],
              [
                37.2286086,
                55.623783599999996
              ],
              [
                37.2256346,
                55.623230199999995
              ],
              [
                37.2263374,
                55.62265319999999
              ],
              [
                37.2293493,
                55.6213634
              ],
              [
                37.2290128,
                55.6202011
              ],
              [
                37.22730769999999,
                55.61964059999999
              ],
              [
                37.22479069999999,
                55.6215142
              ],
              [
                37.22219989999999,
                55.62048839999999
              ],
              [
                37.2201903,
                55.6215801
              ],
              [
                37.21953679999999,
                55.6213835
              ],
              [
                37.2179988,
                55.6220527
              ],
              [
                37.217714599999994,
                55.622432599999996
              ],
              [
                37.21667179999999,
                55.62194929999999
              ],
              [
                37.2145561,
                55.622759099999996
              ],
              [
                37.2115913,
                55.6201535
              ],
              [
                37.2112733,
                55.62010529999999
              ],
              [
                37.2096504,
                55.6210009
              ],
              [
                37.2098634,
                55.62122699999999
              ],
              [
                37.2073408,
                55.62253659999998
              ],
              [
                37.2068403,
                55.622902
              ],
              [
                37.202892,
                55.6221276
              ],
              [
                37.1957687,
                55.620984699999994
              ],
              [
                37.19184899999999,
                55.6204084
              ],
              [
                37.1886489,
                55.62017329999998
              ],
              [
                37.1870806,
                55.6193581
              ],
              [
                37.1854743,
                55.61878469999999
              ],
              [
                37.18677029999999,
                55.61272639999999
              ],
              [
                37.1845189,
                55.6124445
              ],
              [
                37.184397399999995,
                55.612650300000006
              ],
              [
                37.18224669999999,
                55.61289809999999
              ],
              [
                37.1821212,
                55.612281899999985
              ],
              [
                37.1814276,
                55.6109121
              ],
              [
                37.18014999999999,
                55.6096255
              ],
              [
                37.179611699999995,
                55.609711199999985
              ],
              [
                37.1773901,
                55.607262399999996
              ],
              [
                37.1747171,
                55.6065102
              ],
              [
                37.172042899999994,
                55.6052282
              ],
              [
                37.163895399999994,
                55.6055263
              ],
              [
                37.1601568,
                55.60424429999999
              ],
              [
                37.1582839,
                55.6041214
              ],
              [
                37.1517971,
                55.60422340000001
              ],
              [
                37.147166,
                55.60575279999999
              ],
              [
                37.14716549999999,
                55.60721949999999
              ],
              [
                37.14611729999999,
                55.60937959999999
              ],
              [
                37.14517099999999,
                55.609142399999996
              ],
              [
                37.1457541,
                55.608291599999994
              ],
              [
                37.1452742,
                55.608348199999995
              ],
              [
                37.14512899999999,
                55.6086331
              ],
              [
                37.1446717,
                55.608692399999995
              ],
              [
                37.1442405,
                55.6091571
              ],
              [
                37.1434963,
                55.60866759999999
              ],
              [
                37.142486399999996,
                55.6091606
              ],
              [
                37.141704,
                55.60899589999999
              ],
              [
                37.14018999999999,
                55.6084575
              ],
              [
                37.14033419999999,
                55.608109199999994
              ],
              [
                37.1326594,
                55.6055784
              ],
              [
                37.13402740000001,
                55.60404669999999
              ],
              [
                37.1331439,
                55.60335979999999
              ],
              [
                37.13452329999999,
                55.6021888
              ],
              [
                37.1347813,
                55.60131659999999
              ],
              [
                37.1344216,
                55.6006573
              ],
              [
                37.132427,
                55.59918549999999
              ],
              [
                37.1304496,
                55.5988994
              ],
              [
                37.127159,
                55.59878679999999
              ],
              [
                37.1239601,
                55.5989605
              ],
              [
                37.1232855,
                55.5993671
              ],
              [
                37.11969659999999,
                55.6007624
              ],
              [
                37.11860709999999,
                55.6017141
              ],
              [
                37.11829579999999,
                55.603367299999995
              ],
              [
                37.11774719999999,
                55.60445039999999
              ],
              [
                37.1167824,
                55.6056143
              ],
              [
                37.1164617,
                55.6056356
              ],
              [
                37.1090685,
                55.6037287
              ],
              [
                37.1081393,
                55.603761299999995
              ],
              [
                37.1054312,
                55.60308729999999
              ],
              [
                37.1022096,
                55.602486699999986
              ],
              [
                37.10175100000001,
                55.60224649999999
              ],
              [
                37.0987272,
                55.6012905
              ],
              [
                37.095726899999995,
                55.60011389999999
              ],
              [
                37.09914049999999,
                55.596129099999985
              ],
              [
                37.09199499999999,
                55.596183499999995
              ],
              [
                37.0917868,
                55.5960301
              ],
              [
                37.09488559999999,
                55.5926553
              ],
              [
                37.0948648,
                55.59250639999999
              ],
              [
                37.0872002,
                55.59048469999999
              ]
            ]
          ]
        ]
      }
    },
    {
      "type": "Feature",
      "properties": {
        "id": 2263059,
        "level": "okrug",
        "name_ru": "Троицкий административный округ",
        "parent_id": null,
        "bbox": [
          36.8031012,
          55.1421745,
          37.4705403,
          55.5617234
        ]
      },
      "geometry": {
        "type": "MultiPolygon",
        "coordinates": [
          [
            [
              [
                36.9018307,
                55.315397
              ],
              [
                36.9007522,
                55.3148568
              ],
              [
                36.9012804,
                55.3139611
              ],
              [
                36.903505,
                55.31249309999999
              ],
              [
                36.9051668,
                55.31169429999999
              ],
              [
                36.9071485,
                55.311114399999994
              ],
              [
                36.907691699999994,
                55.3112522
              ],
              [
                36.9078893,
                55.311714299999984
              ],
              [
                36.9110651,
                55.313570399999996
              ],
              [
                36.9120709,
                55.3167452
              ],
              [
                36.9136466,
                55.31700909999999
              ],
              [
                36.9176683,
                55.31636249999999
              ],
              [
                36.9192996,
                55.31865599999998
              ],
              [
                36.9195558,
                55.31873289999999
              ],
              [
                36.92280579999999,
                55.3239412
              ],
              [
                36.92240559999999,
                55.324754399999996
              ],
              [
                36.91604319999999,
                55.3254868
              ],
              [
                36.9137544,
                55.32589540000001
              ],
              [
                36.9138401,
                55.326591699999994
              ],
              [
                36.9158469,
                55.33032560000001
              ],
              [
                36.910332,
                55.331302799999996
              ],
              [
                36.90967259999999,
                55.329798499999995
              ],
              [
                36.9084432,
                55.329893399999996
              ],
              [
                36.90872099999999,
                55.3277717
              ],
              [
                36.9091167,
                55.32684
              ],
              [
                36.9101209,
                55.326170399999995
              ],
              [
                36.909605899999995,
                55.322215
              ],
              [
                36.909091000000004,
                55.3199197
              ],
              [
                36.90617279999999,
                55.3167452
              ],
              [
                36.9039411,
                55.317233599999994
              ],
              [
                36.90325459999999,
                55.31611029999999
              ],
              [
                36.9018307,
                55.315397
              ]
            ]
          ],
          [
            [
              [
                36.8045117,
                55.46550799999999
              ],
              [
                36.8035692,
                55.4516224
              ],
              [
                36.8031012,
                55.44083289999999
              ],
              [
                36.81136039999999,
                55.436298999999984
              ],
              [
                36.812585,
                55.4351069
              ],
              [
                36.81641139999999,
                55.429922999999995
              ],
              [
                36.8167848,
                55.429925999999995
              ],
              [
                36.8191279,
                55.42676399999999
              ],
              [
                36.8219237,
                55.4292788
              ],
              [
                36.8242994,
                55.428575099999996
              ],
              [
                36.8247808,
                55.4290285
              ],
              [
                36.8282363,
                55.428642599999996
              ],
              [
                36.8277826,
                55.428050999999996
              ],
              [
                36.8267325,
                55.428241699999994
              ],
              [
                36.8265865,
                55.42807779999999
              ],
              [
                36.8260484,
                55.428161599999996
              ],
              [
                36.8226024,
                55.4248663
              ],
              [
                36.8211988,
                55.42522890000001
              ],
              [
                36.8216071,
                55.424724399999995
              ],
              [
                36.8230683,
                55.4236753
              ],
              [
                36.82455089999999,
                55.423336799999994
              ],
              [
                36.8242945,
                55.42264639999999
              ],
              [
                36.8248774,
                55.4220134
              ],
              [
                36.82581449999999,
                55.4214344
              ],
              [
                36.8265397,
                55.42143119999999
              ],
              [
                36.8420879,
                55.418699399999994
              ],
              [
                36.84039099999999,
                55.4175758
              ],
              [
                36.8342961,
                55.41398680000001
              ],
              [
                36.86187449999999,
                55.4010347
              ],
              [
                36.8482657,
                55.392081699999984
              ],
              [
                36.8628646,
                55.3848405
              ],
              [
                36.85578809999999,
                55.3805025
              ],
              [
                36.8721601,
                55.372490799999994
              ],
              [
                36.9016328,
                55.3583115
              ],
              [
                36.90408469999999,
                55.35700659999999
              ],
              [
                36.9031535,
                55.3564134
              ],
              [
                36.9029439,
                55.355696599999995
              ],
              [
                36.9047299,
                55.35507789999999
              ],
              [
                36.9069832,
                55.35476489999999
              ],
              [
                36.91559029999999,
                55.354082899999995
              ],
              [
                36.9151419,
                55.35262579999999
              ],
              [
                36.9161441,
                55.352539799999995
              ],
              [
                36.9156603,
                55.351700599999994
              ],
              [
                36.9162405,
                55.350796499999994
              ],
              [
                36.936134,
                55.34125689999998
              ],
              [
                36.935775099999994,
                55.34115989999998
              ],
              [
                36.9361926,
                55.3388126
              ],
              [
                36.93688759999999,
                55.336592399999994
              ],
              [
                36.9391706,
                55.336622199999994
              ],
              [
                36.9402706,
                55.334271099999995
              ],
              [
                36.9406172,
                55.334264499999996
              ],
              [
                36.9422175,
                55.33257069999999
              ],
              [
                36.94423249999999,
                55.331599999999995
              ],
              [
                36.94662919999999,
                55.33066989999999
              ],
              [
                36.94472999999999,
                55.3293694
              ],
              [
                36.9604066,
                55.3219045
              ],
              [
                36.96368269999999,
                55.3240984
              ],
              [
                36.9776942,
                55.31864509999998
              ],
              [
                36.9864415,
                55.31558879999999
              ],
              [
                36.9865387,
                55.31464569999999
              ],
              [
                36.9878511,
                55.30917649999999
              ],
              [
                36.9883868,
                55.3083172
              ],
              [
                36.9876061,
                55.3073272
              ],
              [
                36.9846594,
                55.301824999999994
              ],
              [
                36.985526,
                55.3017262
              ],
              [
                36.98736629999999,
                55.29995699999999
              ],
              [
                36.9855246,
                55.297949799999984
              ],
              [
                36.98381189999999,
                55.296971
              ],
              [
                36.992308,
                55.2926546
              ],
              [
                36.9927361,
                55.2927428
              ],
              [
                36.9933511,
                55.2910392
              ],
              [
                36.9977408,
                55.2915579
              ],
              [
                36.9983397,
                55.29027899999999
              ],
              [
                37.0025673,
                55.289009299999975
              ],
              [
                37.01266269999999,
                55.2898928
              ],
              [
                37.0216065,
                55.2887924
              ],
              [
                37.0218844,
                55.28815569999999
              ],
              [
                37.0215589,
                55.28764329999999
              ],
              [
                37.02140899999999,
                55.284429300000006
              ],
              [
                37.0259868,
                55.284374599999985
              ],
              [
                37.0260365,
                55.283020699999994
              ],
              [
                37.02125929999999,
                55.2819784
              ],
              [
                37.019993299999996,
                55.2818811
              ],
              [
                36.9996293,
                55.2778935
              ],
              [
                36.990037699999995,
                55.27613879999999
              ],
              [
                36.9867967,
                55.2763316
              ],
              [
                36.9834123,
                55.2681383
              ],
              [
                36.9804835,
                55.2690665
              ],
              [
                36.97506719999999,
                55.266207499999986
              ],
              [
                36.9693269,
                55.267212699999995
              ],
              [
                36.96780019999999,
                55.267193799999994
              ],
              [
                36.9662549,
                55.266331099999995
              ],
              [
                36.9627016,
                55.2673922
              ],
              [
                36.9619392,
                55.26735359999999
              ],
              [
                36.96150349999999,
                55.266766399999995
              ],
              [
                36.9569738,
                55.265400899999996
              ],
              [
                36.9525171,
                55.26483549999999
              ],
              [
                36.957102299999995,
                55.260762499999984
              ],
              [
                36.9536543,
                55.2590903
              ],
              [
                36.9505631,
                55.2589776
              ],
              [
                36.9490731,
                55.2572346
              ],
              [
                36.949009499999995,
                55.2545833
              ],
              [
                36.9478258,
                55.2527428
              ],
              [
                36.9477649,
                55.24970619999999
              ],
              [
                36.9526161,
                55.24927269999999
              ],
              [
                36.95143229999999,
                55.24565090000001
              ],
              [
                36.9437829,
                55.24751009999999
              ],
              [
                36.9427793,
                55.2474012
              ],
              [
                36.9427622,
                55.2472144
              ],
              [
                36.9432494,
                55.2471122
              ],
              [
                36.943415699999996,
                55.2469714
              ],
              [
                36.9434555,
                55.2458942
              ],
              [
                36.943706600000006,
                55.24566690000001
              ],
              [
                36.94289139999999,
                55.24526319999999
              ],
              [
                36.9434425,
                55.24491559999999
              ],
              [
                36.9433328,
                55.2447825
              ],
              [
                36.94175419999999,
                55.244338199999994
              ],
              [
                36.9417553,
                55.2440898
              ],
              [
                36.9415947,
                55.24399749999999
              ],
              [
                36.9410426,
                55.2440012
              ],
              [
                36.9417323,
                55.24342769999999
              ],
              [
                36.9410473,
                55.242942
              ],
              [
                36.9392591,
                55.242849499999984
              ],
              [
                36.93880239999999,
                55.2426649
              ],
              [
                36.9375464,
                55.241947999999994
              ],
              [
                36.9372397,
                55.24139069999999
              ],
              [
                36.939890199999994,
                55.24150489999999
              ],
              [
                36.9414029,
                55.2416936
              ],
              [
                36.9449046,
                55.241414199999994
              ],
              [
                36.9467799,
                55.24139589999999
              ],
              [
                36.9494394,
                55.240237199999996
              ],
              [
                36.949802999999996,
                55.23878039999999
              ],
              [
                36.95013219999999,
                55.238261699999995
              ],
              [
                36.94893359999999,
                55.2356424
              ],
              [
                36.94903099999999,
                55.23511669999999
              ],
              [
                36.9488563,
                55.2343118
              ],
              [
                36.94779259999999,
                55.2328744
              ],
              [
                36.9459449,
                55.231378
              ],
              [
                36.945829499999995,
                55.2307229
              ],
              [
                36.9471149,
                55.22780029999999
              ],
              [
                36.949640699999996,
                55.22469559999999
              ],
              [
                36.9458962,
                55.222804499999995
              ],
              [
                36.9469775,
                55.22210529999999
              ],
              [
                36.948458699999996,
                55.22031119999999
              ],
              [
                36.9470709,
                55.218513099999996
              ],
              [
                36.94927199999999,
                55.2183446
              ],
              [
                36.9503708,
                55.21835670000001
              ],
              [
                36.9514697,
                55.2182124
              ],
              [
                36.95725929999999,
                55.216611500000006
              ],
              [
                36.9600924,
                55.2149835
              ],
              [
                36.962274799999996,
                55.2141413
              ],
              [
                36.9623803,
                55.2134141
              ],
              [
                36.9621872,
                55.21257129999999
              ],
              [
                36.9650317,
                55.21206999999999
              ],
              [
                36.9640409,
                55.2109361
              ],
              [
                36.9629503,
                55.2099642
              ],
              [
                36.9627733,
                55.20960379999998
              ],
              [
                36.9616364,
                55.2089772
              ],
              [
                36.96630439999999,
                55.20534989999999
              ],
              [
                36.96586610000001,
                55.20421170000001
              ],
              [
                36.9662318,
                55.20358599999999
              ],
              [
                36.9663012,
                55.202502199999984
              ],
              [
                36.9670967,
                55.199736599999994
              ],
              [
                36.969056599999995,
                55.19847
              ],
              [
                36.9738279,
                55.1920271
              ],
              [
                36.97502889999999,
                55.1910523
              ],
              [
                36.9752051,
                55.19034479999999
              ],
              [
                36.9757102,
                55.1895425
              ],
              [
                36.9797655,
                55.1862534
              ],
              [
                36.9806303,
                55.18609099999999
              ],
              [
                36.981068099999995,
                55.186115999999984
              ],
              [
                36.9809915,
                55.18472859999999
              ],
              [
                36.9815935,
                55.1822849
              ],
              [
                36.98261149999999,
                55.1804662
              ],
              [
                36.9834654,
                55.1807162
              ],
              [
                36.9841112,
                55.1812787
              ],
              [
                36.9844615,
                55.1812662
              ],
              [
                36.985260499999995,
                55.1808974
              ],
              [
                36.9858813,
                55.1809016
              ],
              [
                36.9876248,
                55.18114659999999
              ],
              [
                36.990263,
                55.1816912
              ],
              [
                36.9910043,
                55.1826382
              ],
              [
                36.991471,
                55.18286029999999
              ],
              [
                36.99354679999999,
                55.182797399999984
              ],
              [
                36.995164499999994,
                55.1821895
              ],
              [
                36.99584550000001,
                55.18168489999999
              ],
              [
                36.9963491,
                55.1809099
              ],
              [
                36.996359999999996,
                55.1804912
              ],
              [
                36.996668199999995,
                55.18022129999999
              ],
              [
                36.9971734,
                55.18014190000001
              ],
              [
                36.9976938,
                55.180282799999986
              ],
              [
                36.99807460000001,
                55.1806473
              ],
              [
                36.9986111,
                55.18086789999999
              ],
              [
                37.0012075,
                55.181511099999994
              ],
              [
                37.0033218,
                55.1814224
              ],
              [
                37.0060365,
                55.180841199999996
              ],
              [
                37.0065509,
                55.180603700000006
              ],
              [
                37.0069012,
                55.1807162
              ],
              [
                37.0075252,
                55.1815099
              ],
              [
                37.0082314,
                55.182831500000006
              ],
              [
                37.0103878,
                55.1833315
              ],
              [
                37.016473899999994,
                55.184019
              ],
              [
                37.01971389999999,
                55.1829503
              ],
              [
                37.0193856,
                55.182519
              ],
              [
                37.0163644,
                55.1798377
              ],
              [
                37.0142189,
                55.1773
              ],
              [
                37.0146568,
                55.176593700000005
              ],
              [
                37.0159047,
                55.1765187
              ],
              [
                37.0180939,
                55.1772688
              ],
              [
                37.01823619999999,
                55.1742308
              ],
              [
                37.0192618,
                55.172963599999996
              ],
              [
                37.0194652,
                55.17149439999999
              ],
              [
                37.01923029999999,
                55.168953699999996
              ],
              [
                37.01982019999999,
                55.167194999999985
              ],
              [
                37.0198904,
                55.1611199
              ],
              [
                37.0185474,
                55.16017719999999
              ],
              [
                37.0152269,
                55.159998599999994
              ],
              [
                37.0181058,
                55.1575885
              ],
              [
                37.0208478,
                55.15606489999999
              ],
              [
                37.0232266,
                55.15559989999999
              ],
              [
                37.0274341,
                55.1526132
              ],
              [
                37.0279371,
                55.1501468
              ],
              [
                37.0309138,
                55.14864699999999
              ],
              [
                37.0322169,
                55.148124399999986
              ],
              [
                37.03257369999999,
                55.14770299999999
              ],
              [
                37.0378396,
                55.14601569999999
              ],
              [
                37.0392054,
                55.1425215
              ],
              [
                37.041523999999995,
                55.1428498
              ],
              [
                37.04410179999999,
                55.14233969999999
              ],
              [
                37.0456319,
                55.1421745
              ],
              [
                37.0448159,
                55.143375999999996
              ],
              [
                37.064748,
                55.14427719999999
              ],
              [
                37.0643935,
                55.147119
              ],
              [
                37.11121039999999,
                55.14918699999998
              ],
              [
                37.110583399999996,
                55.15416359999998
              ],
              [
                37.1420798,
                55.15567579999999
              ],
              [
                37.1408347,
                55.16263169999999
              ],
              [
                37.1407765,
                55.16437779999999
              ],
              [
                37.15631810000001,
                55.1647621
              ],
              [
                37.1571762,
                55.1617451
              ],
              [
                37.1620628,
                55.16471829999999
              ],
              [
                37.16609609999999,
                55.16438129999999
              ],
              [
                37.16666159999999,
                55.1653771
              ],
              [
                37.169878999999995,
                55.164339299999995
              ],
              [
                37.1713388,
                55.165470799999994
              ],
              [
                37.17112769999999,
                55.17036839999999
              ],
              [
                37.1704893,
                55.1708735
              ],
              [
                37.1704185,
                55.17110829999999
              ],
              [
                37.1698061,
                55.1714461
              ],
              [
                37.1695846,
                55.1724223
              ],
              [
                37.1700468,
                55.173786199999995
              ],
              [
                37.16738749999999,
                55.1806257
              ],
              [
                37.1683554,
                55.1828375
              ],
              [
                37.1672809,
                55.18542139999999
              ],
              [
                37.17336209999999,
                55.19161359999999
              ],
              [
                37.1734088,
                55.1930112
              ],
              [
                37.174182699999996,
                55.193859299999986
              ],
              [
                37.1744385,
                55.19504369999999
              ],
              [
                37.1700604,
                55.19454139999999
              ],
              [
                37.1688774,
                55.194637300000004
              ],
              [
                37.1666677,
                55.2114437
              ],
              [
                37.167990999999994,
                55.211610400000005
              ],
              [
                37.1696084,
                55.2149628
              ],
              [
                37.1695854,
                55.2157646
              ],
              [
                37.1662744,
                55.2161455
              ],
              [
                37.163361099999996,
                55.23157869999999
              ],
              [
                37.17151359999999,
                55.231347099999994
              ],
              [
                37.1758457,
                55.2325556
              ],
              [
                37.1767703,
                55.2334634
              ],
              [
                37.178098,
                55.234287499999986
              ],
              [
                37.18487030000001,
                55.236884599999996
              ],
              [
                37.18724679999999,
                55.23645379999999
              ],
              [
                37.18900119999999,
                55.23647239999998
              ],
              [
                37.193940399999995,
                55.2348099
              ],
              [
                37.1960485,
                55.23572759999999
              ],
              [
                37.199843699999995,
                55.23771519999999
              ],
              [
                37.2048645,
                55.24163379999999
              ],
              [
                37.20416960000001,
                55.241940699999994
              ],
              [
                37.2041579,
                55.2423591
              ],
              [
                37.2034567,
                55.24234449999999
              ],
              [
                37.20353579999999,
                55.242479200000005
              ],
              [
                37.2030802,
                55.2428007
              ],
              [
                37.2023596,
                55.24273869999999
              ],
              [
                37.2023055,
                55.24285059999999
              ],
              [
                37.2026205,
                55.2429383
              ],
              [
                37.2026733,
                55.243105199999995
              ],
              [
                37.2017656,
                55.24316249999998
              ],
              [
                37.2011838,
                55.24436229999999
              ],
              [
                37.2022174,
                55.2455904
              ],
              [
                37.202806300000006,
                55.245857099999995
              ],
              [
                37.2039546,
                55.2468874
              ],
              [
                37.2039596,
                55.247651399999995
              ],
              [
                37.20422979999999,
                55.24790099999999
              ],
              [
                37.2047374,
                55.247940099999994
              ],
              [
                37.204991899999996,
                55.248307999999994
              ],
              [
                37.2052939,
                55.24844729999999
              ],
              [
                37.20594439999999,
                55.2494691
              ],
              [
                37.2068241,
                55.2494
              ],
              [
                37.2078402,
                55.24910249999999
              ],
              [
                37.2097666,
                55.25079919999999
              ],
              [
                37.212675399999995,
                55.25161609999999
              ],
              [
                37.2142064,
                55.252690799999996
              ],
              [
                37.2162311,
                55.252231699999996
              ],
              [
                37.2190046,
                55.253109499999994
              ],
              [
                37.2229805,
                55.251991399999994
              ],
              [
                37.225007,
                55.25123589999999
              ],
              [
                37.2288123,
                55.24955239999999
              ],
              [
                37.23114559999999,
                55.2491067
              ],
              [
                37.2342665,
                55.2479159
              ],
              [
                37.2348499,
                55.2476266
              ],
              [
                37.233157,
                55.245576
              ],
              [
                37.2355324,
                55.244392399999995
              ],
              [
                37.234782599999996,
                55.242765099999986
              ],
              [
                37.245515899999994,
                55.239265299999985
              ],
              [
                37.2474556,
                55.241929799999994
              ],
              [
                37.2499792,
                55.2409871
              ],
              [
                37.2512725,
                55.2399967
              ],
              [
                37.25431069999999,
                55.2403266
              ],
              [
                37.263815799999996,
                55.2401408
              ],
              [
                37.2701554,
                55.24048619999999
              ],
              [
                37.269604599999994,
                55.240721799999996
              ],
              [
                37.2744925,
                55.24461159999998
              ],
              [
                37.2768652,
                55.25158179999999
              ],
              [
                37.267884499999994,
                55.256465099999986
              ],
              [
                37.27156070000001,
                55.25882409999999
              ],
              [
                37.29102399999999,
                55.248585299999995
              ],
              [
                37.2944596,
                55.2423799
              ],
              [
                37.3029831,
                55.24290109999999
              ],
              [
                37.30699239999999,
                55.2401223
              ],
              [
                37.3052108,
                55.2381806
              ],
              [
                37.30499809999999,
                55.235807499999986
              ],
              [
                37.30504659999999,
                55.23427149999999
              ],
              [
                37.306662,
                55.2316975
              ],
              [
                37.304332599999995,
                55.23184109999999
              ],
              [
                37.29992109999999,
                55.2306084
              ],
              [
                37.30008049999999,
                55.227229499999986
              ],
              [
                37.30084670000001,
                55.2245258
              ],
              [
                37.3037796,
                55.22394560000001
              ],
              [
                37.3092767,
                55.2222374
              ],
              [
                37.3169676,
                55.220715599999984
              ],
              [
                37.31781949999999,
                55.2227216
              ],
              [
                37.316663199999994,
                55.2282851
              ],
              [
                37.320327,
                55.22863819999999
              ],
              [
                37.3268107,
                55.229014199999995
              ],
              [
                37.3333916,
                55.2286723
              ],
              [
                37.3350536,
                55.237497999999995
              ],
              [
                37.3344099,
                55.238041899999985
              ],
              [
                37.34656559999999,
                55.2384815
              ],
              [
                37.3532432,
                55.238853399999996
              ],
              [
                37.3560819,
                55.2395192
              ],
              [
                37.3631297,
                55.241585699999995
              ],
              [
                37.3851209,
                55.24680829999999
              ],
              [
                37.4003799,
                55.25009229999999
              ],
              [
                37.40531519999999,
                55.250576399999986
              ],
              [
                37.4066409,
                55.2608402
              ],
              [
                37.41162899999999,
                55.27862999999999
              ],
              [
                37.41090719999999,
                55.278740699999986
              ],
              [
                37.4128338,
                55.2822172
              ],
              [
                37.4141932,
                55.283614799999995
              ],
              [
                37.41544619999999,
                55.28649699999999
              ],
              [
                37.41522619999999,
                55.29002619999999
              ],
              [
                37.4166338,
                55.29017429999999
              ],
              [
                37.4162643,
                55.29056929999999
              ],
              [
                37.4171523,
                55.290986399999994
              ],
              [
                37.4180046,
                55.29106589999999
              ],
              [
                37.4179872,
                55.2912782
              ],
              [
                37.4178297,
                55.2914495
              ],
              [
                37.4165689,
                55.29091689999999
              ],
              [
                37.4144168,
                55.2904961
              ],
              [
                37.412018399999994,
                55.29044439999999
              ],
              [
                37.4115127,
                55.29065849999999
              ],
              [
                37.409718999999996,
                55.29017249999999
              ],
              [
                37.4085699,
                55.29190909999999
              ],
              [
                37.412161,
                55.2927919
              ],
              [
                37.4119795,
                55.2931831
              ],
              [
                37.41322999999999,
                55.2935885
              ],
              [
                37.41089819999999,
                55.2962582
              ],
              [
                37.4103055,
                55.29600949999999
              ],
              [
                37.4090998,
                55.2966664
              ],
              [
                37.408062699999995,
                55.29618669999999
              ],
              [
                37.407009699999996,
                55.29669979999999
              ],
              [
                37.40642179999999,
                55.29622689999999
              ],
              [
                37.404907699999995,
                55.29678899999999
              ],
              [
                37.4035994,
                55.29613919999999
              ],
              [
                37.40286379999999,
                55.2965262
              ],
              [
                37.4030065,
                55.29776619999999
              ],
              [
                37.40409459999999,
                55.2984537
              ],
              [
                37.404074,
                55.3004863
              ],
              [
                37.40271,
                55.300577499999996
              ],
              [
                37.39944959999999,
                55.30169119999999
              ],
              [
                37.399259699999995,
                55.3010211
              ],
              [
                37.3975224,
                55.30133099999998
              ],
              [
                37.392513,
                55.29952149999998
              ],
              [
                37.3915035,
                55.301385499999995
              ],
              [
                37.3900268,
                55.302277799999985
              ],
              [
                37.389964,
                55.302541399999996
              ],
              [
                37.391431399999995,
                55.3040634
              ],
              [
                37.39266279999999,
                55.3066182
              ],
              [
                37.395385399999995,
                55.30737429999999
              ],
              [
                37.395073599999996,
                55.30806619999999
              ],
              [
                37.3936511,
                55.3078776
              ],
              [
                37.393178,
                55.3096076
              ],
              [
                37.3914242,
                55.3095854
              ],
              [
                37.3907419,
                55.3103634
              ],
              [
                37.390443700000006,
                55.31119719999999
              ],
              [
                37.389652899999994,
                55.3111677
              ],
              [
                37.3898721,
                55.31222429999999
              ],
              [
                37.3879199,
                55.312169899999994
              ],
              [
                37.3863346,
                55.31403699999999
              ],
              [
                37.386267399999994,
                55.3145634
              ],
              [
                37.38454479999999,
                55.3154322
              ],
              [
                37.3827304,
                55.31678730000001
              ],
              [
                37.3845967,
                55.3165167
              ],
              [
                37.3894551,
                55.316283399999996
              ],
              [
                37.39440789999999,
                55.315441199999995
              ],
              [
                37.395524,
                55.3149424
              ],
              [
                37.3966906,
                55.3160378
              ],
              [
                37.4003438,
                55.3144945
              ],
              [
                37.4018094,
                55.31297579999999
              ],
              [
                37.40697839999999,
                55.31136459999999
              ],
              [
                37.4097827,
                55.309414999999994
              ],
              [
                37.4146471,
                55.31185799999999
              ],
              [
                37.4186369,
                55.3115445
              ],
              [
                37.42212709999999,
                55.31151959999998
              ],
              [
                37.4221188,
                55.31203629999999
              ],
              [
                37.4223367,
                55.3123556
              ],
              [
                37.4278176,
                55.31472689999999
              ],
              [
                37.4249141,
                55.31721759999999
              ],
              [
                37.4246914,
                55.320631199999994
              ],
              [
                37.4241039,
                55.321525399999985
              ],
              [
                37.4247546,
                55.3224923
              ],
              [
                37.4229134,
                55.32392719999999
              ],
              [
                37.4208414,
                55.32892059999999
              ],
              [
                37.4153283,
                55.330589499999995
              ],
              [
                37.4152269,
                55.331165699999985
              ],
              [
                37.41429039999999,
                55.33183789999999
              ],
              [
                37.4107281,
                55.33257429999999
              ],
              [
                37.40791479999999,
                55.3338205
              ],
              [
                37.4058534,
                55.3350078
              ],
              [
                37.405114499999996,
                55.336534099999994
              ],
              [
                37.40584049999999,
                55.33646039999999
              ],
              [
                37.408368599999996,
                55.3378688
              ],
              [
                37.4091335,
                55.33842909999999
              ],
              [
                37.4102096,
                55.3388715
              ],
              [
                37.4100281,
                55.339299200000006
              ],
              [
                37.4105726,
                55.33933599999999
              ],
              [
                37.410870800000005,
                55.339195999999994
              ],
              [
                37.4127117,
                55.34009549999999
              ],
              [
                37.4137878,
                55.340368299999994
              ],
              [
                37.41355440000001,
                55.34081059999999
              ],
              [
                37.4142545,
                55.34128989999999
              ],
              [
                37.41485089999999,
                55.3410097
              ],
              [
                37.4160047,
                55.34153319999999
              ],
              [
                37.417288199999994,
                55.3418945
              ],
              [
                37.419583,
                55.34204189999999
              ],
              [
                37.4205294,
                55.34244739999999
              ],
              [
                37.4215795,
                55.3425506
              ],
              [
                37.422863,
                55.3432068
              ],
              [
                37.422318499999996,
                55.34636939999999
              ],
              [
                37.4209183,
                55.3494581
              ],
              [
                37.419660799999996,
                55.35062279999999
              ],
              [
                37.419933,
                55.35131559999998
              ],
              [
                37.44102649999999,
                55.3519495
              ],
              [
                37.4403134,
                55.352686599999984
              ],
              [
                37.4430878,
                55.35292249999999
              ],
              [
                37.427572100000006,
                55.3646524
              ],
              [
                37.43010009999999,
                55.364701399999994
              ],
              [
                37.4299465,
                55.3650953
              ],
              [
                37.431413199999994,
                55.3671481
              ],
              [
                37.43090899999999,
                55.36738249999999
              ],
              [
                37.4312482,
                55.36763779999999
              ],
              [
                37.4293322,
                55.3688048
              ],
              [
                37.43307250000001,
                55.3694404
              ],
              [
                37.4342001,
                55.37002909999998
              ],
              [
                37.43447509999999,
                55.3707949
              ],
              [
                37.4351169,
                55.3717899
              ],
              [
                37.43530019999999,
                55.372790099999996
              ],
              [
                37.4382338,
                55.37454549999999
              ],
              [
                37.4386005,
                55.3745924
              ],
              [
                37.43988499999999,
                55.37408289999999
              ],
              [
                37.44088309999999,
                55.3740663
              ],
              [
                37.4428266,
                55.374483
              ],
              [
                37.444320899999994,
                55.3745716
              ],
              [
                37.4451276,
                55.37504559999999
              ],
              [
                37.445521799999995,
                55.37596759999998
              ],
              [
                37.4454943,
                55.377399999999994
              ],
              [
                37.4471078,
                55.3811656
              ],
              [
                37.4489963,
                55.38159789999999
              ],
              [
                37.4525711,
                55.38016659999999
              ],
              [
                37.4536979,
                55.380333199999995
              ],
              [
                37.45432129999999,
                55.3799374
              ],
              [
                37.45425709999999,
                55.37928629999998
              ],
              [
                37.4546513,
                55.3790259
              ],
              [
                37.4547796,
                55.3785363
              ],
              [
                37.4556322,
                55.37724459999999
              ],
              [
                37.4559439,
                55.37726539999999
              ],
              [
                37.455994100000005,
                55.3753045
              ],
              [
                37.4567506,
                55.374635
              ],
              [
                37.4571173,
                55.37461939999999
              ],
              [
                37.4568148,
                55.37397859999999
              ],
              [
                37.4578049,
                55.3729629
              ],
              [
                37.458327399999995,
                55.372853500000005
              ],
              [
                37.4583457,
                55.37210859999999
              ],
              [
                37.4587308,
                55.37196269999999
              ],
              [
                37.458914099999994,
                55.3713219
              ],
              [
                37.4598308,
                55.3705561
              ],
              [
                37.4600325,
                55.3702384
              ],
              [
                37.460958399999996,
                55.36973299999998
              ],
              [
                37.46217769999999,
                55.3676752
              ],
              [
                37.46546879999999,
                55.369186
              ],
              [
                37.4675039,
                55.3712907
              ],
              [
                37.4644879,
                55.3766404
              ],
              [
                37.46926979999999,
                55.3798179
              ],
              [
                37.46705279999999,
                55.3846863
              ],
              [
                37.46392829999999,
                55.38822859999999
              ],
              [
                37.4705403,
                55.3900254
              ],
              [
                37.4680511,
                55.39240379999999
              ],
              [
                37.4653933,
                55.39591589999999
              ],
              [
                37.4652118,
                55.3965933
              ],
              [
                37.4644469,
                55.39718969999999
              ],
              [
                37.4639932,
                55.398021599999986
              ],
              [
                37.4639024,
                55.39865479999999
              ],
              [
                37.468517799999994,
                55.39903759999999
              ],
              [
                37.4675195,
                55.3997002
              ],
              [
                37.46130949999999,
                55.39940570000001
              ],
              [
                37.4609465,
                55.40156999999999
              ],
              [
                37.4633838,
                55.40265219999999
              ],
              [
                37.4620614,
                55.404867900000006
              ],
              [
                37.4689586,
                55.406781699999996
              ],
              [
                37.4660092,
                55.4083704
              ],
              [
                37.4655875,
                55.40901579999999
              ],
              [
                37.46725599999999,
                55.4109414
              ],
              [
                37.46768809999999,
                55.412044699999996
              ],
              [
                37.467292699999994,
                55.412565099999995
              ],
              [
                37.4666876,
                55.412846099999996
              ],
              [
                37.4658076,
                55.4129814
              ],
              [
                37.463479099999994,
                55.4130438
              ],
              [
                37.4599771,
                55.4133144
              ],
              [
                37.45931269999999,
                55.41313629999999
              ],
              [
                37.458272,
                55.4124089
              ],
              [
                37.4561268,
                55.4122945
              ],
              [
                37.4533577,
                55.41290399999998
              ],
              [
                37.4523819,
                55.413306899999995
              ],
              [
                37.45049079999999,
                55.4147951
              ],
              [
                37.4503189,
                55.41566119999999
              ],
              [
                37.448065,
                55.41508850000001
              ],
              [
                37.4480521,
                55.4144397
              ],
              [
                37.44353600000001,
                55.413181999999985
              ],
              [
                37.44256029999999,
                55.4141316
              ],
              [
                37.4412201,
                55.41367319999999
              ],
              [
                37.4400633,
                55.41421439999999
              ],
              [
                37.43774969999999,
                55.413753799999995
              ],
              [
                37.4369281,
                55.4138807
              ],
              [
                37.4360151,
                55.41458579999999
              ],
              [
                37.4364067,
                55.4150334
              ],
              [
                37.43610259999999,
                55.4152643
              ],
              [
                37.43741519999999,
                55.4165193
              ],
              [
                37.4379355,
                55.4176063
              ],
              [
                37.4392823,
                55.418588699999994
              ],
              [
                37.4388367,
                55.4203019
              ],
              [
                37.4373215,
                55.4205793
              ],
              [
                37.4354048,
                55.42076399999999
              ],
              [
                37.4348987,
                55.4191064
              ],
              [
                37.43323689999999,
                55.41917329999999
              ],
              [
                37.4335665,
                55.4217877
              ],
              [
                37.432455999999995,
                55.42329279999999
              ],
              [
                37.4285851,
                55.424064
              ],
              [
                37.4269782,
                55.4253606
              ],
              [
                37.4289233,
                55.4263896
              ],
              [
                37.4309513,
                55.4267312
              ],
              [
                37.432232,
                55.426357700000004
              ],
              [
                37.4335436,
                55.426792299999995
              ],
              [
                37.43029349999999,
                55.42901239999999
              ],
              [
                37.4294812,
                55.428526500000004
              ],
              [
                37.42532909999999,
                55.426554
              ],
              [
                37.4249751,
                55.42660269999999
              ],
              [
                37.42576499999999,
                55.427362099999996
              ],
              [
                37.426520999999994,
                55.43239139999999
              ],
              [
                37.3866836,
                55.4344334
              ],
              [
                37.386354,
                55.437524299999986
              ],
              [
                37.386522899999996,
                55.4384364
              ],
              [
                37.3870916,
                55.438624999999995
              ],
              [
                37.38786400000001,
                55.438649399999996
              ],
              [
                37.3884791,
                55.43844939999998
              ],
              [
                37.3896677,
                55.437829099999995
              ],
              [
                37.39148079999999,
                55.43775329999999
              ],
              [
                37.3946876,
                55.43984229999999
              ],
              [
                37.3958776,
                55.44025799999999
              ],
              [
                37.3955266,
                55.440369499999996
              ],
              [
                37.4000303,
                55.444393399999996
              ],
              [
                37.3989863,
                55.445448199999994
              ],
              [
                37.3980297,
                55.44510819999999
              ],
              [
                37.3965604,
                55.44320969999999
              ],
              [
                37.3958112,
                55.4432264
              ],
              [
                37.3948177,
                55.44244189999999
              ],
              [
                37.3907715,
                55.44194199999999
              ],
              [
                37.3893875,
                55.4421428
              ],
              [
                37.389384699999994,
                55.44256699999999
              ],
              [
                37.390163,
                55.444123999999995
              ],
              [
                37.387714,
                55.44637019999999
              ],
              [
                37.3786057,
                55.44633619999999
              ],
              [
                37.3768884,
                55.44594020000001
              ],
              [
                37.37667809999999,
                55.445442
              ],
              [
                37.3735957,
                55.44539940000001
              ],
              [
                37.3713843,
                55.44786429999999
              ],
              [
                37.37271679999999,
                55.44991589999999
              ],
              [
                37.3745434,
                55.4498542
              ],
              [
                37.375765699999995,
                55.451330299999995
              ],
              [
                37.3767946,
                55.45132859999999
              ],
              [
                37.377030899999994,
                55.4518512
              ],
              [
                37.37828319999999,
                55.4516781
              ],
              [
                37.37866939999999,
                55.45211009999999
              ],
              [
                37.3799247,
                55.451787599999996
              ],
              [
                37.38026539999999,
                55.4520103
              ],
              [
                37.384474899999994,
                55.451296299999996
              ],
              [
                37.38657969999999,
                55.452323199999995
              ],
              [
                37.38790219999999,
                55.453571799999985
              ],
              [
                37.3868338,
                55.454084300000005
              ],
              [
                37.3869164,
                55.454691200000006
              ],
              [
                37.38642959999999,
                55.4550833
              ],
              [
                37.3864742,
                55.4559248
              ],
              [
                37.383637799999995,
                55.457030599999996
              ],
              [
                37.3843227,
                55.4578768
              ],
              [
                37.3852378,
                55.45728249999999
              ],
              [
                37.3876604,
                55.456686999999995
              ],
              [
                37.3887682,
                55.4571004
              ],
              [
                37.3914592,
                55.460007299999994
              ],
              [
                37.3942065,
                55.4631642
              ],
              [
                37.3924964,
                55.46412539999999
              ],
              [
                37.3918762,
                55.465656899999985
              ],
              [
                37.3910316,
                55.4666742
              ],
              [
                37.3945731,
                55.46900680000001
              ],
              [
                37.39945190000001,
                55.468489299999995
              ],
              [
                37.4027853,
                55.46849950000001
              ],
              [
                37.4003774,
                55.466989199999986
              ],
              [
                37.405076099999995,
                55.46508209999999
              ],
              [
                37.40762719999999,
                55.46508529999999
              ],
              [
                37.4112571,
                55.4629321
              ],
              [
                37.4122044,
                55.46562819999999
              ],
              [
                37.4157164,
                55.46615429999999
              ],
              [
                37.4196233,
                55.46870079999999
              ],
              [
                37.4210819,
                55.46837749999999
              ],
              [
                37.4245489,
                55.46984729999999
              ],
              [
                37.42763059999999,
                55.46945279999999
              ],
              [
                37.429091,
                55.46942070000001
              ],
              [
                37.42973599999999,
                55.47177419999999
              ],
              [
                37.428686199999994,
                55.4734458
              ],
              [
                37.42622469999999,
                55.475893
              ],
              [
                37.4271003,
                55.4762609
              ],
              [
                37.4284714,
                55.475885999999996
              ],
              [
                37.43223189999999,
                55.476230599999994
              ],
              [
                37.4345242,
                55.476838699999995
              ],
              [
                37.4388297,
                55.478712599999994
              ],
              [
                37.43899549999999,
                55.4793555
              ],
              [
                37.4391728,
                55.479488
              ],
              [
                37.4446378,
                55.4821179
              ],
              [
                37.4458409,
                55.48364939999998
              ],
              [
                37.4469127,
                55.485713100000005
              ],
              [
                37.4473873,
                55.4871037
              ],
              [
                37.4439682,
                55.48800479999999
              ],
              [
                37.4444937,
                55.4885804
              ],
              [
                37.4465721,
                55.4881238
              ],
              [
                37.447571499999995,
                55.487707099999994
              ],
              [
                37.44812189999999,
                55.4876497
              ],
              [
                37.44801609999999,
                55.4879382
              ],
              [
                37.4474941,
                55.4882321
              ],
              [
                37.446745400000005,
                55.48852309999999
              ],
              [
                37.44545049999999,
                55.488764299999985
              ],
              [
                37.44530819999999,
                55.49045829999999
              ],
              [
                37.4457991,
                55.49092
              ],
              [
                37.448812999999994,
                55.48988609999999
              ],
              [
                37.4542604,
                55.49393369999999
              ],
              [
                37.45462659999999,
                55.4940783
              ],
              [
                37.4545499,
                55.4945356
              ],
              [
                37.455262299999994,
                55.495192
              ],
              [
                37.4553653,
                55.4954545
              ],
              [
                37.45509919999999,
                55.49597959999999
              ],
              [
                37.45436109999999,
                55.496285900000004
              ],
              [
                37.453725899999995,
                55.4963686
              ],
              [
                37.4531766,
                55.496334499999996
              ],
              [
                37.4515887,
                55.49571219999999
              ],
              [
                37.450850599999995,
                55.495615
              ],
              [
                37.4501897,
                55.4956976
              ],
              [
                37.44966610000001,
                55.495921299999985
              ],
              [
                37.449219799999995,
                55.496777
              ],
              [
                37.4488851,
                55.49792439999999
              ],
              [
                37.4482383,
                55.498153699999996
              ],
              [
                37.44786799999999,
                55.498792999999985
              ],
              [
                37.4474329,
                55.49916039999999
              ],
              [
                37.447019999999995,
                55.4994423
              ],
              [
                37.44601589999999,
                55.499730099999994
              ],
              [
                37.4444505,
                55.50010739999998
              ],
              [
                37.443693599999996,
                55.5001219
              ],
              [
                37.441176999999996,
                55.501361799999984
              ],
              [
                37.441213,
                55.50188549999999
              ],
              [
                37.4408639,
                55.501988399999995
              ],
              [
                37.439108399999995,
                55.50211629999999
              ],
              [
                37.4382623,
                55.501276499999996
              ],
              [
                37.4379775,
                55.50074599999999
              ],
              [
                37.4375772,
                55.500557699999995
              ],
              [
                37.4369315,
                55.50049679999999
              ],
              [
                37.43483609999999,
                55.5010558
              ],
              [
                37.4328313,
                55.50237919999999
              ],
              [
                37.4325482,
                55.50238079999999
              ],
              [
                37.4326778,
                55.5029146
              ],
              [
                37.4329672,
                55.503212799999986
              ],
              [
                37.43274889999999,
                55.5035199
              ],
              [
                37.4322168,
                55.5037629
              ],
              [
                37.432088,
                55.5040449
              ],
              [
                37.4328167,
                55.505682799999995
              ],
              [
                37.4292307,
                55.50569539999999
              ],
              [
                37.4288698,
                55.504281899999995
              ],
              [
                37.4271541,
                55.50430459999999
              ],
              [
                37.4243073,
                55.5041516
              ],
              [
                37.42414819999999,
                55.5046543
              ],
              [
                37.4215318,
                55.504787399999984
              ],
              [
                37.4211168,
                55.5057532
              ],
              [
                37.42048069999999,
                55.5064221
              ],
              [
                37.41781989999999,
                55.506702699999984
              ],
              [
                37.41561,
                55.505890599999994
              ],
              [
                37.4151532,
                55.504801199999996
              ],
              [
                37.4158218,
                55.503458499999994
              ],
              [
                37.4167147,
                55.502382199999985
              ],
              [
                37.4182221,
                55.50178470000001
              ],
              [
                37.4178058,
                55.50112539999999
              ],
              [
                37.41499869999999,
                55.50188649999999
              ],
              [
                37.4136507,
                55.5019432
              ],
              [
                37.4099209,
                55.5011816
              ],
              [
                37.40823459999999,
                55.5005751
              ],
              [
                37.404914700000006,
                55.5016587
              ],
              [
                37.4090837,
                55.5047936
              ],
              [
                37.40984529999999,
                55.508459999999985
              ],
              [
                37.4076211,
                55.5091332
              ],
              [
                37.4064697,
                55.5097503
              ],
              [
                37.4054576,
                55.509019599999995
              ],
              [
                37.4043801,
                55.5096411
              ],
              [
                37.40531289999999,
                55.510063399999986
              ],
              [
                37.4065672,
                55.51239389999999
              ],
              [
                37.40719969999999,
                55.5129697
              ],
              [
                37.4077353,
                55.513894699999994
              ],
              [
                37.409002,
                55.5139111
              ],
              [
                37.4088694,
                55.512744799999986
              ],
              [
                37.4095993,
                55.51268160000001
              ],
              [
                37.4110847,
                55.51223099999999
              ],
              [
                37.4136498,
                55.5116461
              ],
              [
                37.41366899999999,
                55.51121859999999
              ],
              [
                37.41405699999999,
                55.5112129
              ],
              [
                37.4146307,
                55.51152619999999
              ],
              [
                37.416660199999995,
                55.511386099999996
              ],
              [
                37.416858,
                55.51240719999999
              ],
              [
                37.41500769999999,
                55.512298
              ],
              [
                37.4135057,
                55.5123952
              ],
              [
                37.412604400000006,
                55.512929799999995
              ],
              [
                37.41178909999999,
                55.515233299999984
              ],
              [
                37.411299799999995,
                55.5159525
              ],
              [
                37.4104758,
                55.516108
              ],
              [
                37.4094716,
                55.516108
              ],
              [
                37.406725,
                55.51594279999999
              ],
              [
                37.4055835,
                55.5164482
              ],
              [
                37.4050513,
                55.5168272
              ],
              [
                37.4053088,
                55.517254900000005
              ],
              [
                37.4071971,
                55.51844049999999
              ],
              [
                37.4073259,
                55.5188195
              ],
              [
                37.40711129999999,
                55.519295699999994
              ],
              [
                37.40410719999999,
                55.52107899999999
              ],
              [
                37.4032918,
                55.5212879
              ],
              [
                37.4024335,
                55.5212977
              ],
              [
                37.401189,
                55.5211276
              ],
              [
                37.3996698,
                55.520704899999984
              ],
              [
                37.3990689,
                55.5203356
              ],
              [
                37.3988055,
                55.5197675
              ],
              [
                37.3973857,
                55.520143
              ],
              [
                37.39684249999999,
                55.52058470000001
              ],
              [
                37.39654819999999,
                55.522289799999996
              ],
              [
                37.396667799999996,
                55.52334389999999
              ],
              [
                37.3965003,
                55.52657599999999
              ],
              [
                37.39522709999999,
                55.5264553
              ],
              [
                37.394292,
                55.5265723
              ],
              [
                37.3897461,
                55.52849289999999
              ],
              [
                37.3900358,
                55.53136249999999
              ],
              [
                37.390652,
                55.53295380000001
              ],
              [
                37.3913418,
                55.53413819999999
              ],
              [
                37.3921437,
                55.5351254
              ],
              [
                37.3934381,
                55.53633380000001
              ],
              [
                37.394830299999995,
                55.53723759999999
              ],
              [
                37.3968023,
                55.538309899999994
              ],
              [
                37.3994816,
                55.539277899999995
              ],
              [
                37.4122417,
                55.5444781
              ],
              [
                37.40716359999999,
                55.54841089999999
              ],
              [
                37.4080255,
                55.54957050000001
              ],
              [
                37.400746299999994,
                55.5516179
              ],
              [
                37.39894019999999,
                55.55207339999999
              ],
              [
                37.3964742,
                55.5525162
              ],
              [
                37.39220759999999,
                55.553635199999995
              ],
              [
                37.39274869999999,
                55.5546085
              ],
              [
                37.3940581,
                55.55566339999999
              ],
              [
                37.3908724,
                55.55671770000001
              ],
              [
                37.38941619999999,
                55.55683569999999
              ],
              [
                37.388877799999996,
                55.5571341
              ],
              [
                37.3885022,
                55.5575493
              ],
              [
                37.3887428,
                55.55811989999999
              ],
              [
                37.3890656,
                55.5584231
              ],
              [
                37.389036499999996,
                55.5588264
              ],
              [
                37.3874979,
                55.5591553
              ],
              [
                37.3872699,
                55.55894299999999
              ],
              [
                37.384760299999996,
                55.559875899999994
              ],
              [
                37.3845063,
                55.5602965
              ],
              [
                37.3787661,
                55.5617234
              ],
              [
                37.3784955,
                55.561167
              ],
              [
                37.376465499999995,
                55.5614836
              ],
              [
                37.3679583,
                55.555633699999994
              ],
              [
                37.3675604,
                55.553814399999986
              ],
              [
                37.36767009999999,
                55.5525386
              ],
              [
                37.36805119999999,
                55.551566999999984
              ],
              [
                37.36975489999999,
                55.5511174
              ],
              [
                37.3687282,
                55.54893559999999
              ],
              [
                37.365726,
                55.5484953
              ],
              [
                37.36487369999999,
                55.5476258
              ],
              [
                37.3578643,
                55.54948459999999
              ],
              [
                37.3567237,
                55.5487515
              ],
              [
                37.3557577,
                55.5494133
              ],
              [
                37.354078,
                55.55034119999999
              ],
              [
                37.35362159999999,
                55.550477799999996
              ],
              [
                37.35239469999999,
                55.54906969999999
              ],
              [
                37.3521295,
                55.5479897
              ],
              [
                37.351805299999995,
                55.547383800000006
              ],
              [
                37.3491813,
                55.547070299999994
              ],
              [
                37.347497999999995,
                55.547371799999986
              ],
              [
                37.34356009999999,
                55.5470448
              ],
              [
                37.3423528,
                55.546062299999996
              ],
              [
                37.3420311,
                55.5448712
              ],
              [
                37.33984259999999,
                55.54313309999999
              ],
              [
                37.3360651,
                55.5406375
              ],
              [
                37.3333116,
                55.53963669999999
              ],
              [
                37.330645,
                55.53938359999999
              ],
              [
                37.32874429999999,
                55.5399131
              ],
              [
                37.3275629,
                55.53849159999999
              ],
              [
                37.3236869,
                55.53859889999999
              ],
              [
                37.3207819,
                55.53830010000001
              ],
              [
                37.3189191,
                55.5384435
              ],
              [
                37.3180069,
                55.53943110000001
              ],
              [
                37.313656,
                55.5391211
              ],
              [
                37.3126424,
                55.54157459999998
              ],
              [
                37.31179519999999,
                55.54162769999999
              ],
              [
                37.3112101,
                55.54265040000001
              ],
              [
                37.31150349999999,
                55.54274840000001
              ],
              [
                37.3114776,
                55.543498
              ],
              [
                37.3113041,
                55.5437288
              ],
              [
                37.3045139,
                55.5424474
              ],
              [
                37.2980889,
                55.5393236
              ],
              [
                37.299732399999996,
                55.530190700000006
              ],
              [
                37.2934971,
                55.5290951
              ],
              [
                37.2840337,
                55.5256569
              ],
              [
                37.2739283,
                55.52093169999999
              ],
              [
                37.27166009999999,
                55.52217699999999
              ],
              [
                37.2703955,
                55.5190894
              ],
              [
                37.27195090000001,
                55.5185639
              ],
              [
                37.273413999999995,
                55.5175541
              ],
              [
                37.27298639999999,
                55.51608829999999
              ],
              [
                37.27242939999999,
                55.51541499999999
              ],
              [
                37.2724581,
                55.51087509999999
              ],
              [
                37.27193859999999,
                55.510213
              ],
              [
                37.27010099999999,
                55.508984899999994
              ],
              [
                37.27059189999999,
                55.508573199999994
              ],
              [
                37.2698584,
                55.50804769999999
              ],
              [
                37.26984699999999,
                55.507446399999985
              ],
              [
                37.2705632,
                55.50664079999999
              ],
              [
                37.2691672,
                55.505697999999995
              ],
              [
                37.26793589999999,
                55.5061743
              ],
              [
                37.2659748,
                55.505180499999994
              ],
              [
                37.2611978,
                55.50457609999999
              ],
              [
                37.2556509,
                55.50342379999999
              ],
              [
                37.25394980000001,
                55.5042583
              ],
              [
                37.2511332,
                55.502951499999995
              ],
              [
                37.2497086,
                55.50181489999999
              ],
              [
                37.2484927,
                55.499811699999995
              ],
              [
                37.2474888,
                55.49857369999999
              ],
              [
                37.2466151,
                55.49780989999999
              ],
              [
                37.24404369999999,
                55.4978052
              ],
              [
                37.242196,
                55.49811149999999
              ],
              [
                37.24046709999999,
                55.4991439
              ],
              [
                37.23996929999999,
                55.4992816
              ],
              [
                37.240353199999994,
                55.49872899999998
              ],
              [
                37.24159339999999,
                55.4976305
              ],
              [
                37.243444,
                55.49725999999999
              ],
              [
                37.22686219999999,
                55.495561099999996
              ],
              [
                37.2087267,
                55.4935475
              ],
              [
                37.2015317,
                55.4929483
              ],
              [
                37.19566739999999,
                55.4884719
              ],
              [
                37.18402569999999,
                55.4834696
              ],
              [
                37.1525045,
                55.48056449999999
              ],
              [
                37.1485589,
                55.47979419999999
              ],
              [
                37.1482193,
                55.47992049999999
              ],
              [
                37.1470603,
                55.48174809999998
              ],
              [
                37.1429682,
                55.48096600000001
              ],
              [
                37.14206430000001,
                55.4824008
              ],
              [
                37.1392071,
                55.4820849
              ],
              [
                37.13842859999999,
                55.4823977
              ],
              [
                37.13605539999999,
                55.4820958
              ],
              [
                37.138993,
                55.475088099999994
              ],
              [
                37.1391906,
                55.47334179999999
              ],
              [
                37.1126288,
                55.469837999999996
              ],
              [
                37.1126712,
                55.4689037
              ],
              [
                37.106518400000006,
                55.46955090000001
              ],
              [
                37.0933611,
                55.4704043
              ],
              [
                37.0922795,
                55.464917199999995
              ],
              [
                37.0954065,
                55.4631193
              ],
              [
                37.14179959999999,
                55.443080599999995
              ],
              [
                37.150093899999995,
                55.4389602
              ],
              [
                37.1495437,
                55.43847749999999
              ],
              [
                37.1488482,
                55.438176199999994
              ],
              [
                37.1483286,
                55.4381244
              ],
              [
                37.1441953,
                55.4406808
              ],
              [
                37.1437804,
                55.44113039999999
              ],
              [
                37.1413975,
                55.44265330000001
              ],
              [
                37.1358267,
                55.4406366
              ],
              [
                37.1371055,
                55.4396022
              ],
              [
                37.1357377,
                55.43816180000001
              ],
              [
                37.1339945,
                55.443159
              ],
              [
                37.1325257,
                55.442369299999996
              ],
              [
                37.1305574,
                55.4415681
              ],
              [
                37.12440779999999,
                55.4419544
              ],
              [
                37.1222734,
                55.44125379999999
              ],
              [
                37.12107180000001,
                55.440602299999995
              ],
              [
                37.11820699999999,
                55.4398839
              ],
              [
                37.1195159,
                55.43919699999999
              ],
              [
                37.1170058,
                55.4380571
              ],
              [
                37.1154697,
                55.438242999999986
              ],
              [
                37.1142592,
                55.43883859999998
              ],
              [
                37.11139479999999,
                55.43979989999999
              ],
              [
                37.1084991,
                55.4395122
              ],
              [
                37.1125655,
                55.441292399999995
              ],
              [
                37.110786100000006,
                55.44316510000001
              ],
              [
                37.107940199999994,
                55.4450667
              ],
              [
                37.110530499999996,
                55.4470498
              ],
              [
                37.1131066,
                55.448209699999985
              ],
              [
                37.1127784,
                55.4492266
              ],
              [
                37.1107738,
                55.4483991
              ],
              [
                37.099811599999995,
                55.44571019999999
              ],
              [
                37.10076399999999,
                55.445123399999986
              ],
              [
                37.097077899999995,
                55.44269349999999
              ],
              [
                37.0960453,
                55.44327680000001
              ],
              [
                37.0949555,
                55.442718899999996
              ],
              [
                37.0929157,
                55.4420672
              ],
              [
                37.0892834,
                55.441231599999995
              ],
              [
                37.0885776,
                55.442552899999995
              ],
              [
                37.0872679,
                55.4462724
              ],
              [
                37.0825219,
                55.44549229999999
              ],
              [
                37.0806183,
                55.44668479999999
              ],
              [
                37.081422499999995,
                55.4482436
              ],
              [
                37.079767,
                55.448935199999994
              ],
              [
                37.0786002,
                55.45004149999999
              ],
              [
                37.0805144,
                55.4507438
              ],
              [
                37.0803245,
                55.452698599999984
              ],
              [
                37.076789899999994,
                55.4535678
              ],
              [
                37.0726524,
                55.453679
              ],
              [
                37.05861169999999,
                55.4546905
              ],
              [
                37.0606131,
                55.4626603
              ],
              [
                37.03681859999999,
                55.464060999999994
              ],
              [
                37.0355766,
                55.45844079999999
              ],
              [
                37.035206,
                55.4583195
              ],
              [
                37.03212829999999,
                55.45595659999999
              ],
              [
                37.0200709,
                55.4567858
              ],
              [
                37.0192337,
                55.445128799999985
              ],
              [
                37.0063088,
                55.4461697
              ],
              [
                37.00464159999999,
                55.4471541
              ],
              [
                37.0034712,
                55.44959709999999
              ],
              [
                37.0055731,
                55.450519799999995
              ],
              [
                37.002084,
                55.4525958
              ],
              [
                36.99977499999999,
                55.452502
              ],
              [
                36.9988214,
                55.4536278
              ],
              [
                36.9980562,
                55.45378169999999
              ],
              [
                36.9972791,
                55.4549095
              ],
              [
                36.997598399999994,
                55.45520059999999
              ],
              [
                36.9963253,
                55.456446799999995
              ],
              [
                36.9943996,
                55.456100899999996
              ],
              [
                36.9933152,
                55.456652199999986
              ],
              [
                36.9940174,
                55.4583184
              ],
              [
                36.9895955,
                55.459224
              ],
              [
                36.989287399999995,
                55.456851199999996
              ],
              [
                36.9869341,
                55.457371599999995
              ],
              [
                36.9840096,
                55.4577873
              ],
              [
                36.9829592,
                55.454872999999985
              ],
              [
                36.9734462,
                55.455460499999994
              ],
              [
                36.9777907,
                55.493741899999996
              ],
              [
                36.9638923,
                55.494564299999986
              ],
              [
                36.962932,
                55.49436289999999
              ],
              [
                36.9542509,
                55.49509989999999
              ],
              [
                36.935057799999996,
                55.496155300000005
              ],
              [
                36.9374458,
                55.4985564
              ],
              [
                36.9380657,
                55.499001899999996
              ],
              [
                36.9369095,
                55.499480899999995
              ],
              [
                36.9352278,
                55.505233000000004
              ],
              [
                36.937967799999996,
                55.507007800000004
              ],
              [
                36.93712829999999,
                55.50827559999998
              ],
              [
                36.9377862,
                55.50946179999999
              ],
              [
                36.9360189,
                55.5090215
              ],
              [
                36.9382123,
                55.512022699999996
              ],
              [
                36.939271,
                55.5131477
              ],
              [
                36.9419815,
                55.51532929999999
              ],
              [
                36.940683099999994,
                55.516360299999995
              ],
              [
                36.9399755,
                55.51655879999999
              ],
              [
                36.93913799999999,
                55.51604050000001
              ],
              [
                36.9380928,
                55.516003799999986
              ],
              [
                36.93673269999999,
                55.516114
              ],
              [
                36.9351195,
                55.516573499999986
              ],
              [
                36.9345385,
                55.51620779999999
              ],
              [
                36.9341879,
                55.5163676
              ],
              [
                36.9335939,
                55.5159321
              ],
              [
                36.9356096,
                55.51501319999999
              ],
              [
                36.9197539,
                55.515446099999984
              ],
              [
                36.91947449999999,
                55.5058449
              ],
              [
                36.8694399,
                55.50650099999999
              ],
              [
                36.8616213,
                55.5066614
              ],
              [
                36.8565016,
                55.5068778
              ],
              [
                36.8445171,
                55.5070693
              ],
              [
                36.827875299999995,
                55.507512999999996
              ],
              [
                36.8279763,
                55.50842349999999
              ],
              [
                36.8162398,
                55.508351299999994
              ],
              [
                36.8162359,
                55.4952805
              ],
              [
                36.815916,
                55.4751375
              ],
              [
                36.8152077,
                55.4659722
              ],
              [
                36.8045117,
                55.46550799999999
              ]
            ]
          ]
        ]
      }
    }
  ]
}